"original_path","archived_path","bytes"
"doc/01_听觉时变信息处理项目总纲.md","doc/archive/pre_pub_20260919/01_听觉时变信息处理项目总纲.md","90648"
"doc/PROJECT_CHARTER.md","doc/archive/pre_pub_20260919/PROJECT_CHARTER.md","56653"
"doc/M6A_TO_M6B_EXCHANGE_CONTRACT_DRAFT.md","doc/archive/pre_pub_20260919/M6A_TO_M6B_EXCHANGE_CONTRACT_DRAFT.md","8851"
"doc/M6A-PUBLIC-001_G2_CANDIDATE_GATE.md","doc/archive/pre_pub_20260919/M6A-PUBLIC-001_G2_CANDIDATE_GATE.md","4573"
"doc/M6A-PUBLIC-001_NEURAL_TARGET_METHOD_FREEZE_CANDIDATE.md","doc/archive/pre_pub_20260919/M6A-PUBLIC-001_NEURAL_TARGET_METHOD_FREEZE_CANDIDATE.md","5489"
"doc/M6A-PUBLIC-001_NEURAL_TARGET_REDESIGN_DRAFT.md","doc/archive/pre_pub_20260919/M6A-PUBLIC-001_NEURAL_TARGET_REDESIGN_DRAFT.md","3874"
"doc/tasks/M6A-PUBLIC-001.md","doc/archive/pre_pub_20260919/tasks/M6A-PUBLIC-001.md","15415"
"doc/tasks/M6A-PUBLIC-002.md","doc/archive/pre_pub_20260919/tasks/M6A-PUBLIC-002.md","8326"
"doc/tasks/M6A-PUBLIC-003.md","doc/archive/pre_pub_20260919/tasks/M6A-PUBLIC-003.md","8800"
