dataset,item,reason,action
ds004703,sub-SD010_ses-01_task-PassiveListen__trial-0,CONTROL_NOT_PASSAGE,EXCLUDE_SEGMENT
ds004703,sub-SD010_ses-01_task-PassiveListen__trial-1,CONTROL_NOT_PASSAGE,EXCLUDE_SEGMENT
ds004703,sub-SD010_ses-01_task-PassiveListen__trial-2,CONTROL_NOT_PASSAGE,EXCLUDE_SEGMENT
ds004703,sub-SD010_ses-01_task-PassiveListen__trial-4,CONTROL_NOT_PASSAGE,EXCLUDE_SEGMENT
ds004703,sub-SD010_ses-01_task-PassiveListen__trial-5,CATALAN_PLAYED_AUDIO_PROVENANCE_CONFLICT;AUDIO_TEMPLATE_DURATION,EXCLUDE_SEGMENT
ds004703,sub-SD010_ses-01_task-PassiveListen__trial-21,CONTROL_NOT_PASSAGE,EXCLUDE_SEGMENT
ds004703,sub-SD010_ses-01_task-PassiveListen__trial-22,CATALAN_PLAYED_AUDIO_PROVENANCE_CONFLICT;AUDIO_TEMPLATE_DURATION,EXCLUDE_SEGMENT
ds004703,sub-SD010_ses-01_task-PassiveListen__trial-27,CONTROL_NOT_PASSAGE,EXCLUDE_SEGMENT
ds004703,sub-SD010_ses-01_task-PassiveListen__trial-28,CATALAN_PLAYED_AUDIO_PROVENANCE_CONFLICT;AUDIO_TEMPLATE_DURATION,EXCLUDE_SEGMENT
ds004703,sub-SD010_ses-01_task-PassiveListen__trial-33,CONTROL_NOT_PASSAGE,EXCLUDE_SEGMENT
ds004703,sub-SD010_ses-01_task-PassiveListen__trial-34,CATALAN_PLAYED_AUDIO_PROVENANCE_CONFLICT;AUDIO_TEMPLATE_DURATION,EXCLUDE_SEGMENT
ds004703,sub-SD011_ses-01_task-PassiveListen__trial-0,CONTROL_NOT_PASSAGE,EXCLUDE_SEGMENT
ds004703,sub-SD011_ses-01_task-PassiveListen__trial-1,CONTROL_NOT_PASSAGE,EXCLUDE_SEGMENT
ds004703,sub-SD011_ses-01_task-PassiveListen__trial-2,CONTROL_NOT_PASSAGE,EXCLUDE_SEGMENT
ds004703,sub-SD011_ses-01_task-PassiveListen__trial-10,CONTROL_NOT_PASSAGE,EXCLUDE_SEGMENT
ds004703,sub-SD011_ses-01_task-PassiveListen__trial-11,CATALAN_PLAYED_AUDIO_PROVENANCE_CONFLICT;AUDIO_TEMPLATE_DURATION,EXCLUDE_SEGMENT
ds004703,sub-SD011_ses-01_task-PassiveListen__trial-21,CONTROL_NOT_PASSAGE,EXCLUDE_SEGMENT
ds004703,sub-SD011_ses-01_task-PassiveListen__trial-22,CATALAN_PLAYED_AUDIO_PROVENANCE_CONFLICT;AUDIO_TEMPLATE_DURATION,EXCLUDE_SEGMENT
ds004703,sub-SD011_ses-01_task-PassiveListen__trial-29,CONTROL_NOT_PASSAGE,EXCLUDE_SEGMENT
ds004703,sub-SD011_ses-01_task-PassiveListen__trial-30,CATALAN_PLAYED_AUDIO_PROVENANCE_CONFLICT;AUDIO_TEMPLATE_DURATION,EXCLUDE_SEGMENT
ds004703,sub-SD011_ses-01_task-PassiveListen__trial-39,CONTROL_NOT_PASSAGE,EXCLUDE_SEGMENT
ds004703,sub-SD011_ses-01_task-PassiveListen__trial-40,CATALAN_PLAYED_AUDIO_PROVENANCE_CONFLICT;AUDIO_TEMPLATE_DURATION,EXCLUDE_SEGMENT
ds004703,sub-SD011_ses-01_task-PassiveListen__trial-48,CONTROL_NOT_PASSAGE,EXCLUDE_SEGMENT
ds004703,sub-SD011_ses-01_task-PassiveListen__trial-49,CATALAN_PLAYED_AUDIO_PROVENANCE_CONFLICT;AUDIO_TEMPLATE_DURATION,EXCLUDE_SEGMENT
ds004703,sub-SD011_ses-01_task-PassiveListen__trial-60,CONTROL_NOT_PASSAGE,EXCLUDE_SEGMENT
ds004703,sub-SD011_ses-01_task-PassiveListen__trial-61,CATALAN_PLAYED_AUDIO_PROVENANCE_CONFLICT;AUDIO_TEMPLATE_DURATION,EXCLUDE_SEGMENT
ds004703,sub-SD012_ses-01_task-PassiveListen__trial-0,CONTROL_NOT_PASSAGE,EXCLUDE_SEGMENT
ds004703,sub-SD012_ses-01_task-PassiveListen__trial-1,CONTROL_NOT_PASSAGE,EXCLUDE_SEGMENT
ds004703,sub-SD012_ses-01_task-PassiveListen__trial-2,CONTROL_NOT_PASSAGE,EXCLUDE_SEGMENT
ds004703,sub-SD012_ses-01_task-PassiveListen__trial-4,CONTROL_NOT_PASSAGE,EXCLUDE_SEGMENT
ds004703,sub-SD012_ses-01_task-PassiveListen__trial-5,CATALAN_PLAYED_AUDIO_PROVENANCE_CONFLICT;AUDIO_TEMPLATE_DURATION,EXCLUDE_SEGMENT
ds004703,sub-SD012_ses-02_task-PassiveListen__trial-0,CONTROL_NOT_PASSAGE,EXCLUDE_SEGMENT
ds004703,sub-SD012_ses-02_task-PassiveListen__trial-1,CONTROL_NOT_PASSAGE,EXCLUDE_SEGMENT
ds004703,sub-SD012_ses-02_task-PassiveListen__trial-2,CONTROL_NOT_PASSAGE,EXCLUDE_SEGMENT
ds004703,sub-SD012_ses-02_task-PassiveListen__trial-7,CONTROL_NOT_PASSAGE,EXCLUDE_SEGMENT
ds004703,sub-SD012_ses-02_task-PassiveListen__trial-8,CATALAN_PLAYED_AUDIO_PROVENANCE_CONFLICT;AUDIO_TEMPLATE_DURATION,EXCLUDE_SEGMENT
ds004703,sub-SD012_ses-02_task-PassiveListen__trial-13,CONTROL_NOT_PASSAGE,EXCLUDE_SEGMENT
ds004703,sub-SD012_ses-02_task-PassiveListen__trial-14,CATALAN_PLAYED_AUDIO_PROVENANCE_CONFLICT;AUDIO_TEMPLATE_DURATION,EXCLUDE_SEGMENT
ds004703,sub-SD012_ses-02_task-PassiveListen__trial-31,CONTROL_NOT_PASSAGE,EXCLUDE_SEGMENT
ds004703,sub-SD012_ses-02_task-PassiveListen__trial-32,CATALAN_PLAYED_AUDIO_PROVENANCE_CONFLICT;AUDIO_TEMPLATE_DURATION,EXCLUDE_SEGMENT
ds004703,sub-SD012_ses-02_task-PassiveListen__trial-33,CONTROL_NOT_PASSAGE,EXCLUDE_SEGMENT
ds004703,sub-SD012_ses-02_task-PassiveListen__trial-34,CATALAN_PLAYED_AUDIO_PROVENANCE_CONFLICT;AUDIO_TEMPLATE_DURATION,EXCLUDE_SEGMENT
ds004703,sub-SD012_ses-02_task-PassiveListen__trial-49,CONTROL_NOT_PASSAGE,EXCLUDE_SEGMENT
ds004703,sub-SD012_ses-02_task-PassiveListen__trial-50,CATALAN_PLAYED_AUDIO_PROVENANCE_CONFLICT;AUDIO_TEMPLATE_DURATION,EXCLUDE_SEGMENT
ds004703,sub-SD013_ses-01_task-PassiveListen__trial-0,CONTROL_NOT_PASSAGE,EXCLUDE_SEGMENT
ds004703,sub-SD013_ses-01_task-PassiveListen__trial-1,CONTROL_NOT_PASSAGE,EXCLUDE_SEGMENT
ds004703,sub-SD013_ses-01_task-PassiveListen__trial-2,CONTROL_NOT_PASSAGE,EXCLUDE_SEGMENT
ds004703,sub-SD013_ses-01_task-PassiveListen__trial-11,CATALAN_PLAYED_AUDIO_PROVENANCE_CONFLICT;AUDIO_TEMPLATE_DURATION,EXCLUDE_SEGMENT
ds004703,sub-SD013_ses-01_task-PassiveListen__trial-15,CATALAN_PLAYED_AUDIO_PROVENANCE_CONFLICT;AUDIO_TEMPLATE_DURATION,EXCLUDE_SEGMENT
ds004703,sub-SD015_ses-01_task-PassiveListen__trial-0,CONTROL_NOT_PASSAGE,EXCLUDE_SEGMENT
ds004703,sub-SD015_ses-01_task-PassiveListen__trial-1,CONTROL_NOT_PASSAGE,EXCLUDE_SEGMENT
ds004703,sub-SD015_ses-01_task-PassiveListen__trial-2,CONTROL_NOT_PASSAGE,EXCLUDE_SEGMENT
ds004703,sub-SD015_ses-01_task-PassiveListen__trial-3,CONTROL_NOT_PASSAGE,EXCLUDE_SEGMENT
ds004703,sub-SD015_ses-01_task-PassiveListen__trial-8,CONTROL_NOT_PASSAGE,EXCLUDE_SEGMENT
ds004703,sub-SD015_ses-01_task-PassiveListen__trial-9,CATALAN_PLAYED_AUDIO_PROVENANCE_CONFLICT;AUDIO_TEMPLATE_DURATION,EXCLUDE_SEGMENT
ds004703,sub-SD017_ses-01_task-PassiveListen__trial-0,CONTROL_NOT_PASSAGE,EXCLUDE_SEGMENT
ds004703,sub-SD017_ses-01_task-PassiveListen__trial-1,CONTROL_NOT_PASSAGE,EXCLUDE_SEGMENT
ds004703,sub-SD017_ses-01_task-PassiveListen__trial-2,CONTROL_NOT_PASSAGE,EXCLUDE_SEGMENT
ds004703,sub-SD017_ses-01_task-PassiveListen__trial-3,CONTROL_NOT_PASSAGE,EXCLUDE_SEGMENT
ds004703,sub-SD017_ses-01_task-PassiveListen__trial-11,CONTROL_NOT_PASSAGE,EXCLUDE_SEGMENT
ds004703,sub-SD017_ses-01_task-PassiveListen__trial-12,CATALAN_PLAYED_AUDIO_PROVENANCE_CONFLICT;AUDIO_TEMPLATE_DURATION,EXCLUDE_SEGMENT
ds004703,sub-SD017_ses-01_task-PassiveListen__trial-16,CONTROL_NOT_PASSAGE,EXCLUDE_SEGMENT
ds004703,sub-SD017_ses-01_task-PassiveListen__trial-17,CATALAN_PLAYED_AUDIO_PROVENANCE_CONFLICT;AUDIO_TEMPLATE_DURATION,EXCLUDE_SEGMENT
ds004703,sub-SD018_ses-01_task-PassiveListen__trial-0,CONTROL_NOT_PASSAGE,EXCLUDE_SEGMENT
ds004703,sub-SD018_ses-01_task-PassiveListen__trial-1,CONTROL_NOT_PASSAGE,EXCLUDE_SEGMENT
ds004703,sub-SD018_ses-01_task-PassiveListen__trial-2,CONTROL_NOT_PASSAGE,EXCLUDE_SEGMENT
ds004703,sub-SD018_ses-01_task-PassiveListen__trial-3,CONTROL_NOT_PASSAGE,EXCLUDE_SEGMENT
ds004703,sub-SD018_ses-01_task-PassiveListen__trial-9,CONTROL_NOT_PASSAGE,EXCLUDE_SEGMENT
ds004703,sub-SD018_ses-01_task-PassiveListen__trial-10,CATALAN_PLAYED_AUDIO_PROVENANCE_CONFLICT;AUDIO_TEMPLATE_DURATION,EXCLUDE_SEGMENT
ds004703,sub-SD018_ses-01_task-PassiveListen__trial-14,CONTROL_NOT_PASSAGE,EXCLUDE_SEGMENT
ds004703,sub-SD018_ses-01_task-PassiveListen__trial-15,CATALAN_PLAYED_AUDIO_PROVENANCE_CONFLICT;AUDIO_TEMPLATE_DURATION,EXCLUDE_SEGMENT
ds004703,sub-SD019_ses-01_task-PassiveListen__trial-0,CONTROL_NOT_PASSAGE,EXCLUDE_SEGMENT
ds004703,sub-SD019_ses-01_task-PassiveListen__trial-1,CONTROL_NOT_PASSAGE,EXCLUDE_SEGMENT
ds004703,sub-SD019_ses-01_task-PassiveListen__trial-2,CONTROL_NOT_PASSAGE,EXCLUDE_SEGMENT
ds004703,sub-SD019_ses-01_task-PassiveListen__trial-3,CONTROL_NOT_PASSAGE,EXCLUDE_SEGMENT
ds004703,sub-SD019_ses-01_task-PassiveListen__trial-9,CONTROL_NOT_PASSAGE,EXCLUDE_SEGMENT
ds004703,sub-SD019_ses-01_task-PassiveListen__trial-10,CATALAN_PLAYED_AUDIO_PROVENANCE_CONFLICT;AUDIO_TEMPLATE_DURATION,EXCLUDE_SEGMENT
ds004703,sub-SD019_ses-01_task-PassiveListen__trial-21,CONTROL_NOT_PASSAGE,EXCLUDE_SEGMENT
ds004703,sub-SD019_ses-01_task-PassiveListen__trial-22,CATALAN_PLAYED_AUDIO_PROVENANCE_CONFLICT;AUDIO_TEMPLATE_DURATION,EXCLUDE_SEGMENT
ds004703,sub-SD019_ses-01_task-PassiveListen__trial-26,CONTROL_NOT_PASSAGE,EXCLUDE_SEGMENT
ds004703,sub-SD019_ses-01_task-PassiveListen__trial-27,CATALAN_PLAYED_AUDIO_PROVENANCE_CONFLICT;AUDIO_TEMPLATE_DURATION,EXCLUDE_SEGMENT
ds004703,sub-SD019_ses-01_task-PassiveListen__trial-42,CONTROL_NOT_PASSAGE,EXCLUDE_SEGMENT
ds004703,sub-SD019_ses-01_task-PassiveListen__trial-43,CATALAN_PLAYED_AUDIO_PROVENANCE_CONFLICT;AUDIO_TEMPLATE_DURATION,EXCLUDE_SEGMENT
ds004703,sub-SD019_ses-01_task-PassiveListen__trial-50,CONTROL_NOT_PASSAGE,EXCLUDE_SEGMENT
ds004703,sub-SD019_ses-01_task-PassiveListen__trial-51,CATALAN_PLAYED_AUDIO_PROVENANCE_CONFLICT;AUDIO_TEMPLATE_DURATION,EXCLUDE_SEGMENT
ds004703,sub-SD019_ses-01_task-PassiveListen__trial-54,CONTROL_NOT_PASSAGE,EXCLUDE_SEGMENT
ds004703,sub-SD019_ses-01_task-PassiveListen__trial-55,CATALAN_PLAYED_AUDIO_PROVENANCE_CONFLICT;AUDIO_TEMPLATE_DURATION,EXCLUDE_SEGMENT
ds004703,sub-SD021_ses-01_task-PassiveListen__trial-0,CONTROL_NOT_PASSAGE,EXCLUDE_SEGMENT
ds004703,sub-SD021_ses-01_task-PassiveListen__trial-1,CONTROL_NOT_PASSAGE,EXCLUDE_SEGMENT
ds004703,sub-SD021_ses-01_task-PassiveListen__trial-2,CONTROL_NOT_PASSAGE,EXCLUDE_SEGMENT
ds004703,sub-SD021_ses-01_task-PassiveListen__trial-3,CONTROL_NOT_PASSAGE,EXCLUDE_SEGMENT
ds004703,sub-SD021_ses-01_task-PassiveListen__trial-11,CONTROL_NOT_PASSAGE,EXCLUDE_SEGMENT
ds004703,sub-SD021_ses-01_task-PassiveListen__trial-12,CATALAN_PLAYED_AUDIO_PROVENANCE_CONFLICT;AUDIO_TEMPLATE_DURATION,EXCLUDE_SEGMENT
ds004703,sub-SD021_ses-01_task-PassiveListen__trial-22,CONTROL_NOT_PASSAGE,EXCLUDE_SEGMENT
ds004703,sub-SD021_ses-01_task-PassiveListen__trial-23,CATALAN_PLAYED_AUDIO_PROVENANCE_CONFLICT;AUDIO_TEMPLATE_DURATION,EXCLUDE_SEGMENT
ds004703,sub-SD021_ses-01_task-PassiveListen__trial-29,CONTROL_NOT_PASSAGE,EXCLUDE_SEGMENT
ds004703,sub-SD021_ses-01_task-PassiveListen__trial-30,CATALAN_PLAYED_AUDIO_PROVENANCE_CONFLICT;AUDIO_TEMPLATE_DURATION,EXCLUDE_SEGMENT
ds004703,sub-SD021_ses-01_task-PassiveListen__trial-35,CONTROL_NOT_PASSAGE,EXCLUDE_SEGMENT
ds004703,sub-SD021_ses-01_task-PassiveListen__trial-36,CATALAN_PLAYED_AUDIO_PROVENANCE_CONFLICT;AUDIO_TEMPLATE_DURATION,EXCLUDE_SEGMENT
ds004703,sub-SD021_ses-01_task-PassiveListen__trial-52,CONTROL_NOT_PASSAGE,EXCLUDE_SEGMENT
ds004703,sub-SD021_ses-01_task-PassiveListen__trial-53,CATALAN_PLAYED_AUDIO_PROVENANCE_CONFLICT;AUDIO_TEMPLATE_DURATION,EXCLUDE_SEGMENT
ds004703,sub-SD021_ses-01_task-PassiveListen__trial-58,CONTROL_NOT_PASSAGE,EXCLUDE_SEGMENT
ds004703,sub-SD021_ses-01_task-PassiveListen__trial-59,CATALAN_PLAYED_AUDIO_PROVENANCE_CONFLICT;AUDIO_TEMPLATE_DURATION,EXCLUDE_SEGMENT
ds004703,sub-SD022_ses-01_task-PassiveListen__trial-0,CONTROL_NOT_PASSAGE,EXCLUDE_SEGMENT
ds004703,sub-SD022_ses-01_task-PassiveListen__trial-1,CONTROL_NOT_PASSAGE,EXCLUDE_SEGMENT
ds004703,sub-SD022_ses-01_task-PassiveListen__trial-2,CONTROL_NOT_PASSAGE,EXCLUDE_SEGMENT
ds004703,sub-SD022_ses-01_task-PassiveListen__trial-3,CONTROL_NOT_PASSAGE,EXCLUDE_SEGMENT
ds004703,sub-SD022_ses-01_task-PassiveListen__trial-4,CONTROL_NOT_PASSAGE,EXCLUDE_SEGMENT
ds004703,sub-SD022_ses-01_task-PassiveListen__trial-5,CATALAN_PLAYED_AUDIO_PROVENANCE_CONFLICT;AUDIO_TEMPLATE_DURATION,EXCLUDE_SEGMENT
ds004703,sub-SD022_ses-01_task-PassiveListen__trial-22,CONTROL_NOT_PASSAGE,EXCLUDE_SEGMENT
ds004703,sub-SD022_ses-01_task-PassiveListen__trial-23,CATALAN_PLAYED_AUDIO_PROVENANCE_CONFLICT;AUDIO_TEMPLATE_DURATION,EXCLUDE_SEGMENT
ds004703,sub-SD022_ses-01_task-PassiveListen__trial-27,CONTROL_NOT_PASSAGE,EXCLUDE_SEGMENT
ds004703,sub-SD022_ses-01_task-PassiveListen__trial-28,CATALAN_PLAYED_AUDIO_PROVENANCE_CONFLICT;AUDIO_TEMPLATE_DURATION,EXCLUDE_SEGMENT
ds004703,sub-SD022_ses-01_task-PassiveListen__trial-36,CONTROL_NOT_PASSAGE,EXCLUDE_SEGMENT
ds004703,sub-SD022_ses-01_task-PassiveListen__trial-37,CATALAN_PLAYED_AUDIO_PROVENANCE_CONFLICT;AUDIO_TEMPLATE_DURATION,EXCLUDE_SEGMENT
ds004703,sub-SD022_ses-01_task-PassiveListen__trial-46,CONTROL_NOT_PASSAGE,EXCLUDE_SEGMENT
ds004703,sub-SD022_ses-01_task-PassiveListen__trial-47,CATALAN_PLAYED_AUDIO_PROVENANCE_CONFLICT;AUDIO_TEMPLATE_DURATION,EXCLUDE_SEGMENT
ds004703,sub-SD022_ses-01_task-PassiveListen__trial-61,CONTROL_NOT_PASSAGE,EXCLUDE_SEGMENT
ds004703,sub-SD022_ses-01_task-PassiveListen__trial-62,CATALAN_PLAYED_AUDIO_PROVENANCE_CONFLICT;AUDIO_TEMPLATE_DURATION,EXCLUDE_SEGMENT
SparrKULee,sub-001_ses-shortstories01_task-listeningActive_run-06_desc-preproc-audio-audiobook_2_2_eeg.npy,"large tail: 2005 EEG samples; preserved advisory, not silently removed",REVIEW_FLAG
SparrKULee,sub-002_ses-shortstories01_task-listeningActive_run-05_desc-preproc-audio-audiobook_2_2_eeg.npy,"large tail: 2005 EEG samples; preserved advisory, not silently removed",REVIEW_FLAG
SparrKULee,sub-003_ses-shortstories01_task-listeningActive_run-10_desc-preproc-audio-audiobook_2_2_eeg.npy,"large tail: 2005 EEG samples; preserved advisory, not silently removed",REVIEW_FLAG
SparrKULee,sub-004_ses-shortstories01_task-listeningActive_run-02_desc-preproc-audio-audiobook_2_2_eeg.npy,"large tail: 2005 EEG samples; preserved advisory, not silently removed",REVIEW_FLAG
SparrKULee,sub-005_ses-shortstories01_task-listeningActive_run-08_desc-preproc-audio-audiobook_2_2_eeg.npy,"large tail: 2005 EEG samples; preserved advisory, not silently removed",REVIEW_FLAG
SparrKULee,sub-006_ses-shortstories01_task-listeningActive_run-10_desc-preproc-audio-audiobook_2_2_eeg.npy,"large tail: 2005 EEG samples; preserved advisory, not silently removed",REVIEW_FLAG
SparrKULee,sub-007_ses-shortstories01_task-listeningActive_run-10_desc-preproc-audio-audiobook_2_2_eeg.npy,"large tail: 2005 EEG samples; preserved advisory, not silently removed",REVIEW_FLAG
SparrKULee,sub-008_ses-shortstories01_task-listeningActive_run-10_desc-preproc-audio-audiobook_2_2_eeg.npy,"large tail: 2005 EEG samples; preserved advisory, not silently removed",REVIEW_FLAG
SparrKULee,sub-009_ses-shortstories01_task-listeningActive_run-07_desc-preproc-audio-audiobook_2_2_eeg.npy,"large tail: 2005 EEG samples; preserved advisory, not silently removed",REVIEW_FLAG
SparrKULee,sub-010_ses-shortstories01_task-listeningActive_run-02_desc-preproc-audio-audiobook_2_2_eeg.npy,"large tail: 2005 EEG samples; preserved advisory, not silently removed",REVIEW_FLAG
SparrKULee,sub-011_ses-shortstories01_task-listeningActive_run-02_desc-preproc-audio-audiobook_2_2_eeg.npy,"large tail: 2005 EEG samples; preserved advisory, not silently removed",REVIEW_FLAG
SparrKULee,sub-012_ses-shortstories01_task-listeningActive_run-06_desc-preproc-audio-audiobook_2_2_eeg.npy,"large tail: 2005 EEG samples; preserved advisory, not silently removed",REVIEW_FLAG
SparrKULee,sub-013_ses-shortstories01_task-listeningActive_run-05_desc-preproc-audio-audiobook_2_2_eeg.npy,"large tail: 2005 EEG samples; preserved advisory, not silently removed",REVIEW_FLAG
SparrKULee,sub-014_ses-shortstories01_task-listeningActive_run-05_desc-preproc-audio-audiobook_2_2_eeg.npy,"large tail: 2005 EEG samples; preserved advisory, not silently removed",REVIEW_FLAG
SparrKULee,sub-015_ses-shortstories01_task-listeningActive_run-02_desc-preproc-audio-audiobook_2_2_eeg.npy,"large tail: 2005 EEG samples; preserved advisory, not silently removed",REVIEW_FLAG
SparrKULee,sub-016_ses-shortstories01_task-listeningActive_run-10_desc-preproc-audio-audiobook_2_2_eeg.npy,"large tail: 2005 EEG samples; preserved advisory, not silently removed",REVIEW_FLAG
SparrKULee,sub-017_ses-shortstories01_task-listeningActive_run-05_desc-preproc-audio-audiobook_2_2_eeg.npy,"large tail: 2005 EEG samples; preserved advisory, not silently removed",REVIEW_FLAG
SparrKULee,sub-018_ses-shortstories01_task-listeningActive_run-10_desc-preproc-audio-audiobook_2_2_eeg.npy,"large tail: 2005 EEG samples; preserved advisory, not silently removed",REVIEW_FLAG
SparrKULee,sub-019_ses-shortstories01_task-listeningActive_run-09_desc-preproc-audio-audiobook_2_2_eeg.npy,"large tail: 2005 EEG samples; preserved advisory, not silently removed",REVIEW_FLAG
SparrKULee,sub-020_ses-shortstories01_task-listeningActive_run-06_desc-preproc-audio-audiobook_2_2_eeg.npy,"large tail: 2005 EEG samples; preserved advisory, not silently removed",REVIEW_FLAG
SparrKULee,sub-021_ses-shortstories01_task-listeningActive_run-10_desc-preproc-audio-audiobook_2_2_eeg.npy,"large tail: 2005 EEG samples; preserved advisory, not silently removed",REVIEW_FLAG
SparrKULee,sub-022_ses-shortstories01_task-listeningActive_run-04_desc-preproc-audio-audiobook_2_2_eeg.npy,"large tail: 2005 EEG samples; preserved advisory, not silently removed",REVIEW_FLAG
SparrKULee,sub-023_ses-shortstories01_task-listeningActive_run-10_desc-preproc-audio-audiobook_2_2_eeg.npy,"large tail: 2005 EEG samples; preserved advisory, not silently removed",REVIEW_FLAG
SparrKULee,sub-024_ses-shortstories01_task-listeningActive_run-07_desc-preproc-audio-audiobook_2_2_eeg.npy,"large tail: 2005 EEG samples; preserved advisory, not silently removed",REVIEW_FLAG
SparrKULee,sub-025_ses-shortstories01_task-listeningActive_run-06_desc-preproc-audio-audiobook_2_2_eeg.npy,"large tail: 2005 EEG samples; preserved advisory, not silently removed",REVIEW_FLAG
SparrKULee,sub-026_ses-shortstories01_task-listeningActive_run-07_desc-preproc-audio-audiobook_2_2_eeg.npy,"large tail: 2005 EEG samples; preserved advisory, not silently removed",REVIEW_FLAG
SparrKULee,podcast_35-1.data_dict,official served object truncated; identical independent refetch; no exact-story EEG references/envelope,EXCLUDE_ORPHAN_OBJECT
