variant,magnitude_ms,probe,metric,mean,std,n_seeds
delayed_growth,10.0,discrimination,discrimination_balanced_accuracy,0.49904414320472706,0.015410521237000267,3
delayed_growth,10.0,generalization,generalization_jitter_mae_ms,8.173757712046305,0.32326890014850534,3
delayed_growth,10.0,generalization,generalization_relative_jitter_error,0.8173757791519165,0.03232687274968817,3
delayed_growth,10.0,localization,localization_onset_mae_ms,87.62365468343098,4.352236065979994,3
delayed_growth,10.0,localization,localization_shift_recovery_mae_ms,10.018081029256185,0.027740702660532492,3
delayed_growth,20.0,discrimination,discrimination_balanced_accuracy,0.49795150265868804,0.01542761284877218,3
delayed_growth,20.0,generalization,generalization_jitter_mae_ms,18.177610397338867,0.3195296913632011,3
delayed_growth,20.0,generalization,generalization_relative_jitter_error,0.9088805119196574,0.015976484710452564,3
delayed_growth,20.0,localization,localization_onset_mae_ms,89.11445617675781,5.925627252759007,3
delayed_growth,20.0,localization,localization_shift_recovery_mae_ms,20.030012766520183,0.05231744058301107,3
delayed_growth,50.0,discrimination,discrimination_balanced_accuracy,0.4965128878172356,0.0030219538471158718,3
delayed_growth,50.0,generalization,generalization_jitter_mae_ms,48.17138671875,0.3211675234182714,3
delayed_growth,50.0,generalization,generalization_relative_jitter_error,0.963427742322286,0.006423329875861676,3
delayed_growth,50.0,localization,localization_onset_mae_ms,97.02174377441406,10.947940842631493,3
delayed_growth,50.0,localization,localization_shift_recovery_mae_ms,50.01512145996094,0.07122662787218954,3
early_downsample,10.0,discrimination,discrimination_balanced_accuracy,0.5007616185160195,0.005574635427476677,3
early_downsample,10.0,generalization,generalization_jitter_mae_ms,8.283880869547525,0.1106004638544467,3
early_downsample,10.0,generalization,generalization_relative_jitter_error,0.8283880750338236,0.011060066646133179,3
early_downsample,10.0,localization,localization_onset_mae_ms,87.48489888509114,5.3533265946613255,3
early_downsample,10.0,localization,localization_shift_recovery_mae_ms,10.560249010721842,1.110695807353863,3
early_downsample,20.0,discrimination,discrimination_balanced_accuracy,0.5072146076576368,0.01012835838211896,3
early_downsample,20.0,generalization,generalization_jitter_mae_ms,18.283161799112957,0.10435147105539518,3
early_downsample,20.0,generalization,generalization_relative_jitter_error,0.9141581058502197,0.005217571929876914,3
early_downsample,20.0,localization,localization_onset_mae_ms,89.06854248046875,6.733792330954661,3
early_downsample,20.0,localization,localization_shift_recovery_mae_ms,19.997226079305012,0.007001815348103859,3
early_downsample,50.0,discrimination,discrimination_balanced_accuracy,0.4999821956343696,0.014210191432536488,3
early_downsample,50.0,generalization,generalization_jitter_mae_ms,48.2754872639974,0.1084910634368237,3
early_downsample,50.0,generalization,generalization_relative_jitter_error,0.9655097524325053,0.0021698006529091264,3
early_downsample,50.0,localization,localization_onset_mae_ms,96.74716695149739,12.241607408911658,3
early_downsample,50.0,localization,localization_shift_recovery_mae_ms,50.06411997477213,1.2608063527046212,3
event_baseline,10.0,discrimination,discrimination_balanced_accuracy,0.49727044102312457,0.014410380733379446,3
event_baseline,10.0,generalization,generalization_jitter_mae_ms,8.147086143493652,0.2864805731090827,3
event_baseline,10.0,generalization,generalization_relative_jitter_error,0.8147086103757223,0.028648072278291303,3
event_baseline,10.0,localization,localization_onset_mae_ms,86.35102081298828,1.6194960276344463,3
event_baseline,10.0,localization,localization_shift_recovery_mae_ms,10.015527725219727,0.020839899488193734,3
event_baseline,20.0,discrimination,discrimination_balanced_accuracy,0.49336994477517804,0.0086665567774502,3
event_baseline,20.0,generalization,generalization_jitter_mae_ms,18.151346842447918,0.2801345796942663,3
event_baseline,20.0,generalization,generalization_relative_jitter_error,0.9075673421223959,0.014006721768842196,3
event_baseline,20.0,localization,localization_onset_mae_ms,87.59687805175781,2.4666979270871114,3
event_baseline,20.0,localization,localization_shift_recovery_mae_ms,20.028785705566406,0.04661530777110335,3
event_baseline,50.0,discrimination,discrimination_balanced_accuracy,0.49781769346986743,0.00579547547813518,3
event_baseline,50.0,generalization,generalization_jitter_mae_ms,48.146096547444664,0.28596215618796855,3
event_baseline,50.0,generalization,generalization_relative_jitter_error,0.962921937306722,0.005719234290295013,3
event_baseline,50.0,localization,localization_onset_mae_ms,95.10357666015625,5.2131320757696615,3
event_baseline,50.0,localization,localization_shift_recovery_mae_ms,50.02694193522135,0.06367602980793577,3
explicit_change,10.0,discrimination,discrimination_balanced_accuracy,0.49426997076202744,0.013668027877506775,3
explicit_change,10.0,generalization,generalization_jitter_mae_ms,8.033939997355143,0.060970260051801256,3
explicit_change,10.0,generalization,generalization_relative_jitter_error,0.8033939997355143,0.006097022107489261,3
explicit_change,10.0,localization,localization_onset_mae_ms,85.35469818115234,0.36156681302664556,3
explicit_change,10.0,localization,localization_shift_recovery_mae_ms,9.997429847717285,0.006926973400813225,3
explicit_change,20.0,discrimination,discrimination_balanced_accuracy,0.4987103952907636,0.011985477931481357,3
explicit_change,20.0,generalization,generalization_jitter_mae_ms,18.033362070719402,0.05717610593145229,3
explicit_change,20.0,generalization,generalization_relative_jitter_error,0.901668111483256,0.0028587908744691646,3
explicit_change,20.0,localization,localization_onset_mae_ms,86.09204610188802,0.6095844809272477,3
explicit_change,20.0,localization,localization_shift_recovery_mae_ms,19.9982852935791,0.007459276678644445,3
explicit_change,50.0,discrimination,discrimination_balanced_accuracy,0.5001831306179132,0.010615130215802562,3
explicit_change,50.0,generalization,generalization_jitter_mae_ms,48.03406778971354,0.062100046755198805,3
explicit_change,50.0,generalization,generalization_relative_jitter_error,0.9606813391049703,0.0012420009130050837,3
explicit_change,50.0,localization,localization_onset_mae_ms,91.83026885986328,1.8740441249653024,3
explicit_change,50.0,localization,localization_shift_recovery_mae_ms,49.99417622884115,0.007568203952690613,3
exponential_growth,10.0,discrimination,discrimination_balanced_accuracy,0.5041352307346296,0.023778272245967954,3
exponential_growth,10.0,generalization,generalization_jitter_mae_ms,8.168460369110107,0.16347607599447214,3
exponential_growth,10.0,generalization,generalization_relative_jitter_error,0.8168460528055826,0.01634760076948463,3
exponential_growth,10.0,localization,localization_onset_mae_ms,87.97546641031902,2.9060247973993127,3
exponential_growth,10.0,localization,localization_shift_recovery_mae_ms,10.020696004231771,0.041115877469429005,3
exponential_growth,20.0,discrimination,discrimination_balanced_accuracy,0.4899369811456202,0.004046422413279665,3
exponential_growth,20.0,generalization,generalization_jitter_mae_ms,18.172868092854817,0.16235190015556192,3
exponential_growth,20.0,generalization,generalization_relative_jitter_error,0.9086434046427408,0.00811758568542986,3
exponential_growth,20.0,localization,localization_onset_mae_ms,89.88592783610027,3.3059575036675573,3
exponential_growth,20.0,localization,localization_shift_recovery_mae_ms,20.010623296101887,0.031060974624873436,3
exponential_growth,50.0,discrimination,discrimination_balanced_accuracy,0.5112421851552287,0.017195537333641445,3
exponential_growth,50.0,generalization,generalization_jitter_mae_ms,48.17178726196289,0.16205632119180738,3
exponential_growth,50.0,generalization,generalization_relative_jitter_error,0.9634357492129008,0.00324111708917356,3
exponential_growth,50.0,localization,localization_onset_mae_ms,99.25012461344402,4.2598974954227815,3
exponential_growth,50.0,localization,localization_shift_recovery_mae_ms,50.059959411621094,0.1364697411134626,3
kernel_15,10.0,discrimination,discrimination_balanced_accuracy,0.49740334089840316,0.003716998891156928,3
kernel_15,10.0,generalization,generalization_jitter_mae_ms,8.212639490763346,0.16373152183988604,3
kernel_15,10.0,generalization,generalization_relative_jitter_error,0.8212639490763346,0.016373169082124356,3
kernel_15,10.0,localization,localization_onset_mae_ms,93.21108754475911,8.182151420307026,3
kernel_15,10.0,localization,localization_shift_recovery_mae_ms,10.005828857421875,0.015655635828413735,3
kernel_15,20.0,discrimination,discrimination_balanced_accuracy,0.49906420334220414,0.002283065509236295,3
kernel_15,20.0,generalization,generalization_jitter_mae_ms,18.208263397216797,0.16924254566312047,3
kernel_15,20.0,generalization,generalization_relative_jitter_error,0.9104131658871969,0.008462145078130609,3
kernel_15,20.0,localization,localization_onset_mae_ms,96.05511220296223,8.923024841834485,3
kernel_15,20.0,localization,localization_shift_recovery_mae_ms,19.997170130411785,0.018298288288376773,3
kernel_15,50.0,discrimination,discrimination_balanced_accuracy,0.5003662612358265,0.006211653493583145,3
kernel_15,50.0,generalization,generalization_jitter_mae_ms,48.21227773030599,0.17101209545161902,3
kernel_15,50.0,generalization,generalization_relative_jitter_error,0.9642455577850342,0.0034202264984620288,3
kernel_15,50.0,localization,localization_onset_mae_ms,108.41859181722005,11.318921163521978,3
kernel_15,50.0,localization,localization_shift_recovery_mae_ms,50.07127888997396,0.04158386377649437,3
kernel_3,10.0,discrimination,discrimination_balanced_accuracy,0.49727044102312457,0.014410380733379446,3
kernel_3,10.0,generalization,generalization_jitter_mae_ms,8.147086143493652,0.2864805731090827,3
kernel_3,10.0,generalization,generalization_relative_jitter_error,0.8147086103757223,0.028648072278291303,3
kernel_3,10.0,localization,localization_onset_mae_ms,86.35102081298828,1.6194960276344463,3
kernel_3,10.0,localization,localization_shift_recovery_mae_ms,10.015527725219727,0.020839899488193734,3
kernel_3,20.0,discrimination,discrimination_balanced_accuracy,0.49336994477517804,0.0086665567774502,3
kernel_3,20.0,generalization,generalization_jitter_mae_ms,18.151346842447918,0.2801345796942663,3
kernel_3,20.0,generalization,generalization_relative_jitter_error,0.9075673421223959,0.014006721768842196,3
kernel_3,20.0,localization,localization_onset_mae_ms,87.59687805175781,2.4666979270871114,3
kernel_3,20.0,localization,localization_shift_recovery_mae_ms,20.028785705566406,0.04661530777110335,3
kernel_3,50.0,discrimination,discrimination_balanced_accuracy,0.49781769346986743,0.00579547547813518,3
kernel_3,50.0,generalization,generalization_jitter_mae_ms,48.146096547444664,0.28596215618796855,3
kernel_3,50.0,generalization,generalization_relative_jitter_error,0.962921937306722,0.005719234290295013,3
kernel_3,50.0,localization,localization_onset_mae_ms,95.10357666015625,5.2131320757696615,3
kernel_3,50.0,localization,localization_shift_recovery_mae_ms,50.02694193522135,0.06367602980793577,3
kernel_31,10.0,discrimination,discrimination_balanced_accuracy,0.4983898668956634,0.0028287663263773214,3
kernel_31,10.0,generalization,generalization_jitter_mae_ms,7.9993789990743,0.11296113662275732,3
kernel_31,10.0,generalization,generalization_relative_jitter_error,0.799937923749288,0.01129611366227573,3
kernel_31,10.0,localization,localization_onset_mae_ms,85.31939442952473,0.7955469488314578,3
kernel_31,10.0,localization,localization_shift_recovery_mae_ms,9.928369839986166,0.06568236031587389,3
kernel_31,20.0,discrimination,discrimination_balanced_accuracy,0.5073504904600017,0.012791418913145615,3
kernel_31,20.0,generalization,generalization_jitter_mae_ms,17.95787747701009,0.18482096948606733,3
kernel_31,20.0,generalization,generalization_relative_jitter_error,0.8978938857714335,0.009241048474303366,3
kernel_31,20.0,localization,localization_onset_mae_ms,85.64127349853516,0.6835351117137459,3
kernel_31,20.0,localization,localization_shift_recovery_mae_ms,20.053470611572266,0.08141195054694028,3
kernel_31,50.0,discrimination,discrimination_balanced_accuracy,0.49690712734190995,0.0026820254328455734,3
kernel_31,50.0,generalization,generalization_jitter_mae_ms,47.933615366617836,0.21776808589046134,3
kernel_31,50.0,generalization,generalization_relative_jitter_error,0.958672304948171,0.0043553341083476796,3
kernel_31,50.0,localization,localization_onset_mae_ms,90.59981282552083,5.303141791812147,3
kernel_31,50.0,localization,localization_shift_recovery_mae_ms,50.610107421875,0.659915531715762,3
kernel_7,10.0,discrimination,discrimination_balanced_accuracy,0.49657016091107975,0.023230915046685906,3
kernel_7,10.0,generalization,generalization_jitter_mae_ms,8.011579354604086,0.3009579792198415,3
kernel_7,10.0,generalization,generalization_relative_jitter_error,0.8011579314867655,0.03009581382732949,3
kernel_7,10.0,localization,localization_onset_mae_ms,86.03253428141277,1.0135641464078022,3
kernel_7,10.0,localization,localization_shift_recovery_mae_ms,9.999643007914225,0.022157591373068445,3
kernel_7,20.0,discrimination,discrimination_balanced_accuracy,0.49615682413688783,0.007906924350137836,3
kernel_7,20.0,generalization,generalization_jitter_mae_ms,18.002344131469727,0.29967756423094194,3
kernel_7,20.0,generalization,generalization_relative_jitter_error,0.9001171986262003,0.014983877563377055,3
kernel_7,20.0,localization,localization_onset_mae_ms,87.2899678548177,1.413862248325051,3
kernel_7,20.0,localization,localization_shift_recovery_mae_ms,19.99073600769043,0.02191040547393858,3
kernel_7,50.0,discrimination,discrimination_balanced_accuracy,0.48357674444630966,0.015024405699295022,3
kernel_7,50.0,generalization,generalization_jitter_mae_ms,48.01753362019857,0.30264038374445623,3
kernel_7,50.0,generalization,generalization_relative_jitter_error,0.9603506724039713,0.006052790259584655,3
kernel_7,50.0,localization,localization_onset_mae_ms,94.9800516764323,2.5397961851898705,3
kernel_7,50.0,localization,localization_shift_recovery_mae_ms,49.99799346923828,0.26517135216531207,3
late_downsample,10.0,discrimination,discrimination_balanced_accuracy,0.47836287799791455,0.017875067574675906,3
late_downsample,10.0,generalization,generalization_jitter_mae_ms,7.990505536397298,0.2194297893730895,3
late_downsample,10.0,generalization,generalization_relative_jitter_error,0.7990505695343018,0.021942977872995213,3
late_downsample,10.0,localization,localization_onset_mae_ms,88.76124318440755,5.611657824414495,3
late_downsample,10.0,localization,localization_shift_recovery_mae_ms,10.64386781056722,2.4911385283931216,3
late_downsample,20.0,discrimination,discrimination_balanced_accuracy,0.5079735002897124,0.00464336293993931,3
late_downsample,20.0,generalization,generalization_jitter_mae_ms,18.006720860799152,0.2033858990749308,3
late_downsample,20.0,generalization,generalization_relative_jitter_error,0.9003360470136007,0.010169281332876624,3
late_downsample,20.0,localization,localization_onset_mae_ms,90.35656483968098,6.758864016679195,3
late_downsample,20.0,localization,localization_shift_recovery_mae_ms,20.00326919555664,0.011969346255735626,3
late_downsample,50.0,discrimination,discrimination_balanced_accuracy,0.48396589700937537,0.0055450658292976775,3
late_downsample,50.0,generalization,generalization_jitter_mae_ms,47.98758188883463,0.22151074019757738,3
late_downsample,50.0,generalization,generalization_relative_jitter_error,0.9597516457239786,0.004430222275562474,3
late_downsample,50.0,localization,localization_onset_mae_ms,99.6641133626302,13.05253033823628,3
late_downsample,50.0,localization,localization_shift_recovery_mae_ms,49.643280029296875,2.253597298661767,3
ordinary_second_branch,10.0,discrimination,discrimination_balanced_accuracy,0.48795211515263043,0.01309943274575607,3
ordinary_second_branch,10.0,generalization,generalization_jitter_mae_ms,8.005667209625244,0.04223606835787832,3
ordinary_second_branch,10.0,generalization,generalization_relative_jitter_error,0.8005667130152384,0.004223600955332646,3
ordinary_second_branch,10.0,localization,localization_onset_mae_ms,85.0708999633789,0.05736152705746758,3
ordinary_second_branch,10.0,localization,localization_shift_recovery_mae_ms,9.999759674072266,0.003936639703292812,3
ordinary_second_branch,20.0,discrimination,discrimination_balanced_accuracy,0.5053045569451494,0.0079872239118126,3
ordinary_second_branch,20.0,generalization,generalization_jitter_mae_ms,18.003307342529297,0.03685891475415161,3
ordinary_second_branch,20.0,generalization,generalization_relative_jitter_error,0.9001653591791788,0.001842932707486809,3
ordinary_second_branch,20.0,localization,localization_onset_mae_ms,85.59320322672527,0.0704806755131474,3
ordinary_second_branch,20.0,localization,localization_shift_recovery_mae_ms,19.99695587158203,0.00782158698477462,3
ordinary_second_branch,50.0,discrimination,discrimination_balanced_accuracy,0.49390073303116777,0.007388259679991198,3
ordinary_second_branch,50.0,generalization,generalization_jitter_mae_ms,48.006465911865234,0.04338305735816299,3
ordinary_second_branch,50.0,generalization,generalization_relative_jitter_error,0.9601293007532755,0.0008676631768485394,3
ordinary_second_branch,50.0,localization,localization_onset_mae_ms,90.37981414794922,0.20271888368350804,3
ordinary_second_branch,50.0,localization,localization_shift_recovery_mae_ms,50.01807403564453,0.03565565272150898,3
parallel_multiscale,10.0,discrimination,discrimination_balanced_accuracy,0.5,0.0,3
parallel_multiscale,10.0,generalization,generalization_jitter_mae_ms,8.027125676472982,0.12712664424090014,3
parallel_multiscale,10.0,generalization,generalization_relative_jitter_error,0.8027125597000122,0.012712665695078198,3
parallel_multiscale,10.0,localization,localization_onset_mae_ms,85.3168207804362,0.4985489702280172,3
parallel_multiscale,10.0,localization,localization_shift_recovery_mae_ms,9.99933942159017,0.0007277636946625302,3
parallel_multiscale,20.0,discrimination,discrimination_balanced_accuracy,0.5,0.0,3
parallel_multiscale,20.0,generalization,generalization_jitter_mae_ms,18.02712122599284,0.12712585552268701,3
parallel_multiscale,20.0,generalization,generalization_relative_jitter_error,0.901356061299642,0.006356274017424006,3
parallel_multiscale,20.0,localization,localization_onset_mae_ms,86.03909810384114,0.8492086552906911,3
parallel_multiscale,20.0,localization,localization_shift_recovery_mae_ms,19.99926249186198,0.0007147910409939234,3
parallel_multiscale,50.0,discrimination,discrimination_balanced_accuracy,0.5,0.0,3
parallel_multiscale,50.0,generalization,generalization_jitter_mae_ms,48.02713139851888,0.12716287386236597,3
parallel_multiscale,50.0,generalization,generalization_relative_jitter_error,0.960542639096578,0.0025432412187033127,3
parallel_multiscale,50.0,localization,localization_onset_mae_ms,91.7289555867513,2.5624588722416917,3
parallel_multiscale,50.0,localization,localization_shift_recovery_mae_ms,49.99991353352865,0.000881965377583231,3
rf_dilation_decoupled,10.0,discrimination,discrimination_balanced_accuracy,0.5041352307346296,0.023778272245967954,3
rf_dilation_decoupled,10.0,generalization,generalization_jitter_mae_ms,8.168460369110107,0.16347607599447214,3
rf_dilation_decoupled,10.0,generalization,generalization_relative_jitter_error,0.8168460528055826,0.01634760076948463,3
rf_dilation_decoupled,10.0,localization,localization_onset_mae_ms,87.97546641031902,2.9060247973993127,3
rf_dilation_decoupled,10.0,localization,localization_shift_recovery_mae_ms,10.020696004231771,0.041115877469429005,3
rf_dilation_decoupled,20.0,discrimination,discrimination_balanced_accuracy,0.4899369811456202,0.004046422413279665,3
rf_dilation_decoupled,20.0,generalization,generalization_jitter_mae_ms,18.172868092854817,0.16235190015556192,3
rf_dilation_decoupled,20.0,generalization,generalization_relative_jitter_error,0.9086434046427408,0.00811758568542986,3
rf_dilation_decoupled,20.0,localization,localization_onset_mae_ms,89.88592783610027,3.3059575036675573,3
rf_dilation_decoupled,20.0,localization,localization_shift_recovery_mae_ms,20.010623296101887,0.031060974624873436,3
rf_dilation_decoupled,50.0,discrimination,discrimination_balanced_accuracy,0.5112421851552287,0.017195537333641445,3
rf_dilation_decoupled,50.0,generalization,generalization_jitter_mae_ms,48.17178726196289,0.16205632119180738,3
rf_dilation_decoupled,50.0,generalization,generalization_relative_jitter_error,0.9634357492129008,0.00324111708917356,3
rf_dilation_decoupled,50.0,localization,localization_onset_mae_ms,99.25012461344402,4.2598974954227815,3
rf_dilation_decoupled,50.0,localization,localization_shift_recovery_mae_ms,50.059959411621094,0.1364697411134626,3
rf_stride_coupled,10.0,discrimination,discrimination_balanced_accuracy,0.4904363205136069,0.02677625230841734,3
rf_stride_coupled,10.0,generalization,generalization_jitter_mae_ms,8.165561358133951,0.07912107468365052,3
rf_stride_coupled,10.0,generalization,generalization_relative_jitter_error,0.8165561358133951,0.007912091909507212,3
rf_stride_coupled,10.0,localization,localization_onset_mae_ms,89.61113739013672,7.730837459165205,3
rf_stride_coupled,10.0,localization,localization_shift_recovery_mae_ms,10.114984512329102,0.34349377655011426,3
rf_stride_coupled,20.0,discrimination,discrimination_balanced_accuracy,0.49831300218950775,0.008980224071156838,3
rf_stride_coupled,20.0,generalization,generalization_jitter_mae_ms,18.175919850667317,0.06696492453274094,3
rf_stride_coupled,20.0,generalization,generalization_relative_jitter_error,0.9087959925333658,0.003348262025187544,3
rf_stride_coupled,20.0,localization,localization_onset_mae_ms,91.86727396647136,8.654697688947103,3
rf_stride_coupled,20.0,localization,localization_shift_recovery_mae_ms,20.002588907877605,0.012162476729115069,3
rf_stride_coupled,50.0,discrimination,discrimination_balanced_accuracy,0.49245349245349246,0.011818520783268036,3
rf_stride_coupled,50.0,generalization,generalization_jitter_mae_ms,48.16623560587565,0.07127497413527402,3
rf_stride_coupled,50.0,generalization,generalization_relative_jitter_error,0.9633247256278992,0.0014254960749455173,3
rf_stride_coupled,50.0,localization,localization_onset_mae_ms,101.66543579101562,12.299378655099718,3
rf_stride_coupled,50.0,localization,localization_shift_recovery_mae_ms,49.787821451822914,0.07312722176907578,3
uniform_local,10.0,discrimination,discrimination_balanced_accuracy,0.49727044102312457,0.014410380733379446,3
uniform_local,10.0,generalization,generalization_jitter_mae_ms,8.147086143493652,0.2864805731090827,3
uniform_local,10.0,generalization,generalization_relative_jitter_error,0.8147086103757223,0.028648072278291303,3
uniform_local,10.0,localization,localization_onset_mae_ms,86.35102081298828,1.6194960276344463,3
uniform_local,10.0,localization,localization_shift_recovery_mae_ms,10.015527725219727,0.020839899488193734,3
uniform_local,20.0,discrimination,discrimination_balanced_accuracy,0.49336994477517804,0.0086665567774502,3
uniform_local,20.0,generalization,generalization_jitter_mae_ms,18.151346842447918,0.2801345796942663,3
uniform_local,20.0,generalization,generalization_relative_jitter_error,0.9075673421223959,0.014006721768842196,3
uniform_local,20.0,localization,localization_onset_mae_ms,87.59687805175781,2.4666979270871114,3
uniform_local,20.0,localization,localization_shift_recovery_mae_ms,20.028785705566406,0.04661530777110335,3
uniform_local,50.0,discrimination,discrimination_balanced_accuracy,0.49781769346986743,0.00579547547813518,3
uniform_local,50.0,generalization,generalization_jitter_mae_ms,48.146096547444664,0.28596215618796855,3
uniform_local,50.0,generalization,generalization_relative_jitter_error,0.962921937306722,0.005719234290295013,3
uniform_local,50.0,localization,localization_onset_mae_ms,95.10357666015625,5.2131320757696615,3
uniform_local,50.0,localization,localization_shift_recovery_mae_ms,50.02694193522135,0.06367602980793577,3
