variant,seed,epoch,train_loss,validation_loss,status
early_downsample,11,1,4.1568135768175125,3.9079588055610657,PASS
early_downsample,11,2,3.8529906570911407,3.834019422531128,PASS
early_downsample,11,3,3.823878437280655,3.835667669773102,PASS
early_downsample,11,4,3.819790869951248,3.8319079875946045,PASS
early_downsample,11,5,3.8112532198429108,3.8120965361595154,PASS
early_downsample,11,6,3.7681913673877716,3.811175048351288,PASS
early_downsample,11,7,3.706743538379669,3.7526814937591553,PASS
early_downsample,11,8,3.606865704059601,3.6433001160621643,PASS
early_downsample,22,1,4.155964657664299,3.9464829564094543,PASS
early_downsample,22,2,3.8488826602697372,3.8378416299819946,PASS
early_downsample,22,3,3.8196671456098557,3.8406010270118713,PASS
early_downsample,22,4,3.8115407675504684,3.810474991798401,PASS
early_downsample,22,5,3.7576299607753754,3.764396369457245,PASS
early_downsample,22,6,3.6747687309980392,3.8054877519607544,PASS
early_downsample,22,7,3.6447446197271347,3.6957868933677673,PASS
early_downsample,22,8,3.576228216290474,3.5613641142845154,PASS
early_downsample,33,1,4.1574511379003525,3.9174379110336304,PASS
early_downsample,33,2,3.8551240861415863,3.830568552017212,PASS
early_downsample,33,3,3.817235767841339,3.8418291211128235,PASS
early_downsample,33,4,3.7889805734157562,3.8071348667144775,PASS
early_downsample,33,5,3.7072359323501587,3.702922821044922,PASS
early_downsample,33,6,3.617191895842552,3.6391273140907288,PASS
early_downsample,33,7,3.524587109684944,3.616023898124695,PASS
early_downsample,33,8,3.475823298096657,3.4858522415161133,PASS
late_downsample,11,1,4.129501476883888,3.8937705159187317,PASS
late_downsample,11,2,3.850146248936653,3.843341112136841,PASS
late_downsample,11,3,3.82407346367836,3.837352454662323,PASS
late_downsample,11,4,3.8030199259519577,3.7789196968078613,PASS
late_downsample,11,5,3.7244337052106857,3.710650324821472,PASS
late_downsample,11,6,3.598129153251648,3.6937330961227417,PASS
late_downsample,11,7,3.5289530903100967,3.6072463989257812,PASS
late_downsample,11,8,3.487937331199646,3.654396414756775,PASS
late_downsample,22,1,4.1462200582027435,3.9017953872680664,PASS
late_downsample,22,2,3.845813289284706,3.839635670185089,PASS
late_downsample,22,3,3.821563199162483,3.854172945022583,PASS
late_downsample,22,4,3.8211208432912827,3.819813847541809,PASS
late_downsample,22,5,3.791601687669754,3.806688666343689,PASS
late_downsample,22,6,3.7255910336971283,3.707461178302765,PASS
late_downsample,22,7,3.6338141560554504,3.784384310245514,PASS
late_downsample,22,8,3.576350823044777,3.5882577300071716,PASS
late_downsample,33,1,4.1446096152067184,3.9363250732421875,PASS
late_downsample,33,2,3.849791094660759,3.8276233673095703,PASS
late_downsample,33,3,3.8204203695058823,3.8529539108276367,PASS
late_downsample,33,4,3.82490012049675,3.842065989971161,PASS
late_downsample,33,5,3.807827666401863,3.787881016731262,PASS
late_downsample,33,6,3.7220543026924133,3.736010730266571,PASS
late_downsample,33,7,3.6157431602478027,3.6750581860542297,PASS
late_downsample,33,8,3.5347423553466797,3.5675490498542786,PASS
uniform_local,11,1,4.054251566529274,3.9026954770088196,PASS
uniform_local,11,2,3.8531278371810913,3.841472327709198,PASS
uniform_local,11,3,3.8279475569725037,3.8356894850730896,PASS
uniform_local,11,4,3.8237268775701523,3.8392043709754944,PASS
uniform_local,11,5,3.8197293281555176,3.8323904871940613,PASS
uniform_local,11,6,3.819432571530342,3.8359248638153076,PASS
uniform_local,11,7,3.818754643201828,3.832513213157654,PASS
uniform_local,11,8,3.815773084759712,3.8318270444869995,PASS
uniform_local,22,1,4.15005649626255,3.9588904976844788,PASS
uniform_local,22,2,3.882687881588936,3.8548988103866577,PASS
uniform_local,22,3,3.8296851068735123,3.8545063734054565,PASS
uniform_local,22,4,3.8221502900123596,3.820063054561615,PASS
uniform_local,22,5,3.7977007627487183,3.797689378261566,PASS
uniform_local,22,6,3.7356343120336533,3.7109707593917847,PASS
uniform_local,22,7,3.6446385979652405,3.756953239440918,PASS
uniform_local,22,8,3.5640131384134293,3.5804068446159363,PASS
uniform_local,33,1,4.026570752263069,3.8708556294441223,PASS
uniform_local,33,2,3.8510547280311584,3.8302180767059326,PASS
uniform_local,33,3,3.816371366381645,3.822229564189911,PASS
uniform_local,33,4,3.7790664583444595,3.7655746936798096,PASS
uniform_local,33,5,3.6811813414096832,3.678511083126068,PASS
uniform_local,33,6,3.597861811518669,3.619282364845276,PASS
uniform_local,33,7,3.542601153254509,3.5805007815361023,PASS
uniform_local,33,8,3.4947774708271027,3.562298357486725,PASS
exponential_growth,11,1,4.077279776334763,3.9387285113334656,PASS
exponential_growth,11,2,3.8690465837717056,3.8459912538528442,PASS
exponential_growth,11,3,3.8322415947914124,3.8325339555740356,PASS
exponential_growth,11,4,3.8195770829916,3.837843954563141,PASS
exponential_growth,11,5,3.8177706748247147,3.831829607486725,PASS
exponential_growth,11,6,3.817447856068611,3.835483193397522,PASS
exponential_growth,11,7,3.8174156546592712,3.8327202200889587,PASS
exponential_growth,11,8,3.8137052953243256,3.831222176551819,PASS
exponential_growth,22,1,4.173335164785385,3.9509010910987854,PASS
exponential_growth,22,2,3.8936986923217773,3.8606638312339783,PASS
exponential_growth,22,3,3.836784228682518,3.838299572467804,PASS
exponential_growth,22,4,3.82426118850708,3.83467835187912,PASS
exponential_growth,22,5,3.819638207554817,3.8335434198379517,PASS
exponential_growth,22,6,3.815809667110443,3.8310704231262207,PASS
exponential_growth,22,7,3.8150257021188736,3.8280277252197266,PASS
exponential_growth,22,8,3.8021154403686523,3.811347723007202,PASS
exponential_growth,33,1,4.048690751194954,3.8865787982940674,PASS
exponential_growth,33,2,3.8569232523441315,3.8382898569107056,PASS
exponential_growth,33,3,3.8274740129709244,3.832983136177063,PASS
exponential_growth,33,4,3.819998785853386,3.831548273563385,PASS
exponential_growth,33,5,3.814916431903839,3.828862965106964,PASS
exponential_growth,33,6,3.8125052005052567,3.82470566034317,PASS
exponential_growth,33,7,3.8078824281692505,3.8222579956054688,PASS
exponential_growth,33,8,3.795843482017517,3.7903133034706116,PASS
delayed_growth,11,1,4.057419687509537,3.908735752105713,PASS
delayed_growth,11,2,3.854748487472534,3.841704845428467,PASS
delayed_growth,11,3,3.8275001645088196,3.8357962369918823,PASS
delayed_growth,11,4,3.8230144530534744,3.838317334651947,PASS
delayed_growth,11,5,3.8186450600624084,3.8308324813842773,PASS
delayed_growth,11,6,3.8180983811616898,3.8345096707344055,PASS
delayed_growth,11,7,3.8179659843444824,3.830356538295746,PASS
delayed_growth,11,8,3.813935339450836,3.8295589089393616,PASS
delayed_growth,22,1,4.1555741131305695,3.9686803221702576,PASS
delayed_growth,22,2,3.8864012956619263,3.8564741015434265,PASS
delayed_growth,22,3,3.830472007393837,3.85108482837677,PASS
delayed_growth,22,4,3.8215985000133514,3.8220203518867493,PASS
delayed_growth,22,5,3.799157053232193,3.8023510575294495,PASS
delayed_growth,22,6,3.743952199816704,3.7321912050247192,PASS
delayed_growth,22,7,3.6819337904453278,3.6384628415107727,PASS
delayed_growth,22,8,3.5686147063970566,3.624399960041046,PASS
delayed_growth,33,1,4.032053291797638,3.8672379851341248,PASS
delayed_growth,33,2,3.8517645746469498,3.829443037509918,PASS
delayed_growth,33,3,3.813317149877548,3.8151737451553345,PASS
delayed_growth,33,4,3.7714783400297165,3.758966028690338,PASS
delayed_growth,33,5,3.672387182712555,3.6728644967079163,PASS
delayed_growth,33,6,3.591508686542511,3.7032230496406555,PASS
delayed_growth,33,7,3.5349010825157166,3.623821973800659,PASS
delayed_growth,33,8,3.5034365952014923,3.580828309059143,PASS
parallel_multiscale,11,1,4.052412137389183,3.891124963760376,PASS
parallel_multiscale,11,2,3.855836570262909,3.837986946105957,PASS
parallel_multiscale,11,3,3.828150972723961,3.833968222141266,PASS
parallel_multiscale,11,4,3.8200466632843018,3.83856737613678,PASS
parallel_multiscale,11,5,3.81941656768322,3.8345967531204224,PASS
parallel_multiscale,11,6,3.8201597929000854,3.8358079195022583,PASS
parallel_multiscale,11,7,3.8186332285404205,3.83502060174942,PASS
parallel_multiscale,11,8,3.8187892884016037,3.83530455827713,PASS
parallel_multiscale,22,1,3.904531329870224,3.852153480052948,PASS
parallel_multiscale,22,2,3.838486060500145,3.8362027406692505,PASS
parallel_multiscale,22,3,3.8272065073251724,3.837696373462677,PASS
parallel_multiscale,22,4,3.8221307545900345,3.8357922434806824,PASS
parallel_multiscale,22,5,3.8207677751779556,3.8346824645996094,PASS
parallel_multiscale,22,6,3.8188309222459793,3.837125778198242,PASS
parallel_multiscale,22,7,3.81914322078228,3.83395916223526,PASS
parallel_multiscale,22,8,3.819517433643341,3.837010383605957,PASS
parallel_multiscale,33,1,3.951494887471199,3.8822776079177856,PASS
parallel_multiscale,33,2,3.8575155586004257,3.8465309739112854,PASS
parallel_multiscale,33,3,3.83530692756176,3.838834762573242,PASS
parallel_multiscale,33,4,3.8244659453630447,3.83422714471817,PASS
parallel_multiscale,33,5,3.819529414176941,3.8358694911003113,PASS
parallel_multiscale,33,6,3.819748133420944,3.8345524072647095,PASS
parallel_multiscale,33,7,3.8179292529821396,3.8360846042633057,PASS
parallel_multiscale,33,8,3.8190460056066513,3.836432993412018,PASS
rf_stride_coupled,11,1,4.079565986990929,3.9377245903015137,PASS
rf_stride_coupled,11,2,3.870664894580841,3.847371280193329,PASS
rf_stride_coupled,11,3,3.832831636071205,3.8327285051345825,PASS
rf_stride_coupled,11,4,3.8196429163217545,3.838475823402405,PASS
rf_stride_coupled,11,5,3.818245992064476,3.8331609964370728,PASS
rf_stride_coupled,11,6,3.818345621228218,3.8378718495368958,PASS
rf_stride_coupled,11,7,3.8183174282312393,3.8361433148384094,PASS
rf_stride_coupled,11,8,3.815078526735306,3.8329226970672607,PASS
rf_stride_coupled,22,1,4.175214767456055,3.951153039932251,PASS
rf_stride_coupled,22,2,3.895533010363579,3.8619795441627502,PASS
rf_stride_coupled,22,3,3.8377635926008224,3.838275969028473,PASS
rf_stride_coupled,22,4,3.8244311809539795,3.835944354534149,PASS
rf_stride_coupled,22,5,3.8202021569013596,3.834604263305664,PASS
rf_stride_coupled,22,6,3.817464366555214,3.8343406319618225,PASS
rf_stride_coupled,22,7,3.8180165886878967,3.8323240876197815,PASS
rf_stride_coupled,22,8,3.8139529824256897,3.829180419445038,PASS
rf_stride_coupled,33,1,4.048686102032661,3.8878009915351868,PASS
rf_stride_coupled,33,2,3.857150599360466,3.838617444038391,PASS
rf_stride_coupled,33,3,3.8277993500232697,3.8326866030693054,PASS
rf_stride_coupled,33,4,3.8198392540216446,3.832115650177002,PASS
rf_stride_coupled,33,5,3.8146872520446777,3.8298996686935425,PASS
rf_stride_coupled,33,6,3.812847912311554,3.826080560684204,PASS
rf_stride_coupled,33,7,3.806689143180847,3.8180882930755615,PASS
rf_stride_coupled,33,8,3.7576387971639633,3.730921149253845,PASS
rf_dilation_decoupled,11,1,4.077279776334763,3.9387285113334656,PASS
rf_dilation_decoupled,11,2,3.8690465837717056,3.8459912538528442,PASS
rf_dilation_decoupled,11,3,3.8322415947914124,3.8325339555740356,PASS
rf_dilation_decoupled,11,4,3.8195770829916,3.837843954563141,PASS
rf_dilation_decoupled,11,5,3.8177706748247147,3.831829607486725,PASS
rf_dilation_decoupled,11,6,3.817447856068611,3.835483193397522,PASS
rf_dilation_decoupled,11,7,3.8174156546592712,3.8327202200889587,PASS
rf_dilation_decoupled,11,8,3.8137052953243256,3.831222176551819,PASS
rf_dilation_decoupled,22,1,4.173335164785385,3.9509010910987854,PASS
rf_dilation_decoupled,22,2,3.8936986923217773,3.8606638312339783,PASS
rf_dilation_decoupled,22,3,3.836784228682518,3.838299572467804,PASS
rf_dilation_decoupled,22,4,3.82426118850708,3.83467835187912,PASS
rf_dilation_decoupled,22,5,3.819638207554817,3.8335434198379517,PASS
rf_dilation_decoupled,22,6,3.815809667110443,3.8310704231262207,PASS
rf_dilation_decoupled,22,7,3.8150257021188736,3.8280277252197266,PASS
rf_dilation_decoupled,22,8,3.8021154403686523,3.811347723007202,PASS
rf_dilation_decoupled,33,1,4.048690751194954,3.8865787982940674,PASS
rf_dilation_decoupled,33,2,3.8569232523441315,3.8382898569107056,PASS
rf_dilation_decoupled,33,3,3.8274740129709244,3.832983136177063,PASS
rf_dilation_decoupled,33,4,3.819998785853386,3.831548273563385,PASS
rf_dilation_decoupled,33,5,3.814916431903839,3.828862965106964,PASS
rf_dilation_decoupled,33,6,3.8125052005052567,3.82470566034317,PASS
rf_dilation_decoupled,33,7,3.8078824281692505,3.8222579956054688,PASS
rf_dilation_decoupled,33,8,3.795843482017517,3.7903133034706116,PASS
kernel_3,11,1,4.054251566529274,3.9026954770088196,PASS
kernel_3,11,2,3.8531278371810913,3.841472327709198,PASS
kernel_3,11,3,3.8279475569725037,3.8356894850730896,PASS
kernel_3,11,4,3.8237268775701523,3.8392043709754944,PASS
kernel_3,11,5,3.8197293281555176,3.8323904871940613,PASS
kernel_3,11,6,3.819432571530342,3.8359248638153076,PASS
kernel_3,11,7,3.818754643201828,3.832513213157654,PASS
kernel_3,11,8,3.815773084759712,3.8318270444869995,PASS
kernel_3,22,1,4.15005649626255,3.9588904976844788,PASS
kernel_3,22,2,3.882687881588936,3.8548988103866577,PASS
kernel_3,22,3,3.8296851068735123,3.8545063734054565,PASS
kernel_3,22,4,3.8221502900123596,3.820063054561615,PASS
kernel_3,22,5,3.7977007627487183,3.797689378261566,PASS
kernel_3,22,6,3.7356343120336533,3.7109707593917847,PASS
kernel_3,22,7,3.6446385979652405,3.756953239440918,PASS
kernel_3,22,8,3.5640131384134293,3.5804068446159363,PASS
kernel_3,33,1,4.026570752263069,3.8708556294441223,PASS
kernel_3,33,2,3.8510547280311584,3.8302180767059326,PASS
kernel_3,33,3,3.816371366381645,3.822229564189911,PASS
kernel_3,33,4,3.7790664583444595,3.7655746936798096,PASS
kernel_3,33,5,3.6811813414096832,3.678511083126068,PASS
kernel_3,33,6,3.597861811518669,3.619282364845276,PASS
kernel_3,33,7,3.542601153254509,3.5805007815361023,PASS
kernel_3,33,8,3.4947774708271027,3.562298357486725,PASS
kernel_7,11,1,4.202995657920837,3.9138280153274536,PASS
kernel_7,11,2,3.8732729256153107,3.8449974060058594,PASS
kernel_7,11,3,3.8302715122699738,3.8359665274620056,PASS
kernel_7,11,4,3.822727009654045,3.839347183704376,PASS
kernel_7,11,5,3.8211645036935806,3.836098611354828,PASS
kernel_7,11,6,3.8204627633094788,3.8358057737350464,PASS
kernel_7,11,7,3.8193645030260086,3.8392666578292847,PASS
kernel_7,11,8,3.8186620622873306,3.8335463404655457,PASS
kernel_7,22,1,4.038548335433006,3.8721694350242615,PASS
kernel_7,22,2,3.8439134806394577,3.8350093364715576,PASS
kernel_7,22,3,3.8188622891902924,3.847882568836212,PASS
kernel_7,22,4,3.82449471950531,3.8281418085098267,PASS
kernel_7,22,5,3.8105374425649643,3.826264202594757,PASS
kernel_7,22,6,3.8020810037851334,3.8042572736740112,PASS
kernel_7,22,7,3.7711007595062256,3.732450842857361,PASS
kernel_7,22,8,3.6702568382024765,3.547749161720276,PASS
kernel_7,33,1,3.9559966027736664,3.868269622325897,PASS
kernel_7,33,2,3.8448613733053207,3.831799030303955,PASS
kernel_7,33,3,3.8249910324811935,3.8532387018203735,PASS
kernel_7,33,4,3.8289208114147186,3.8319634199142456,PASS
kernel_7,33,5,3.818896144628525,3.8297770023345947,PASS
kernel_7,33,6,3.8145564645528793,3.8265486359596252,PASS
kernel_7,33,7,3.808133766055107,3.8213993310928345,PASS
kernel_7,33,8,3.802266448736191,3.8262563943862915,PASS
kernel_15,11,1,4.050128653645515,3.8935378193855286,PASS
kernel_15,11,2,3.84197174012661,3.839737057685852,PASS
kernel_15,11,3,3.8247968554496765,3.8327534794807434,PASS
kernel_15,11,4,3.820627361536026,3.837859570980072,PASS
kernel_15,11,5,3.8191005140542984,3.8328099250793457,PASS
kernel_15,11,6,3.816322147846222,3.832077920436859,PASS
kernel_15,11,7,3.8150104731321335,3.831277847290039,PASS
kernel_15,11,8,3.80842524766922,3.843478202819824,PASS
kernel_15,22,1,3.909254416823387,3.8439469933509827,PASS
kernel_15,22,2,3.825174108147621,3.8446125388145447,PASS
kernel_15,22,3,3.8190223276615143,3.8494011759757996,PASS
kernel_15,22,4,3.8267941027879715,3.8337826132774353,PASS
kernel_15,22,5,3.8106408566236496,3.8286787271499634,PASS
kernel_15,22,6,3.8018342703580856,3.8242141008377075,PASS
kernel_15,22,7,3.803797096014023,3.812351644039154,PASS
kernel_15,22,8,3.778341129422188,3.771448016166687,PASS
kernel_15,33,1,3.964777395129204,3.89304381608963,PASS
kernel_15,33,2,3.8619215935468674,3.8474180102348328,PASS
kernel_15,33,3,3.8337720185518265,3.838458478450775,PASS
kernel_15,33,4,3.824597179889679,3.832781672477722,PASS
kernel_15,33,5,3.819124609231949,3.8312299847602844,PASS
kernel_15,33,6,3.8182631582021713,3.8300355672836304,PASS
kernel_15,33,7,3.8138869255781174,3.829068899154663,PASS
kernel_15,33,8,3.813844457268715,3.823206901550293,PASS
kernel_31,11,1,4.106972098350525,3.909797966480255,PASS
kernel_31,11,2,3.8912385553121567,3.8580686450004578,PASS
kernel_31,11,3,3.8394850492477417,3.832389175891876,PASS
kernel_31,11,4,3.8193273544311523,3.8354897499084473,PASS
kernel_31,11,5,3.8174654990434647,3.83829265832901,PASS
kernel_31,11,6,3.8179056644439697,3.828171133995056,PASS
kernel_31,11,7,3.8123513907194138,3.8251421451568604,PASS
kernel_31,11,8,3.8037842363119125,3.8200618028640747,PASS
kernel_31,22,1,3.9869175255298615,3.905030608177185,PASS
kernel_31,22,2,3.873138442635536,3.850682258605957,PASS
kernel_31,22,3,3.8390760719776154,3.84177964925766,PASS
kernel_31,22,4,3.8255314081907272,3.8288209438323975,PASS
kernel_31,22,5,3.810555189847946,3.82363224029541,PASS
kernel_31,22,6,3.7880703508853912,3.7819188237190247,PASS
kernel_31,22,7,3.7115758061408997,3.807939112186432,PASS
kernel_31,22,8,3.5532191544771194,3.6118258833885193,PASS
kernel_31,33,1,4.11395899951458,3.8760039806365967,PASS
kernel_31,33,2,3.848695829510689,3.845585286617279,PASS
kernel_31,33,3,3.8256506621837616,3.835969924926758,PASS
kernel_31,33,4,3.8212641924619675,3.8344451189041138,PASS
kernel_31,33,5,3.8195615708827972,3.8369097113609314,PASS
kernel_31,33,6,3.821306735277176,3.8342881202697754,PASS
kernel_31,33,7,3.8182565569877625,3.835057258605957,PASS
kernel_31,33,8,3.8197411745786667,3.8353349566459656,PASS
event_baseline,11,1,4.054251566529274,3.9026954770088196,PASS
event_baseline,11,2,3.8531278371810913,3.841472327709198,PASS
event_baseline,11,3,3.8279475569725037,3.8356894850730896,PASS
event_baseline,11,4,3.8237268775701523,3.8392043709754944,PASS
event_baseline,11,5,3.8197293281555176,3.8323904871940613,PASS
event_baseline,11,6,3.819432571530342,3.8359248638153076,PASS
event_baseline,11,7,3.818754643201828,3.832513213157654,PASS
event_baseline,11,8,3.815773084759712,3.8318270444869995,PASS
event_baseline,22,1,4.15005649626255,3.9588904976844788,PASS
event_baseline,22,2,3.882687881588936,3.8548988103866577,PASS
event_baseline,22,3,3.8296851068735123,3.8545063734054565,PASS
event_baseline,22,4,3.8221502900123596,3.820063054561615,PASS
event_baseline,22,5,3.7977007627487183,3.797689378261566,PASS
event_baseline,22,6,3.7356343120336533,3.7109707593917847,PASS
event_baseline,22,7,3.6446385979652405,3.756953239440918,PASS
event_baseline,22,8,3.5640131384134293,3.5804068446159363,PASS
event_baseline,33,1,4.026570752263069,3.8708556294441223,PASS
event_baseline,33,2,3.8510547280311584,3.8302180767059326,PASS
event_baseline,33,3,3.816371366381645,3.822229564189911,PASS
event_baseline,33,4,3.7790664583444595,3.7655746936798096,PASS
event_baseline,33,5,3.6811813414096832,3.678511083126068,PASS
event_baseline,33,6,3.597861811518669,3.619282364845276,PASS
event_baseline,33,7,3.542601153254509,3.5805007815361023,PASS
event_baseline,33,8,3.4947774708271027,3.562298357486725,PASS
explicit_change,11,1,4.060108885169029,3.913558006286621,PASS
explicit_change,11,2,3.8725794851779938,3.8564764261245728,PASS
explicit_change,11,3,3.836653247475624,3.837299406528473,PASS
explicit_change,11,4,3.8218822181224823,3.838136613368988,PASS
explicit_change,11,5,3.820894479751587,3.83331561088562,PASS
explicit_change,11,6,3.8186963349580765,3.833845853805542,PASS
explicit_change,11,7,3.816372960805893,3.8306530117988586,PASS
explicit_change,11,8,3.813983455300331,3.826888382434845,PASS
explicit_change,22,1,3.9279940128326416,3.8719505071640015,PASS
explicit_change,22,2,3.838048279285431,3.8390132188796997,PASS
explicit_change,22,3,3.826161876320839,3.8354271054267883,PASS
explicit_change,22,4,3.820382595062256,3.8355504274368286,PASS
explicit_change,22,5,3.8196721225976944,3.8343619108200073,PASS
explicit_change,22,6,3.8181569576263428,3.836508095264435,PASS
explicit_change,22,7,3.818267911672592,3.8339370489120483,PASS
explicit_change,22,8,3.818443864583969,3.8356109261512756,PASS
explicit_change,33,1,4.076245591044426,3.9156429767608643,PASS
explicit_change,33,2,3.8531931936740875,3.8395912051200867,PASS
explicit_change,33,3,3.826175108551979,3.8356895446777344,PASS
explicit_change,33,4,3.8198775947093964,3.833919584751129,PASS
explicit_change,33,5,3.817655026912689,3.8348605036735535,PASS
explicit_change,33,6,3.8179730027914047,3.8327784538269043,PASS
explicit_change,33,7,3.8157040923833847,3.830997407436371,PASS
explicit_change,33,8,3.816847085952759,3.8258292078971863,PASS
ordinary_second_branch,11,1,4.060077324509621,3.908925175666809,PASS
ordinary_second_branch,11,2,3.870603322982788,3.8535103797912598,PASS
ordinary_second_branch,11,3,3.835342824459076,3.8325570225715637,PASS
ordinary_second_branch,11,4,3.8203189969062805,3.8338069915771484,PASS
ordinary_second_branch,11,5,3.8096958994865417,3.8166261315345764,PASS
ordinary_second_branch,11,6,3.788686528801918,3.779171109199524,PASS
ordinary_second_branch,11,7,3.716874599456787,3.6863418221473694,PASS
ordinary_second_branch,11,8,3.608370929956436,3.602138936519623,PASS
ordinary_second_branch,22,1,3.9272911995649338,3.873270571231842,PASS
ordinary_second_branch,22,2,3.8376256823539734,3.8386431336402893,PASS
ordinary_second_branch,22,3,3.825803220272064,3.8360140323638916,PASS
ordinary_second_branch,22,4,3.8202484250068665,3.8354243636131287,PASS
ordinary_second_branch,22,5,3.819623738527298,3.8344621062278748,PASS
ordinary_second_branch,22,6,3.818149223923683,3.8364753127098083,PASS
ordinary_second_branch,22,7,3.8182641863822937,3.833698868751526,PASS
ordinary_second_branch,22,8,3.818281263113022,3.835243821144104,PASS
ordinary_second_branch,33,1,4.066586583852768,3.8825640082359314,PASS
ordinary_second_branch,33,2,3.8452812284231186,3.8381064534187317,PASS
ordinary_second_branch,33,3,3.825080096721649,3.8384302854537964,PASS
ordinary_second_branch,33,4,3.821349710226059,3.8348268866539,PASS
ordinary_second_branch,33,5,3.8169791996479034,3.833626627922058,PASS
ordinary_second_branch,33,6,3.8177753537893295,3.832267999649048,PASS
ordinary_second_branch,33,7,3.815212145447731,3.83115017414093,PASS
ordinary_second_branch,33,8,3.817231625318527,3.829894006252289,PASS
