path,bytes,modified_at_utc,source_url
.bidsignore,56,2023-08-18T13:23:01.000Z,https://s3.amazonaws.com/openneuro.org/ds004703/.bidsignore
.datalad/config,63,2023-08-18T13:23:01.000Z,https://s3.amazonaws.com/openneuro.org/ds004703/.datalad/config
.gitattributes,385,2023-08-18T13:23:01.000Z,https://s3.amazonaws.com/openneuro.org/ds004703/.gitattributes
CHANGES,76,2023-08-18T14:37:58.000Z,https://s3.amazonaws.com/openneuro.org/ds004703/CHANGES
README,1481,2023-08-18T13:23:02.000Z,https://s3.amazonaws.com/openneuro.org/ds004703/README
dataset_description.json,314,2023-08-18T14:37:58.000Z,https://s3.amazonaws.com/openneuro.org/ds004703/dataset_description.json
participants.tsv,217,2023-08-18T13:23:03.000Z,https://s3.amazonaws.com/openneuro.org/ds004703/participants.tsv
stimuli/Passive Listening iEEG Protocol.docx,16029,2023-08-18T13:23:03.000Z,https://s3.amazonaws.com/openneuro.org/ds004703/stimuli/Passive%20Listening%20iEEG%20Protocol.docx
stimuli/Passive-Listening_iEEG_v3.py,14021,2023-08-18T13:23:03.000Z,https://s3.amazonaws.com/openneuro.org/ds004703/stimuli/Passive-Listening_iEEG_v3.py
stimuli/Passive-Listening_iEEG_v3.pyc,12812,2023-08-18T13:23:04.000Z,https://s3.amazonaws.com/openneuro.org/ds004703/stimuli/Passive-Listening_iEEG_v3.pyc
stimuli/add_duration.ipynb,2993,2023-08-18T13:23:04.000Z,https://s3.amazonaws.com/openneuro.org/ds004703/stimuli/add_duration.ipynb
stimuli/all_df.csv,1471116,2023-08-18T13:23:04.000Z,https://s3.amazonaws.com/openneuro.org/ds004703/stimuli/all_df.csv
stimuli/all_stimuli/catalan-f01_normed.wav,303728,2023-08-18T13:23:05.000Z,https://s3.amazonaws.com/openneuro.org/ds004703/stimuli/all_stimuli/catalan-f01_normed.wav
stimuli/all_stimuli/catalan-f01_question_normed.wav,334560,2023-08-18T13:23:05.000Z,https://s3.amazonaws.com/openneuro.org/ds004703/stimuli/all_stimuli/catalan-f01_question_normed.wav
stimuli/all_stimuli/catalan-f02_normed.wav,303728,2023-08-18T13:23:05.000Z,https://s3.amazonaws.com/openneuro.org/ds004703/stimuli/all_stimuli/catalan-f02_normed.wav
stimuli/all_stimuli/catalan-f02_question_normed.wav,334560,2023-08-18T13:23:05.000Z,https://s3.amazonaws.com/openneuro.org/ds004703/stimuli/all_stimuli/catalan-f02_question_normed.wav
stimuli/all_stimuli/catalan-f03_normed.wav,303728,2023-08-18T13:23:06.000Z,https://s3.amazonaws.com/openneuro.org/ds004703/stimuli/all_stimuli/catalan-f03_normed.wav
stimuli/all_stimuli/catalan-f03_question_normed.wav,334560,2023-08-18T13:23:06.000Z,https://s3.amazonaws.com/openneuro.org/ds004703/stimuli/all_stimuli/catalan-f03_question_normed.wav
stimuli/all_stimuli/catalan-m01_normed.wav,303728,2023-08-18T13:23:06.000Z,https://s3.amazonaws.com/openneuro.org/ds004703/stimuli/all_stimuli/catalan-m01_normed.wav
stimuli/all_stimuli/catalan-m01_question_normed.wav,334560,2023-08-18T13:23:07.000Z,https://s3.amazonaws.com/openneuro.org/ds004703/stimuli/all_stimuli/catalan-m01_question_normed.wav
stimuli/all_stimuli/catalan-m02_normed.wav,303728,2023-08-18T13:23:07.000Z,https://s3.amazonaws.com/openneuro.org/ds004703/stimuli/all_stimuli/catalan-m02_normed.wav
stimuli/all_stimuli/catalan-m02_question_normed.wav,334560,2023-08-18T13:23:07.000Z,https://s3.amazonaws.com/openneuro.org/ds004703/stimuli/all_stimuli/catalan-m02_question_normed.wav
stimuli/all_stimuli/catalan-m03_normed.wav,4485312,2023-08-18T13:23:08.000Z,https://s3.amazonaws.com/openneuro.org/ds004703/stimuli/all_stimuli/catalan-m03_normed.wav
stimuli/all_stimuli/catalan-m03_question_normed.wav,334560,2023-08-18T13:23:08.000Z,https://s3.amazonaws.com/openneuro.org/ds004703/stimuli/all_stimuli/catalan-m03_question_normed.wav
stimuli/all_stimuli/instructions1_normed.wav,3106520,2023-08-18T13:23:08.000Z,https://s3.amazonaws.com/openneuro.org/ds004703/stimuli/all_stimuli/instructions1_normed.wav
stimuli/all_stimuli/instructions2_clipped_normed.wav,2655140,2023-08-18T13:23:09.000Z,https://s3.amazonaws.com/openneuro.org/ds004703/stimuli/all_stimuli/instructions2_clipped_normed.wav
stimuli/all_stimuli/instructions2_normed.wav,1872828,2023-08-18T13:23:09.000Z,https://s3.amazonaws.com/openneuro.org/ds004703/stimuli/all_stimuli/instructions2_normed.wav
stimuli/all_stimuli/instructions3_normed.wav,551130,2023-08-18T13:23:09.000Z,https://s3.amazonaws.com/openneuro.org/ds004703/stimuli/all_stimuli/instructions3_normed.wav
stimuli/all_stimuli/pleasePressSpace_normed.wav,303728,2023-08-18T13:23:10.000Z,https://s3.amazonaws.com/openneuro.org/ds004703/stimuli/all_stimuli/pleasePressSpace_normed.wav
stimuli/all_stimuli/s0102b-ex01_question_normed.wav,336598,2023-08-18T13:23:10.000Z,https://s3.amazonaws.com/openneuro.org/ds004703/stimuli/all_stimuli/s0102b-ex01_question_normed.wav
stimuli/all_stimuli/s0202a-ex01_question_normed.wav,394774,2023-08-18T13:23:10.000Z,https://s3.amazonaws.com/openneuro.org/ds004703/stimuli/all_stimuli/s0202a-ex01_question_normed.wav
stimuli/all_stimuli/s0202b-ex01_normed.wav,5020206,2023-08-18T13:23:11.000Z,https://s3.amazonaws.com/openneuro.org/ds004703/stimuli/all_stimuli/s0202b-ex01_normed.wav
stimuli/all_stimuli/s0202b-ex01_question_normed.wav,392238,2023-08-18T13:23:11.000Z,https://s3.amazonaws.com/openneuro.org/ds004703/stimuli/all_stimuli/s0202b-ex01_question_normed.wav
stimuli/all_stimuli/s0203b-ex01_normed.wav,3788360,2023-08-18T13:23:11.000Z,https://s3.amazonaws.com/openneuro.org/ds004703/stimuli/all_stimuli/s0203b-ex01_normed.wav
stimuli/all_stimuli/s0203b-ex01_question_normed.wav,411534,2023-08-18T13:23:12.000Z,https://s3.amazonaws.com/openneuro.org/ds004703/stimuli/all_stimuli/s0203b-ex01_question_normed.wav
stimuli/all_stimuli/s0302b-ex01_question_normed.wav,375394,2023-08-18T13:23:12.000Z,https://s3.amazonaws.com/openneuro.org/ds004703/stimuli/all_stimuli/s0302b-ex01_question_normed.wav
stimuli/all_stimuli/s0305a-ex01_normed.wav,3837394,2023-08-18T13:23:12.000Z,https://s3.amazonaws.com/openneuro.org/ds004703/stimuli/all_stimuli/s0305a-ex01_normed.wav
stimuli/all_stimuli/s0305a-ex01_question_normed.wav,460016,2023-08-18T13:23:12.000Z,https://s3.amazonaws.com/openneuro.org/ds004703/stimuli/all_stimuli/s0305a-ex01_question_normed.wav
stimuli/all_stimuli/s0501a-ex01_question_normed.wav,622986,2023-08-18T13:23:13.000Z,https://s3.amazonaws.com/openneuro.org/ds004703/stimuli/all_stimuli/s0501a-ex01_question_normed.wav
stimuli/all_stimuli/s0501a-ex02_question_normed.wav,425048,2023-08-18T13:23:13.000Z,https://s3.amazonaws.com/openneuro.org/ds004703/stimuli/all_stimuli/s0501a-ex02_question_normed.wav
stimuli/all_stimuli/s0601a-ex01_question_normed.wav,408936,2023-08-18T13:23:13.000Z,https://s3.amazonaws.com/openneuro.org/ds004703/stimuli/all_stimuli/s0601a-ex01_question_normed.wav
stimuli/all_stimuli/s0602b-ex01_question_normed.wav,367126,2023-08-18T13:23:14.000Z,https://s3.amazonaws.com/openneuro.org/ds004703/stimuli/all_stimuli/s0602b-ex01_question_normed.wav
stimuli/all_stimuli/s0702a-ex01_normed.wav,2686814,2023-08-18T13:23:14.000Z,https://s3.amazonaws.com/openneuro.org/ds004703/stimuli/all_stimuli/s0702a-ex01_normed.wav
stimuli/all_stimuli/s0702a-ex01_question_normed.wav,315922,2023-08-18T13:23:14.000Z,https://s3.amazonaws.com/openneuro.org/ds004703/stimuli/all_stimuli/s0702a-ex01_question_normed.wav
stimuli/all_stimuli/s0703b-ex01_normed.wav,3442904,2023-08-18T13:23:15.000Z,https://s3.amazonaws.com/openneuro.org/ds004703/stimuli/all_stimuli/s0703b-ex01_normed.wav
stimuli/all_stimuli/s0703b-ex01_question_normed.wav,273640,2023-08-18T13:23:15.000Z,https://s3.amazonaws.com/openneuro.org/ds004703/stimuli/all_stimuli/s0703b-ex01_question_normed.wav
stimuli/all_stimuli/s0802b-ex01_normed.wav,2645448,2023-08-18T13:23:15.000Z,https://s3.amazonaws.com/openneuro.org/ds004703/stimuli/all_stimuli/s0802b-ex01_normed.wav
stimuli/all_stimuli/s0802b-ex01_question_normed.wav,391398,2023-08-18T13:23:16.000Z,https://s3.amazonaws.com/openneuro.org/ds004703/stimuli/all_stimuli/s0802b-ex01_question_normed.wav
stimuli/all_stimuli/s0901b-ex01_normed.wav,3208418,2023-08-18T13:23:16.000Z,https://s3.amazonaws.com/openneuro.org/ds004703/stimuli/all_stimuli/s0901b-ex01_normed.wav
stimuli/all_stimuli/s0901b-ex01_question_normed.wav,433682,2023-08-18T13:23:16.000Z,https://s3.amazonaws.com/openneuro.org/ds004703/stimuli/all_stimuli/s0901b-ex01_question_normed.wav
stimuli/all_stimuli/s1001a-ex01_normed.wav,3675454,2023-08-18T13:23:17.000Z,https://s3.amazonaws.com/openneuro.org/ds004703/stimuli/all_stimuli/s1001a-ex01_normed.wav
stimuli/all_stimuli/s1001a-ex01_question_normed.wav,295462,2023-08-18T13:23:18.000Z,https://s3.amazonaws.com/openneuro.org/ds004703/stimuli/all_stimuli/s1001a-ex01_question_normed.wav
stimuli/all_stimuli/s1103a-ex01_normed.wav,4823940,2023-08-18T13:23:18.000Z,https://s3.amazonaws.com/openneuro.org/ds004703/stimuli/all_stimuli/s1103a-ex01_normed.wav
stimuli/all_stimuli/s1103a-ex01_question_normed.wav,320924,2023-08-18T13:23:18.000Z,https://s3.amazonaws.com/openneuro.org/ds004703/stimuli/all_stimuli/s1103a-ex01_question_normed.wav
stimuli/all_stimuli/s1201a-ex01_normed.wav,3047966,2023-08-18T13:23:19.000Z,https://s3.amazonaws.com/openneuro.org/ds004703/stimuli/all_stimuli/s1201a-ex01_normed.wav
stimuli/all_stimuli/s1201a-ex01_question_normed.wav,274094,2023-08-18T13:23:19.000Z,https://s3.amazonaws.com/openneuro.org/ds004703/stimuli/all_stimuli/s1201a-ex01_question_normed.wav
stimuli/all_stimuli/s1202b-ex01_normed.wav,3041014,2023-08-18T13:23:19.000Z,https://s3.amazonaws.com/openneuro.org/ds004703/stimuli/all_stimuli/s1202b-ex01_normed.wav
stimuli/all_stimuli/s1202b-ex01_question_normed.wav,307738,2023-08-18T13:23:20.000Z,https://s3.amazonaws.com/openneuro.org/ds004703/stimuli/all_stimuli/s1202b-ex01_question_normed.wav
stimuli/all_stimuli/s1203a-ex01_normed.wav,3004004,2023-08-18T13:23:20.000Z,https://s3.amazonaws.com/openneuro.org/ds004703/stimuli/all_stimuli/s1203a-ex01_normed.wav
stimuli/all_stimuli/s1203a-ex01_question_normed.wav,360482,2023-08-18T13:23:20.000Z,https://s3.amazonaws.com/openneuro.org/ds004703/stimuli/all_stimuli/s1203a-ex01_question_normed.wav
stimuli/all_stimuli/s1303a-ex01_normed.wav,3017890,2023-08-18T13:23:21.000Z,https://s3.amazonaws.com/openneuro.org/ds004703/stimuli/all_stimuli/s1303a-ex01_normed.wav
stimuli/all_stimuli/s1303a-ex01_question_normed.wav,441410,2023-08-18T13:23:21.000Z,https://s3.amazonaws.com/openneuro.org/ds004703/stimuli/all_stimuli/s1303a-ex01_question_normed.wav
stimuli/all_stimuli/s1303a-ex02_normed.wav,2588278,2023-08-18T13:23:21.000Z,https://s3.amazonaws.com/openneuro.org/ds004703/stimuli/all_stimuli/s1303a-ex02_normed.wav
stimuli/all_stimuli/s1303a-ex02_question_normed.wav,590086,2023-08-18T13:23:21.000Z,https://s3.amazonaws.com/openneuro.org/ds004703/stimuli/all_stimuli/s1303a-ex02_question_normed.wav
stimuli/all_stimuli/s1401a-ex01_normed.wav,3112104,2023-08-18T13:23:22.000Z,https://s3.amazonaws.com/openneuro.org/ds004703/stimuli/all_stimuli/s1401a-ex01_normed.wav
stimuli/all_stimuli/s1401a-ex01_question_normed.wav,341838,2023-08-18T13:23:22.000Z,https://s3.amazonaws.com/openneuro.org/ds004703/stimuli/all_stimuli/s1401a-ex01_question_normed.wav
stimuli/all_stimuli/s1401a-ex02_normed.wav,3226614,2023-08-18T13:23:22.000Z,https://s3.amazonaws.com/openneuro.org/ds004703/stimuli/all_stimuli/s1401a-ex02_normed.wav
stimuli/all_stimuli/s1401a-ex02_question_normed.wav,338202,2023-08-18T13:23:23.000Z,https://s3.amazonaws.com/openneuro.org/ds004703/stimuli/all_stimuli/s1401a-ex02_question_normed.wav
stimuli/all_stimuli/s1401b-ex01_normed.wav,4801376,2023-08-18T13:23:23.000Z,https://s3.amazonaws.com/openneuro.org/ds004703/stimuli/all_stimuli/s1401b-ex01_normed.wav
stimuli/all_stimuli/s1401b-ex01_question_normed.wav,302738,2023-08-18T13:23:23.000Z,https://s3.amazonaws.com/openneuro.org/ds004703/stimuli/all_stimuli/s1401b-ex01_question_normed.wav
stimuli/all_stimuli/s1501a-ex01_normed.wav,3804854,2023-08-18T13:23:24.000Z,https://s3.amazonaws.com/openneuro.org/ds004703/stimuli/all_stimuli/s1501a-ex01_normed.wav
stimuli/all_stimuli/s1501a-ex01_question_normed.wav,340858,2023-08-18T13:23:24.000Z,https://s3.amazonaws.com/openneuro.org/ds004703/stimuli/all_stimuli/s1501a-ex01_question_normed.wav
stimuli/all_stimuli/s1503a-ex01_normed.wav,1486710,2023-08-18T13:23:24.000Z,https://s3.amazonaws.com/openneuro.org/ds004703/stimuli/all_stimuli/s1503a-ex01_normed.wav
stimuli/all_stimuli/s1503a-ex01_question_normed.wav,340020,2023-08-18T13:23:25.000Z,https://s3.amazonaws.com/openneuro.org/ds004703/stimuli/all_stimuli/s1503a-ex01_question_normed.wav
stimuli/all_stimuli/s1503a-ex02_normed.wav,2435620,2023-08-18T13:23:25.000Z,https://s3.amazonaws.com/openneuro.org/ds004703/stimuli/all_stimuli/s1503a-ex02_normed.wav
stimuli/all_stimuli/s1503a-ex02_question_normed.wav,302738,2023-08-18T13:23:25.000Z,https://s3.amazonaws.com/openneuro.org/ds004703/stimuli/all_stimuli/s1503a-ex02_question_normed.wav
stimuli/all_stimuli/s1503a-ex03_question_normed.wav,403674,2023-08-18T13:23:26.000Z,https://s3.amazonaws.com/openneuro.org/ds004703/stimuli/all_stimuli/s1503a-ex03_question_normed.wav
stimuli/all_stimuli/s1604a-ex01_normed.wav,4089316,2023-08-18T13:23:26.000Z,https://s3.amazonaws.com/openneuro.org/ds004703/stimuli/all_stimuli/s1604a-ex01_normed.wav
stimuli/all_stimuli/s1604a-ex01_question_normed.wav,388216,2023-08-18T13:23:26.000Z,https://s3.amazonaws.com/openneuro.org/ds004703/stimuli/all_stimuli/s1604a-ex01_question_normed.wav
stimuli/all_stimuli/s1702b-ex01_normed.wav,3653574,2023-08-18T13:23:27.000Z,https://s3.amazonaws.com/openneuro.org/ds004703/stimuli/all_stimuli/s1702b-ex01_normed.wav
stimuli/all_stimuli/s1702b-ex01_question_normed.wav,401402,2023-08-18T13:23:27.000Z,https://s3.amazonaws.com/openneuro.org/ds004703/stimuli/all_stimuli/s1702b-ex01_question_normed.wav
stimuli/all_stimuli/s1703b-ex01_normed.wav,4718822,2023-08-18T13:23:27.000Z,https://s3.amazonaws.com/openneuro.org/ds004703/stimuli/all_stimuli/s1703b-ex01_normed.wav
stimuli/all_stimuli/s1703b-ex01_question_normed.wav,343202,2023-08-18T13:23:28.000Z,https://s3.amazonaws.com/openneuro.org/ds004703/stimuli/all_stimuli/s1703b-ex01_question_normed.wav
stimuli/all_stimuli/s1901a-ex01_question_normed.wav,254090,2023-08-18T13:23:28.000Z,https://s3.amazonaws.com/openneuro.org/ds004703/stimuli/all_stimuli/s1901a-ex01_question_normed.wav
stimuli/all_stimuli/s1901b-ex01_normed.wav,3297632,2023-08-18T13:23:28.000Z,https://s3.amazonaws.com/openneuro.org/ds004703/stimuli/all_stimuli/s1901b-ex01_normed.wav
stimuli/all_stimuli/s1901b-ex01_question_normed.wav,360480,2023-08-18T13:23:29.000Z,https://s3.amazonaws.com/openneuro.org/ds004703/stimuli/all_stimuli/s1901b-ex01_question_normed.wav
stimuli/all_stimuli/s2102a-ex01_normed.wav,2486276,2023-08-18T13:23:29.000Z,https://s3.amazonaws.com/openneuro.org/ds004703/stimuli/all_stimuli/s2102a-ex01_normed.wav
stimuli/all_stimuli/s2102a-ex01_question_normed.wav,435046,2023-08-18T13:23:29.000Z,https://s3.amazonaws.com/openneuro.org/ds004703/stimuli/all_stimuli/s2102a-ex01_question_normed.wav
stimuli/all_stimuli/s2102a-ex02_normed.wav,3207652,2023-08-18T13:23:29.000Z,https://s3.amazonaws.com/openneuro.org/ds004703/stimuli/all_stimuli/s2102a-ex02_normed.wav
stimuli/all_stimuli/s2102a-ex02_question_normed.wav,248632,2023-08-18T13:23:30.000Z,https://s3.amazonaws.com/openneuro.org/ds004703/stimuli/all_stimuli/s2102a-ex02_question_normed.wav
stimuli/all_stimuli/s2102a-ex03_normed.wav,3993134,2023-08-18T13:23:30.000Z,https://s3.amazonaws.com/openneuro.org/ds004703/stimuli/all_stimuli/s2102a-ex03_normed.wav
stimuli/all_stimuli/s2102a-ex03_question_normed.wav,203622,2023-08-18T13:23:31.000Z,https://s3.amazonaws.com/openneuro.org/ds004703/stimuli/all_stimuli/s2102a-ex03_question_normed.wav
stimuli/all_stimuli/s2202b-ex02_normed.wav,4809358,2023-08-18T13:23:31.000Z,https://s3.amazonaws.com/openneuro.org/ds004703/stimuli/all_stimuli/s2202b-ex02_normed.wav
stimuli/all_stimuli/s2202b-ex02_question_normed.wav,407310,2023-08-18T13:23:31.000Z,https://s3.amazonaws.com/openneuro.org/ds004703/stimuli/all_stimuli/s2202b-ex02_question_normed.wav
stimuli/all_stimuli/s2301a-ex01_normed.wav,1987834,2023-08-18T13:23:32.000Z,https://s3.amazonaws.com/openneuro.org/ds004703/stimuli/all_stimuli/s2301a-ex01_normed.wav
stimuli/all_stimuli/s2301a-ex01_question_normed.wav,366392,2023-08-18T13:23:32.000Z,https://s3.amazonaws.com/openneuro.org/ds004703/stimuli/all_stimuli/s2301a-ex01_question_normed.wav
stimuli/all_stimuli/s2302b-ex01_normed.wav,3097936,2023-08-18T13:23:32.000Z,https://s3.amazonaws.com/openneuro.org/ds004703/stimuli/all_stimuli/s2302b-ex01_normed.wav
stimuli/all_stimuli/s2302b-ex01_question_normed.wav,387760,2023-08-18T13:23:32.000Z,https://s3.amazonaws.com/openneuro.org/ds004703/stimuli/all_stimuli/s2302b-ex01_question_normed.wav
stimuli/all_stimuli/s2403a-ex01_question_normed.wav,380032,2023-08-18T13:23:33.000Z,https://s3.amazonaws.com/openneuro.org/ds004703/stimuli/all_stimuli/s2403a-ex01_question_normed.wav
stimuli/all_stimuli/s2502a-ex01_question_normed.wav,261364,2023-08-18T13:23:33.000Z,https://s3.amazonaws.com/openneuro.org/ds004703/stimuli/all_stimuli/s2502a-ex01_question_normed.wav
stimuli/all_stimuli/s2801a-ex01_normed.wav,5373878,2023-08-18T13:23:34.000Z,https://s3.amazonaws.com/openneuro.org/ds004703/stimuli/all_stimuli/s2801a-ex01_normed.wav
stimuli/all_stimuli/s2801a-ex01_question_normed.wav,265002,2023-08-18T13:23:34.000Z,https://s3.amazonaws.com/openneuro.org/ds004703/stimuli/all_stimuli/s2801a-ex01_question_normed.wav
stimuli/all_stimuli/s2902a-ex01_question_normed.wav,371848,2023-08-18T13:23:35.000Z,https://s3.amazonaws.com/openneuro.org/ds004703/stimuli/all_stimuli/s2902a-ex01_question_normed.wav
stimuli/all_stimuli/s3001b-ex01_normed.wav,4337968,2023-08-18T13:23:35.000Z,https://s3.amazonaws.com/openneuro.org/ds004703/stimuli/all_stimuli/s3001b-ex01_normed.wav
stimuli/all_stimuli/s3001b-ex01_question_normed.wav,391398,2023-08-18T13:23:35.000Z,https://s3.amazonaws.com/openneuro.org/ds004703/stimuli/all_stimuli/s3001b-ex01_question_normed.wav
stimuli/all_stimuli/s3002a-ex01_question_normed.wav,408220,2023-08-18T13:23:36.000Z,https://s3.amazonaws.com/openneuro.org/ds004703/stimuli/all_stimuli/s3002a-ex01_question_normed.wav
stimuli/all_stimuli/s3003a-ex01_normed.wav,2958658,2023-08-18T13:23:36.000Z,https://s3.amazonaws.com/openneuro.org/ds004703/stimuli/all_stimuli/s3003a-ex01_normed.wav
stimuli/all_stimuli/s3003a-ex01_question_normed.wav,270456,2023-08-18T13:23:36.000Z,https://s3.amazonaws.com/openneuro.org/ds004703/stimuli/all_stimuli/s3003a-ex01_question_normed.wav
stimuli/all_stimuli/s3003a-ex02_normed.wav,3932640,2023-08-18T13:23:37.000Z,https://s3.amazonaws.com/openneuro.org/ds004703/stimuli/all_stimuli/s3003a-ex02_normed.wav
stimuli/all_stimuli/s3003a-ex02_question_normed.wav,344112,2023-08-18T13:23:37.000Z,https://s3.amazonaws.com/openneuro.org/ds004703/stimuli/all_stimuli/s3003a-ex02_question_normed.wav
stimuli/all_stimuli/s3102b-ex01_normed.wav,1834770,2023-08-18T13:23:37.000Z,https://s3.amazonaws.com/openneuro.org/ds004703/stimuli/all_stimuli/s3102b-ex01_normed.wav
stimuli/all_stimuli/s3102b-ex01_question_normed.wav,324562,2023-08-18T13:23:38.000Z,https://s3.amazonaws.com/openneuro.org/ds004703/stimuli/all_stimuli/s3102b-ex01_question_normed.wav
stimuli/all_stimuli/s3201a-ex01_normed.wav,6799366,2023-08-18T13:23:38.000Z,https://s3.amazonaws.com/openneuro.org/ds004703/stimuli/all_stimuli/s3201a-ex01_normed.wav
stimuli/all_stimuli/s3201a-ex01_question_normed.wav,417768,2023-08-18T13:23:39.000Z,https://s3.amazonaws.com/openneuro.org/ds004703/stimuli/all_stimuli/s3201a-ex01_question_normed.wav
stimuli/all_stimuli/s3301a-ex01_normed.wav,2256564,2023-08-18T13:23:39.000Z,https://s3.amazonaws.com/openneuro.org/ds004703/stimuli/all_stimuli/s3301a-ex01_normed.wav
stimuli/all_stimuli/s3301a-ex01_question_normed.wav,252726,2023-08-18T13:23:39.000Z,https://s3.amazonaws.com/openneuro.org/ds004703/stimuli/all_stimuli/s3301a-ex01_question_normed.wav
stimuli/all_stimuli/s3301a-ex02_normed.wav,3284436,2023-08-18T13:23:39.000Z,https://s3.amazonaws.com/openneuro.org/ds004703/stimuli/all_stimuli/s3301a-ex02_normed.wav
stimuli/all_stimuli/s3301a-ex02_question_normed.wav,305466,2023-08-18T13:23:40.000Z,https://s3.amazonaws.com/openneuro.org/ds004703/stimuli/all_stimuli/s3301a-ex02_question_normed.wav
stimuli/all_stimuli/s3602b-ex01_normed.wav,3140702,2023-08-18T13:23:40.000Z,https://s3.amazonaws.com/openneuro.org/ds004703/stimuli/all_stimuli/s3602b-ex01_normed.wav
stimuli/all_stimuli/s3602b-ex01_question_normed.wav,362300,2023-08-18T13:23:40.000Z,https://s3.amazonaws.com/openneuro.org/ds004703/stimuli/all_stimuli/s3602b-ex01_question_normed.wav
stimuli/all_stimuli/s3602b-ex02_normed.wav,2901736,2023-08-18T13:23:41.000Z,https://s3.amazonaws.com/openneuro.org/ds004703/stimuli/all_stimuli/s3602b-ex02_normed.wav
stimuli/all_stimuli/s3602b-ex02_question_normed.wav,295008,2023-08-18T13:23:41.000Z,https://s3.amazonaws.com/openneuro.org/ds004703/stimuli/all_stimuli/s3602b-ex02_question_normed.wav
stimuli/all_stimuli/s3703b-ex01_normed.wav,3119832,2023-08-18T13:23:41.000Z,https://s3.amazonaws.com/openneuro.org/ds004703/stimuli/all_stimuli/s3703b-ex01_normed.wav
stimuli/all_stimuli/s3703b-ex01_question_normed.wav,560532,2023-08-18T13:23:42.000Z,https://s3.amazonaws.com/openneuro.org/ds004703/stimuli/all_stimuli/s3703b-ex01_question_normed.wav
stimuli/all_stimuli/s3801a-ex01_normed.wav,2919608,2023-08-18T13:23:42.000Z,https://s3.amazonaws.com/openneuro.org/ds004703/stimuli/all_stimuli/s3801a-ex01_normed.wav
stimuli/all_stimuli/s3801a-ex01_question_normed.wav,544620,2023-08-18T13:23:43.000Z,https://s3.amazonaws.com/openneuro.org/ds004703/stimuli/all_stimuli/s3801a-ex01_question_normed.wav
stimuli/all_stimuli/s3802a-ex01_normed.wav,3058484,2023-08-18T13:23:43.000Z,https://s3.amazonaws.com/openneuro.org/ds004703/stimuli/all_stimuli/s3802a-ex01_normed.wav
stimuli/all_stimuli/s3802a-ex01_question_normed.wav,460960,2023-08-18T13:23:43.000Z,https://s3.amazonaws.com/openneuro.org/ds004703/stimuli/all_stimuli/s3802a-ex01_question_normed.wav
stimuli/all_stimuli/s3902a-ex01_normed.wav,2783074,2023-08-18T13:23:43.000Z,https://s3.amazonaws.com/openneuro.org/ds004703/stimuli/all_stimuli/s3902a-ex01_normed.wav
stimuli/all_stimuli/s3902a-ex01_question_normed.wav,456870,2023-08-18T13:23:44.000Z,https://s3.amazonaws.com/openneuro.org/ds004703/stimuli/all_stimuli/s3902a-ex01_question_normed.wav
stimuli/all_stimuli/s3902a-ex02_question_normed.wav,285460,2023-08-18T13:23:44.000Z,https://s3.amazonaws.com/openneuro.org/ds004703/stimuli/all_stimuli/s3902a-ex02_question_normed.wav
stimuli/all_stimuli/s3903b-ex01_normed.wav,2315554,2023-08-18T13:23:44.000Z,https://s3.amazonaws.com/openneuro.org/ds004703/stimuli/all_stimuli/s3903b-ex01_normed.wav
stimuli/all_stimuli/s3903b-ex01_question_normed.wav,329108,2023-08-18T13:23:45.000Z,https://s3.amazonaws.com/openneuro.org/ds004703/stimuli/all_stimuli/s3903b-ex01_question_normed.wav
stimuli/all_stimuli/s3903b-ex02_normed.wav,2905066,2023-08-18T13:23:45.000Z,https://s3.amazonaws.com/openneuro.org/ds004703/stimuli/all_stimuli/s3903b-ex02_normed.wav
stimuli/all_stimuli/s3903b-ex02_question_normed.wav,403218,2023-08-18T13:23:45.000Z,https://s3.amazonaws.com/openneuro.org/ds004703/stimuli/all_stimuli/s3903b-ex02_question_normed.wav
stimuli/all_stimuli/s4001b-ex01_question_normed.wav,305922,2023-08-18T13:23:46.000Z,https://s3.amazonaws.com/openneuro.org/ds004703/stimuli/all_stimuli/s4001b-ex01_question_normed.wav
stimuli/all_stimuli/s4002b-ex01_normed.wav,3054542,2023-08-18T13:23:46.000Z,https://s3.amazonaws.com/openneuro.org/ds004703/stimuli/all_stimuli/s4002b-ex01_normed.wav
stimuli/all_stimuli/s4002b-ex01_question_normed.wav,377304,2023-08-18T13:23:46.000Z,https://s3.amazonaws.com/openneuro.org/ds004703/stimuli/all_stimuli/s4002b-ex01_question_normed.wav
stimuli/all_stimuli/s4003b-ex01_normed.wav,2239790,2023-08-18T13:23:47.000Z,https://s3.amazonaws.com/openneuro.org/ds004703/stimuli/all_stimuli/s4003b-ex01_normed.wav
stimuli/all_stimuli/s4003b-ex01_question_normed.wav,368254,2023-08-18T13:23:47.000Z,https://s3.amazonaws.com/openneuro.org/ds004703/stimuli/all_stimuli/s4003b-ex01_question_normed.wav
stimuli/all_stimuli/welcome_normed.wav,174620,2023-08-18T13:23:47.000Z,https://s3.amazonaws.com/openneuro.org/ds004703/stimuli/all_stimuli/welcome_normed.wav
stimuli/cp_wavs.py,380,2023-08-18T13:23:48.000Z,https://s3.amazonaws.com/openneuro.org/ds004703/stimuli/cp_wavs.py
stimuli/excerpts/Block 1/catalan-m01_normed.wav,303728,2023-08-18T13:23:48.000Z,https://s3.amazonaws.com/openneuro.org/ds004703/stimuli/excerpts/Block%201/catalan-m01_normed.wav
stimuli/excerpts/Block 1/s1303a-ex01_normed.wav,3017890,2023-08-18T13:23:48.000Z,https://s3.amazonaws.com/openneuro.org/ds004703/stimuli/excerpts/Block%201/s1303a-ex01_normed.wav
stimuli/excerpts/Block 1/s1401a-ex01_normed.wav,3112104,2023-08-18T13:23:49.000Z,https://s3.amazonaws.com/openneuro.org/ds004703/stimuli/excerpts/Block%201/s1401a-ex01_normed.wav
stimuli/excerpts/Block 1/s1901b-ex01_normed.wav,3297632,2023-08-18T13:23:49.000Z,https://s3.amazonaws.com/openneuro.org/ds004703/stimuli/excerpts/Block%201/s1901b-ex01_normed.wav
stimuli/excerpts/Block 1/s2102a-ex01_normed.wav,2486276,2023-08-18T13:23:49.000Z,https://s3.amazonaws.com/openneuro.org/ds004703/stimuli/excerpts/Block%201/s2102a-ex01_normed.wav
stimuli/excerpts/Block 1/s2301a-ex01_normed.wav,1987834,2023-08-18T13:23:50.000Z,https://s3.amazonaws.com/openneuro.org/ds004703/stimuli/excerpts/Block%201/s2301a-ex01_normed.wav
stimuli/excerpts/Block 1/s3001b-ex01_normed.wav,4337968,2023-08-18T13:23:50.000Z,https://s3.amazonaws.com/openneuro.org/ds004703/stimuli/excerpts/Block%201/s3001b-ex01_normed.wav
stimuli/excerpts/Block 1/s3602b-ex01_normed.wav,3140702,2023-08-18T13:23:50.000Z,https://s3.amazonaws.com/openneuro.org/ds004703/stimuli/excerpts/Block%201/s3602b-ex01_normed.wav
stimuli/excerpts/Block 1/s4002b-ex01_normed.wav,3054542,2023-08-18T13:23:51.000Z,https://s3.amazonaws.com/openneuro.org/ds004703/stimuli/excerpts/Block%201/s4002b-ex01_normed.wav
stimuli/excerpts/Block 2/catalan-f01_normed.wav,303728,2023-08-18T13:23:52.000Z,https://s3.amazonaws.com/openneuro.org/ds004703/stimuli/excerpts/Block%202/catalan-f01_normed.wav
stimuli/excerpts/Block 2/s0703b-ex01_normed.wav,3442904,2023-08-18T13:23:52.000Z,https://s3.amazonaws.com/openneuro.org/ds004703/stimuli/excerpts/Block%202/s0703b-ex01_normed.wav
stimuli/excerpts/Block 2/s1201a-ex01_normed.wav,3047966,2023-08-18T13:23:52.000Z,https://s3.amazonaws.com/openneuro.org/ds004703/stimuli/excerpts/Block%202/s1201a-ex01_normed.wav
stimuli/excerpts/Block 2/s2102a-ex02_normed.wav,3207652,2023-08-18T13:23:53.000Z,https://s3.amazonaws.com/openneuro.org/ds004703/stimuli/excerpts/Block%202/s2102a-ex02_normed.wav
stimuli/excerpts/Block 2/s2202b-ex02_normed.wav,4809358,2023-08-18T13:23:53.000Z,https://s3.amazonaws.com/openneuro.org/ds004703/stimuli/excerpts/Block%202/s2202b-ex02_normed.wav
stimuli/excerpts/Block 2/s3301a-ex01_normed.wav,2256564,2023-08-18T13:23:54.000Z,https://s3.amazonaws.com/openneuro.org/ds004703/stimuli/excerpts/Block%202/s3301a-ex01_normed.wav
stimuli/excerpts/Block 2/s3602b-ex02_normed.wav,2901736,2023-08-18T13:23:54.000Z,https://s3.amazonaws.com/openneuro.org/ds004703/stimuli/excerpts/Block%202/s3602b-ex02_normed.wav
stimuli/excerpts/Block 2/s3903b-ex01_normed.wav,2315554,2023-08-18T13:23:54.000Z,https://s3.amazonaws.com/openneuro.org/ds004703/stimuli/excerpts/Block%202/s3903b-ex01_normed.wav
stimuli/excerpts/Block 2/s4003b-ex01_normed.wav,2239790,2023-08-18T13:23:55.000Z,https://s3.amazonaws.com/openneuro.org/ds004703/stimuli/excerpts/Block%202/s4003b-ex01_normed.wav
stimuli/excerpts/Block 3/catalan-m02_normed.wav,303728,2023-08-18T13:23:55.000Z,https://s3.amazonaws.com/openneuro.org/ds004703/stimuli/excerpts/Block%203/catalan-m02_normed.wav
stimuli/excerpts/Block 3/s1001a-ex01_normed.wav,3675454,2023-08-18T13:23:55.000Z,https://s3.amazonaws.com/openneuro.org/ds004703/stimuli/excerpts/Block%203/s1001a-ex01_normed.wav
stimuli/excerpts/Block 3/s1303a-ex02_normed.wav,2588278,2023-08-18T13:23:56.000Z,https://s3.amazonaws.com/openneuro.org/ds004703/stimuli/excerpts/Block%203/s1303a-ex02_normed.wav
stimuli/excerpts/Block 3/s1401a-ex02_normed.wav,3226614,2023-08-18T13:23:56.000Z,https://s3.amazonaws.com/openneuro.org/ds004703/stimuli/excerpts/Block%203/s1401a-ex02_normed.wav
stimuli/excerpts/Block 3/s1501a-ex01_normed.wav,3804854,2023-08-18T13:23:56.000Z,https://s3.amazonaws.com/openneuro.org/ds004703/stimuli/excerpts/Block%203/s1501a-ex01_normed.wav
stimuli/excerpts/Block 3/s3201a-ex01_normed.wav,6799366,2023-08-18T13:23:57.000Z,https://s3.amazonaws.com/openneuro.org/ds004703/stimuli/excerpts/Block%203/s3201a-ex01_normed.wav
stimuli/excerpts/Block 3/s3301a-ex02_normed.wav,3284436,2023-08-18T13:23:57.000Z,https://s3.amazonaws.com/openneuro.org/ds004703/stimuli/excerpts/Block%203/s3301a-ex02_normed.wav
stimuli/excerpts/Block 3/s3703b-ex01_normed.wav,3119832,2023-08-18T13:23:57.000Z,https://s3.amazonaws.com/openneuro.org/ds004703/stimuli/excerpts/Block%203/s3703b-ex01_normed.wav
stimuli/excerpts/Block 3/s3903b-ex02_normed.wav,2905066,2023-08-18T13:23:58.000Z,https://s3.amazonaws.com/openneuro.org/ds004703/stimuli/excerpts/Block%203/s3903b-ex02_normed.wav
stimuli/excerpts/Block 4/catalan-f02_normed.wav,303728,2023-08-18T13:23:58.000Z,https://s3.amazonaws.com/openneuro.org/ds004703/stimuli/excerpts/Block%204/catalan-f02_normed.wav
stimuli/excerpts/Block 4/s0202b-ex01_normed.wav,5020206,2023-08-18T13:23:58.000Z,https://s3.amazonaws.com/openneuro.org/ds004703/stimuli/excerpts/Block%204/s0202b-ex01_normed.wav
stimuli/excerpts/Block 4/s0702a-ex01_normed.wav,2686814,2023-08-18T13:23:59.000Z,https://s3.amazonaws.com/openneuro.org/ds004703/stimuli/excerpts/Block%204/s0702a-ex01_normed.wav
stimuli/excerpts/Block 4/s1604a-ex01_normed.wav,4089316,2023-08-18T13:23:59.000Z,https://s3.amazonaws.com/openneuro.org/ds004703/stimuli/excerpts/Block%204/s1604a-ex01_normed.wav
stimuli/excerpts/Block 4/s2102a-ex03_normed.wav,3993134,2023-08-18T13:23:59.000Z,https://s3.amazonaws.com/openneuro.org/ds004703/stimuli/excerpts/Block%204/s2102a-ex03_normed.wav
stimuli/excerpts/Block 4/s2801a-ex01_normed.wav,5373878,2023-08-18T13:24:00.000Z,https://s3.amazonaws.com/openneuro.org/ds004703/stimuli/excerpts/Block%204/s2801a-ex01_normed.wav
stimuli/excerpts/Block 4/s3102b-ex01_normed.wav,1834770,2023-08-18T13:24:00.000Z,https://s3.amazonaws.com/openneuro.org/ds004703/stimuli/excerpts/Block%204/s3102b-ex01_normed.wav
stimuli/excerpts/Block 4/s3802a-ex01_normed.wav,3058484,2023-08-18T13:24:00.000Z,https://s3.amazonaws.com/openneuro.org/ds004703/stimuli/excerpts/Block%204/s3802a-ex01_normed.wav
stimuli/excerpts/Block 4/s3902a-ex01_normed.wav,2783074,2023-08-18T13:24:01.000Z,https://s3.amazonaws.com/openneuro.org/ds004703/stimuli/excerpts/Block%204/s3902a-ex01_normed.wav
stimuli/excerpts/Block 5/catalan-m03_normed.wav,303728,2023-08-18T13:24:01.000Z,https://s3.amazonaws.com/openneuro.org/ds004703/stimuli/excerpts/Block%205/catalan-m03_normed.wav
stimuli/excerpts/Block 5/s0203b-ex01_normed.wav,3788360,2023-08-18T13:24:01.000Z,https://s3.amazonaws.com/openneuro.org/ds004703/stimuli/excerpts/Block%205/s0203b-ex01_normed.wav
stimuli/excerpts/Block 5/s0802b-ex01_normed.wav,2645448,2023-08-18T13:24:02.000Z,https://s3.amazonaws.com/openneuro.org/ds004703/stimuli/excerpts/Block%205/s0802b-ex01_normed.wav
stimuli/excerpts/Block 5/s1103a-ex01_normed.wav,4823940,2023-08-18T13:24:02.000Z,https://s3.amazonaws.com/openneuro.org/ds004703/stimuli/excerpts/Block%205/s1103a-ex01_normed.wav
stimuli/excerpts/Block 5/s1202b-ex01_normed.wav,3041014,2023-08-18T13:24:02.000Z,https://s3.amazonaws.com/openneuro.org/ds004703/stimuli/excerpts/Block%205/s1202b-ex01_normed.wav
stimuli/excerpts/Block 5/s1401b-ex01_normed.wav,4801376,2023-08-18T13:24:03.000Z,https://s3.amazonaws.com/openneuro.org/ds004703/stimuli/excerpts/Block%205/s1401b-ex01_normed.wav
stimuli/excerpts/Block 5/s1503a-ex01_normed.wav,1486710,2023-08-18T13:24:03.000Z,https://s3.amazonaws.com/openneuro.org/ds004703/stimuli/excerpts/Block%205/s1503a-ex01_normed.wav
stimuli/excerpts/Block 5/s1703b-ex01_normed.wav,4718822,2023-08-18T13:24:03.000Z,https://s3.amazonaws.com/openneuro.org/ds004703/stimuli/excerpts/Block%205/s1703b-ex01_normed.wav
stimuli/excerpts/Block 5/s3003a-ex01_normed.wav,2958658,2023-08-18T13:24:03.000Z,https://s3.amazonaws.com/openneuro.org/ds004703/stimuli/excerpts/Block%205/s3003a-ex01_normed.wav
stimuli/excerpts/Block 6/catalan-f03_normed.wav,303728,2023-08-18T13:24:04.000Z,https://s3.amazonaws.com/openneuro.org/ds004703/stimuli/excerpts/Block%206/catalan-f03_normed.wav
stimuli/excerpts/Block 6/s0305a-ex01_normed.wav,3837394,2023-08-18T13:24:04.000Z,https://s3.amazonaws.com/openneuro.org/ds004703/stimuli/excerpts/Block%206/s0305a-ex01_normed.wav
stimuli/excerpts/Block 6/s0901b-ex01_normed.wav,3208418,2023-08-18T13:24:04.000Z,https://s3.amazonaws.com/openneuro.org/ds004703/stimuli/excerpts/Block%206/s0901b-ex01_normed.wav
stimuli/excerpts/Block 6/s1203a-ex01_normed.wav,3004004,2023-08-18T13:24:05.000Z,https://s3.amazonaws.com/openneuro.org/ds004703/stimuli/excerpts/Block%206/s1203a-ex01_normed.wav
stimuli/excerpts/Block 6/s1503a-ex02_normed.wav,2435620,2023-08-18T13:24:05.000Z,https://s3.amazonaws.com/openneuro.org/ds004703/stimuli/excerpts/Block%206/s1503a-ex02_normed.wav
stimuli/excerpts/Block 6/s1702b-ex01_normed.wav,3653574,2023-08-18T13:24:05.000Z,https://s3.amazonaws.com/openneuro.org/ds004703/stimuli/excerpts/Block%206/s1702b-ex01_normed.wav
stimuli/excerpts/Block 6/s2302b-ex01_normed.wav,3097936,2023-08-18T13:24:06.000Z,https://s3.amazonaws.com/openneuro.org/ds004703/stimuli/excerpts/Block%206/s2302b-ex01_normed.wav
stimuli/excerpts/Block 6/s3003a-ex02_normed.wav,3932640,2023-08-18T13:24:06.000Z,https://s3.amazonaws.com/openneuro.org/ds004703/stimuli/excerpts/Block%206/s3003a-ex02_normed.wav
stimuli/excerpts/Block 6/s3801a-ex01_normed.wav,2919608,2023-08-18T13:24:06.000Z,https://s3.amazonaws.com/openneuro.org/ds004703/stimuli/excerpts/Block%206/s3801a-ex01_normed.wav
stimuli/excerpts/catalan_v2/catalan-f01_normed.wav,4122184,2023-08-18T13:24:07.000Z,https://s3.amazonaws.com/openneuro.org/ds004703/stimuli/excerpts/catalan_v2/catalan-f01_normed.wav
stimuli/excerpts/catalan_v2/catalan-f02_normed.wav,3836180,2023-08-18T13:24:07.000Z,https://s3.amazonaws.com/openneuro.org/ds004703/stimuli/excerpts/catalan_v2/catalan-f02_normed.wav
stimuli/excerpts/catalan_v2/catalan-f03_normed.wav,4774396,2023-08-18T13:24:08.000Z,https://s3.amazonaws.com/openneuro.org/ds004703/stimuli/excerpts/catalan_v2/catalan-f03_normed.wav
stimuli/excerpts/catalan_v2/catalan-m01_normed.wav,4138608,2023-08-18T13:24:08.000Z,https://s3.amazonaws.com/openneuro.org/ds004703/stimuli/excerpts/catalan_v2/catalan-m01_normed.wav
stimuli/excerpts/catalan_v2/catalan-m02_normed.wav,4533376,2023-08-18T13:24:09.000Z,https://s3.amazonaws.com/openneuro.org/ds004703/stimuli/excerpts/catalan_v2/catalan-m02_normed.wav
stimuli/excerpts/catalan_v2/catalan-m03_normed.wav,4485312,2023-08-18T13:24:09.000Z,https://s3.amazonaws.com/openneuro.org/ds004703/stimuli/excerpts/catalan_v2/catalan-m03_normed.wav
stimuli/instructions1_normed.wav,3106520,2023-08-18T13:24:10.000Z,https://s3.amazonaws.com/openneuro.org/ds004703/stimuli/instructions1_normed.wav
stimuli/instructions2_clipped_normed.wav,2655140,2023-08-18T13:24:10.000Z,https://s3.amazonaws.com/openneuro.org/ds004703/stimuli/instructions2_clipped_normed.wav
stimuli/instructions2_normed.wav,1872828,2023-08-18T13:24:10.000Z,https://s3.amazonaws.com/openneuro.org/ds004703/stimuli/instructions2_normed.wav
stimuli/instructions3_normed.wav,551130,2023-08-18T13:24:11.000Z,https://s3.amazonaws.com/openneuro.org/ds004703/stimuli/instructions3_normed.wav
stimuli/pleasePressSpace_normed.wav,303728,2023-08-18T13:24:11.000Z,https://s3.amazonaws.com/openneuro.org/ds004703/stimuli/pleasePressSpace_normed.wav
stimuli/questions/catalan-f01_question_normed.wav,4122184,2023-08-18T13:24:11.000Z,https://s3.amazonaws.com/openneuro.org/ds004703/stimuli/questions/catalan-f01_question_normed.wav
stimuli/questions/catalan-f02_question_normed.wav,3836180,2023-08-18T13:24:12.000Z,https://s3.amazonaws.com/openneuro.org/ds004703/stimuli/questions/catalan-f02_question_normed.wav
stimuli/questions/catalan-f03_question_normed.wav,4774396,2023-08-18T13:24:12.000Z,https://s3.amazonaws.com/openneuro.org/ds004703/stimuli/questions/catalan-f03_question_normed.wav
stimuli/questions/catalan-m01_question_normed.wav,4138608,2023-08-18T13:24:12.000Z,https://s3.amazonaws.com/openneuro.org/ds004703/stimuli/questions/catalan-m01_question_normed.wav
stimuli/questions/catalan-m02_question_normed.wav,4533376,2023-08-18T13:24:13.000Z,https://s3.amazonaws.com/openneuro.org/ds004703/stimuli/questions/catalan-m02_question_normed.wav
stimuli/questions/catalan-m03_question_normed.wav,4485312,2023-08-18T13:24:13.000Z,https://s3.amazonaws.com/openneuro.org/ds004703/stimuli/questions/catalan-m03_question_normed.wav
stimuli/questions/catalan_questions_v2/catalan-f01_question_normed.wav,334560,2023-08-18T13:24:13.000Z,https://s3.amazonaws.com/openneuro.org/ds004703/stimuli/questions/catalan_questions_v2/catalan-f01_question_normed.wav
stimuli/questions/catalan_questions_v2/catalan-f02_question_normed.wav,334560,2023-08-18T13:24:14.000Z,https://s3.amazonaws.com/openneuro.org/ds004703/stimuli/questions/catalan_questions_v2/catalan-f02_question_normed.wav
stimuli/questions/catalan_questions_v2/catalan-f03_question_normed.wav,334560,2023-08-18T13:24:14.000Z,https://s3.amazonaws.com/openneuro.org/ds004703/stimuli/questions/catalan_questions_v2/catalan-f03_question_normed.wav
stimuli/questions/catalan_questions_v2/catalan-m01_question_normed.wav,334560,2023-08-18T13:24:14.000Z,https://s3.amazonaws.com/openneuro.org/ds004703/stimuli/questions/catalan_questions_v2/catalan-m01_question_normed.wav
stimuli/questions/catalan_questions_v2/catalan-m02_question_normed.wav,334560,2023-08-18T13:24:15.000Z,https://s3.amazonaws.com/openneuro.org/ds004703/stimuli/questions/catalan_questions_v2/catalan-m02_question_normed.wav
stimuli/questions/catalan_questions_v2/catalan-m03_question_normed.wav,334560,2023-08-18T13:24:15.000Z,https://s3.amazonaws.com/openneuro.org/ds004703/stimuli/questions/catalan_questions_v2/catalan-m03_question_normed.wav
stimuli/questions/s0102b-ex01_question_normed.wav,336598,2023-08-18T13:24:15.000Z,https://s3.amazonaws.com/openneuro.org/ds004703/stimuli/questions/s0102b-ex01_question_normed.wav
stimuli/questions/s0202a-ex01_question_normed.wav,394774,2023-08-18T13:24:16.000Z,https://s3.amazonaws.com/openneuro.org/ds004703/stimuli/questions/s0202a-ex01_question_normed.wav
stimuli/questions/s0202b-ex01_question_normed.wav,392238,2023-08-18T13:24:16.000Z,https://s3.amazonaws.com/openneuro.org/ds004703/stimuli/questions/s0202b-ex01_question_normed.wav
stimuli/questions/s0203b-ex01_question_normed.wav,411534,2023-08-18T13:24:16.000Z,https://s3.amazonaws.com/openneuro.org/ds004703/stimuli/questions/s0203b-ex01_question_normed.wav
stimuli/questions/s0302b-ex01_question_normed.wav,375394,2023-08-18T13:24:16.000Z,https://s3.amazonaws.com/openneuro.org/ds004703/stimuli/questions/s0302b-ex01_question_normed.wav
stimuli/questions/s0305a-ex01_question_normed.wav,460016,2023-08-18T13:24:17.000Z,https://s3.amazonaws.com/openneuro.org/ds004703/stimuli/questions/s0305a-ex01_question_normed.wav
stimuli/questions/s0501a-ex01_question_normed.wav,622986,2023-08-18T13:24:17.000Z,https://s3.amazonaws.com/openneuro.org/ds004703/stimuli/questions/s0501a-ex01_question_normed.wav
stimuli/questions/s0501a-ex02_question_normed.wav,425048,2023-08-18T13:24:17.000Z,https://s3.amazonaws.com/openneuro.org/ds004703/stimuli/questions/s0501a-ex02_question_normed.wav
stimuli/questions/s0601a-ex01_question_normed.wav,408936,2023-08-18T13:24:18.000Z,https://s3.amazonaws.com/openneuro.org/ds004703/stimuli/questions/s0601a-ex01_question_normed.wav
stimuli/questions/s0602b-ex01_question_normed.wav,367126,2023-08-18T13:24:18.000Z,https://s3.amazonaws.com/openneuro.org/ds004703/stimuli/questions/s0602b-ex01_question_normed.wav
stimuli/questions/s0702a-ex01_question_normed.wav,315922,2023-08-18T13:24:18.000Z,https://s3.amazonaws.com/openneuro.org/ds004703/stimuli/questions/s0702a-ex01_question_normed.wav
stimuli/questions/s0703b-ex01_question_normed.wav,273640,2023-08-18T13:24:19.000Z,https://s3.amazonaws.com/openneuro.org/ds004703/stimuli/questions/s0703b-ex01_question_normed.wav
stimuli/questions/s0802b-ex01_question_normed.wav,391398,2023-08-18T13:24:19.000Z,https://s3.amazonaws.com/openneuro.org/ds004703/stimuli/questions/s0802b-ex01_question_normed.wav
stimuli/questions/s0901b-ex01_question_normed.wav,433682,2023-08-18T13:24:19.000Z,https://s3.amazonaws.com/openneuro.org/ds004703/stimuli/questions/s0901b-ex01_question_normed.wav
stimuli/questions/s1001a-ex01_question_normed.wav,295462,2023-08-18T13:24:20.000Z,https://s3.amazonaws.com/openneuro.org/ds004703/stimuli/questions/s1001a-ex01_question_normed.wav
stimuli/questions/s1103a-ex01_question_normed.wav,320924,2023-08-18T13:24:20.000Z,https://s3.amazonaws.com/openneuro.org/ds004703/stimuli/questions/s1103a-ex01_question_normed.wav
stimuli/questions/s1201a-ex01_question_normed.wav,274094,2023-08-18T13:24:20.000Z,https://s3.amazonaws.com/openneuro.org/ds004703/stimuli/questions/s1201a-ex01_question_normed.wav
stimuli/questions/s1202b-ex01_question_normed.wav,307738,2023-08-18T13:24:20.000Z,https://s3.amazonaws.com/openneuro.org/ds004703/stimuli/questions/s1202b-ex01_question_normed.wav
stimuli/questions/s1203a-ex01_question_normed.wav,360482,2023-08-18T13:24:21.000Z,https://s3.amazonaws.com/openneuro.org/ds004703/stimuli/questions/s1203a-ex01_question_normed.wav
stimuli/questions/s1303a-ex01_question_normed.wav,441410,2023-08-18T13:24:21.000Z,https://s3.amazonaws.com/openneuro.org/ds004703/stimuli/questions/s1303a-ex01_question_normed.wav
stimuli/questions/s1303a-ex02_question_normed.wav,590086,2023-08-18T13:24:21.000Z,https://s3.amazonaws.com/openneuro.org/ds004703/stimuli/questions/s1303a-ex02_question_normed.wav
stimuli/questions/s1401a-ex01_question_normed.wav,341838,2023-08-18T13:24:22.000Z,https://s3.amazonaws.com/openneuro.org/ds004703/stimuli/questions/s1401a-ex01_question_normed.wav
stimuli/questions/s1401a-ex02_question_normed.wav,338202,2023-08-18T13:24:22.000Z,https://s3.amazonaws.com/openneuro.org/ds004703/stimuli/questions/s1401a-ex02_question_normed.wav
stimuli/questions/s1401b-ex01_question_normed.wav,302738,2023-08-18T13:24:22.000Z,https://s3.amazonaws.com/openneuro.org/ds004703/stimuli/questions/s1401b-ex01_question_normed.wav
stimuli/questions/s1501a-ex01_question_normed.wav,340858,2023-08-18T13:24:23.000Z,https://s3.amazonaws.com/openneuro.org/ds004703/stimuli/questions/s1501a-ex01_question_normed.wav
stimuli/questions/s1503a-ex01_question_normed.wav,340020,2023-08-18T13:24:23.000Z,https://s3.amazonaws.com/openneuro.org/ds004703/stimuli/questions/s1503a-ex01_question_normed.wav
stimuli/questions/s1503a-ex02_question_normed.wav,302738,2023-08-18T13:24:23.000Z,https://s3.amazonaws.com/openneuro.org/ds004703/stimuli/questions/s1503a-ex02_question_normed.wav
stimuli/questions/s1503a-ex03_question_normed.wav,403674,2023-08-18T13:24:24.000Z,https://s3.amazonaws.com/openneuro.org/ds004703/stimuli/questions/s1503a-ex03_question_normed.wav
stimuli/questions/s1604a-ex01_question_normed.wav,388216,2023-08-18T13:24:24.000Z,https://s3.amazonaws.com/openneuro.org/ds004703/stimuli/questions/s1604a-ex01_question_normed.wav
stimuli/questions/s1702b-ex01_question_normed.wav,401402,2023-08-18T13:24:24.000Z,https://s3.amazonaws.com/openneuro.org/ds004703/stimuli/questions/s1702b-ex01_question_normed.wav
stimuli/questions/s1703b-ex01_question_normed.wav,343202,2023-08-18T13:24:24.000Z,https://s3.amazonaws.com/openneuro.org/ds004703/stimuli/questions/s1703b-ex01_question_normed.wav
stimuli/questions/s1901a-ex01_question_normed.wav,254090,2023-08-18T13:24:25.000Z,https://s3.amazonaws.com/openneuro.org/ds004703/stimuli/questions/s1901a-ex01_question_normed.wav
stimuli/questions/s1901b-ex01_question_normed.wav,360480,2023-08-18T13:24:25.000Z,https://s3.amazonaws.com/openneuro.org/ds004703/stimuli/questions/s1901b-ex01_question_normed.wav
stimuli/questions/s2102a-ex01_question_normed.wav,435046,2023-08-18T13:24:26.000Z,https://s3.amazonaws.com/openneuro.org/ds004703/stimuli/questions/s2102a-ex01_question_normed.wav
stimuli/questions/s2102a-ex02_question_normed.wav,248632,2023-08-18T13:24:26.000Z,https://s3.amazonaws.com/openneuro.org/ds004703/stimuli/questions/s2102a-ex02_question_normed.wav
stimuli/questions/s2102a-ex03_question_normed.wav,203622,2023-08-18T13:24:26.000Z,https://s3.amazonaws.com/openneuro.org/ds004703/stimuli/questions/s2102a-ex03_question_normed.wav
stimuli/questions/s2202b-ex02_question_normed.wav,407310,2023-08-18T13:24:27.000Z,https://s3.amazonaws.com/openneuro.org/ds004703/stimuli/questions/s2202b-ex02_question_normed.wav
stimuli/questions/s2301a-ex01_question_normed.wav,366392,2023-08-18T13:24:27.000Z,https://s3.amazonaws.com/openneuro.org/ds004703/stimuli/questions/s2301a-ex01_question_normed.wav
stimuli/questions/s2302b-ex01_question_normed.wav,387760,2023-08-18T13:24:27.000Z,https://s3.amazonaws.com/openneuro.org/ds004703/stimuli/questions/s2302b-ex01_question_normed.wav
stimuli/questions/s2403a-ex01_question_normed.wav,380032,2023-08-18T13:24:28.000Z,https://s3.amazonaws.com/openneuro.org/ds004703/stimuli/questions/s2403a-ex01_question_normed.wav
stimuli/questions/s2502a-ex01_question_normed.wav,261364,2023-08-18T13:24:28.000Z,https://s3.amazonaws.com/openneuro.org/ds004703/stimuli/questions/s2502a-ex01_question_normed.wav
stimuli/questions/s2801a-ex01_question_normed.wav,265002,2023-08-18T13:24:28.000Z,https://s3.amazonaws.com/openneuro.org/ds004703/stimuli/questions/s2801a-ex01_question_normed.wav
stimuli/questions/s2902a-ex01_question_normed.wav,371848,2023-08-18T13:24:28.000Z,https://s3.amazonaws.com/openneuro.org/ds004703/stimuli/questions/s2902a-ex01_question_normed.wav
stimuli/questions/s3001b-ex01_question_normed.wav,391398,2023-08-18T13:24:29.000Z,https://s3.amazonaws.com/openneuro.org/ds004703/stimuli/questions/s3001b-ex01_question_normed.wav
stimuli/questions/s3002a-ex01_question_normed.wav,408220,2023-08-18T13:24:29.000Z,https://s3.amazonaws.com/openneuro.org/ds004703/stimuli/questions/s3002a-ex01_question_normed.wav
stimuli/questions/s3003a-ex01_question_normed.wav,270456,2023-08-18T13:24:29.000Z,https://s3.amazonaws.com/openneuro.org/ds004703/stimuli/questions/s3003a-ex01_question_normed.wav
stimuli/questions/s3003a-ex02_question_normed.wav,344112,2023-08-18T13:24:30.000Z,https://s3.amazonaws.com/openneuro.org/ds004703/stimuli/questions/s3003a-ex02_question_normed.wav
stimuli/questions/s3102b-ex01_question_normed.wav,324562,2023-08-18T13:24:30.000Z,https://s3.amazonaws.com/openneuro.org/ds004703/stimuli/questions/s3102b-ex01_question_normed.wav
stimuli/questions/s3201a-ex01_question_normed.wav,417768,2023-08-18T13:24:30.000Z,https://s3.amazonaws.com/openneuro.org/ds004703/stimuli/questions/s3201a-ex01_question_normed.wav
stimuli/questions/s3301a-ex01_question_normed.wav,252726,2023-08-18T13:24:31.000Z,https://s3.amazonaws.com/openneuro.org/ds004703/stimuli/questions/s3301a-ex01_question_normed.wav
stimuli/questions/s3301a-ex02_question_normed.wav,305466,2023-08-18T13:24:31.000Z,https://s3.amazonaws.com/openneuro.org/ds004703/stimuli/questions/s3301a-ex02_question_normed.wav
stimuli/questions/s3602b-ex01_question_normed.wav,362300,2023-08-18T13:24:31.000Z,https://s3.amazonaws.com/openneuro.org/ds004703/stimuli/questions/s3602b-ex01_question_normed.wav
stimuli/questions/s3602b-ex02_question_normed.wav,295008,2023-08-18T13:24:31.000Z,https://s3.amazonaws.com/openneuro.org/ds004703/stimuli/questions/s3602b-ex02_question_normed.wav
stimuli/questions/s3703b-ex01_question_normed.wav,560532,2023-08-18T13:24:32.000Z,https://s3.amazonaws.com/openneuro.org/ds004703/stimuli/questions/s3703b-ex01_question_normed.wav
stimuli/questions/s3801a-ex01_question_normed.wav,544620,2023-08-18T13:24:32.000Z,https://s3.amazonaws.com/openneuro.org/ds004703/stimuli/questions/s3801a-ex01_question_normed.wav
stimuli/questions/s3802a-ex01_question_normed.wav,460960,2023-08-18T13:24:32.000Z,https://s3.amazonaws.com/openneuro.org/ds004703/stimuli/questions/s3802a-ex01_question_normed.wav
stimuli/questions/s3902a-ex01_question_normed.wav,456870,2023-08-18T13:24:33.000Z,https://s3.amazonaws.com/openneuro.org/ds004703/stimuli/questions/s3902a-ex01_question_normed.wav
stimuli/questions/s3902a-ex02_question_normed.wav,285460,2023-08-18T13:24:33.000Z,https://s3.amazonaws.com/openneuro.org/ds004703/stimuli/questions/s3902a-ex02_question_normed.wav
stimuli/questions/s3903b-ex01_question_normed.wav,329108,2023-08-18T13:24:33.000Z,https://s3.amazonaws.com/openneuro.org/ds004703/stimuli/questions/s3903b-ex01_question_normed.wav
stimuli/questions/s3903b-ex02_question_normed.wav,403218,2023-08-18T13:24:34.000Z,https://s3.amazonaws.com/openneuro.org/ds004703/stimuli/questions/s3903b-ex02_question_normed.wav
stimuli/questions/s4001b-ex01_question_normed.wav,305922,2023-08-18T13:24:34.000Z,https://s3.amazonaws.com/openneuro.org/ds004703/stimuli/questions/s4001b-ex01_question_normed.wav
stimuli/questions/s4002b-ex01_question_normed.wav,377304,2023-08-18T13:24:34.000Z,https://s3.amazonaws.com/openneuro.org/ds004703/stimuli/questions/s4002b-ex01_question_normed.wav
stimuli/questions/s4003b-ex01_question_normed.wav,368254,2023-08-18T13:24:34.000Z,https://s3.amazonaws.com/openneuro.org/ds004703/stimuli/questions/s4003b-ex01_question_normed.wav
stimuli/stim-times.tsv,2142858,2023-08-18T13:24:35.000Z,https://s3.amazonaws.com/openneuro.org/ds004703/stimuli/stim-times.tsv
stimuli/welcome_normed.wav,174620,2023-08-18T13:24:35.000Z,https://s3.amazonaws.com/openneuro.org/ds004703/stimuli/welcome_normed.wav
sub-SD010/ses-01/anat/SD010_contact_RAS.csv,3420,2023-08-18T13:24:35.000Z,https://s3.amazonaws.com/openneuro.org/ds004703/sub-SD010/ses-01/anat/SD010_contact_RAS.csv
sub-SD010/ses-01/anat/sub-SD010_CT_defaced.nii,16777568,2023-08-18T13:24:35.000Z,https://s3.amazonaws.com/openneuro.org/ds004703/sub-SD010/ses-01/anat/sub-SD010_CT_defaced.nii
sub-SD010/ses-01/anat/sub-SD010_T1w_defaced.nii,59244896,2023-08-18T13:24:36.000Z,https://s3.amazonaws.com/openneuro.org/ds004703/sub-SD010/ses-01/anat/sub-SD010_T1w_defaced.nii
sub-SD010/ses-01/ieeg/sub-SD010_ses-01_task-PassiveListen_channels.tsv,8724,2023-08-18T13:24:38.000Z,https://s3.amazonaws.com/openneuro.org/ds004703/sub-SD010/ses-01/ieeg/sub-SD010_ses-01_task-PassiveListen_channels.tsv
sub-SD010/ses-01/ieeg/sub-SD010_ses-01_task-PassiveListen_ieeg.edf,1506531536,2023-08-18T13:24:38.000Z,https://s3.amazonaws.com/openneuro.org/ds004703/sub-SD010/ses-01/ieeg/sub-SD010_ses-01_task-PassiveListen_ieeg.edf
sub-SD010/ses-01/ieeg/sub-SD010_ses-01_task-PassiveListen_ieeg.json,1260,2023-08-18T13:25:10.000Z,https://s3.amazonaws.com/openneuro.org/ds004703/sub-SD010/ses-01/ieeg/sub-SD010_ses-01_task-PassiveListen_ieeg.json
sub-SD010/ses-01/ieeg/sub-SD010_ses-01_task-PassiveListen_ieeg_audio-offset.json,29,2023-08-18T13:25:10.000Z,https://s3.amazonaws.com/openneuro.org/ds004703/sub-SD010/ses-01/ieeg/sub-SD010_ses-01_task-PassiveListen_ieeg_audio-offset.json
sub-SD010/ses-01/sub-SD010_ses-01_task-PassiveListen_events.tsv,901955,2023-08-18T13:25:10.000Z,https://s3.amazonaws.com/openneuro.org/ds004703/sub-SD010/ses-01/sub-SD010_ses-01_task-PassiveListen_events.tsv
sub-SD010/ses-01/sub-SD010_ses-01_task-PassiveListen_log.tsv,6703,2023-08-18T13:25:11.000Z,https://s3.amazonaws.com/openneuro.org/ds004703/sub-SD010/ses-01/sub-SD010_ses-01_task-PassiveListen_log.tsv
sub-SD011/ses-01/anat/sub-SD011_CT_defaced.nii,67109216,2023-08-18T13:25:11.000Z,https://s3.amazonaws.com/openneuro.org/ds004703/sub-SD011/ses-01/anat/sub-SD011_CT_defaced.nii
sub-SD011/ses-01/anat/sub-SD011_T1w_defaced.nii,16777568,2023-08-18T13:25:13.000Z,https://s3.amazonaws.com/openneuro.org/ds004703/sub-SD011/ses-01/anat/sub-SD011_T1w_defaced.nii
sub-SD011/ses-01/anat/sub-SD011_contact_RAS.csv,3713,2023-08-18T13:25:13.000Z,https://s3.amazonaws.com/openneuro.org/ds004703/sub-SD011/ses-01/anat/sub-SD011_contact_RAS.csv
sub-SD011/ses-01/ieeg/sub-SD011_ses-01_task-PassiveListen_channels.tsv,8621,2023-08-18T13:25:14.000Z,https://s3.amazonaws.com/openneuro.org/ds004703/sub-SD011/ses-01/ieeg/sub-SD011_ses-01_task-PassiveListen_channels.tsv
sub-SD011/ses-01/ieeg/sub-SD011_ses-01_task-PassiveListen_ieeg.edf,1833841408,2023-08-18T13:25:14.000Z,https://s3.amazonaws.com/openneuro.org/ds004703/sub-SD011/ses-01/ieeg/sub-SD011_ses-01_task-PassiveListen_ieeg.edf
sub-SD011/ses-01/ieeg/sub-SD011_ses-01_task-PassiveListen_ieeg.json,1256,2023-08-18T13:25:53.000Z,https://s3.amazonaws.com/openneuro.org/ds004703/sub-SD011/ses-01/ieeg/sub-SD011_ses-01_task-PassiveListen_ieeg.json
sub-SD011/ses-01/ieeg/sub-SD011_ses-01_task-PassiveListen_ieeg_audio-offset.json,40,2023-08-18T13:25:53.000Z,https://s3.amazonaws.com/openneuro.org/ds004703/sub-SD011/ses-01/ieeg/sub-SD011_ses-01_task-PassiveListen_ieeg_audio-offset.json
sub-SD011/ses-01/sub-SD011_ses-01_task-PassiveListen_events.tsv,1348169,2023-08-18T13:25:54.000Z,https://s3.amazonaws.com/openneuro.org/ds004703/sub-SD011/ses-01/sub-SD011_ses-01_task-PassiveListen_events.tsv
sub-SD011/ses-01/sub-SD011_ses-01_task-PassiveListen_log.tsv,9879,2023-08-18T13:25:54.000Z,https://s3.amazonaws.com/openneuro.org/ds004703/sub-SD011/ses-01/sub-SD011_ses-01_task-PassiveListen_log.tsv
sub-SD012/ses-01/ieeg/sub-SD012_ses-01_task-PassiveListen_channels.tsv,4812,2023-08-18T13:25:54.000Z,https://s3.amazonaws.com/openneuro.org/ds004703/sub-SD012/ses-01/ieeg/sub-SD012_ses-01_task-PassiveListen_channels.tsv
sub-SD012/ses-01/ieeg/sub-SD012_ses-01_task-PassiveListen_ieeg.edf,538464512,2023-08-18T13:25:55.000Z,https://s3.amazonaws.com/openneuro.org/ds004703/sub-SD012/ses-01/ieeg/sub-SD012_ses-01_task-PassiveListen_ieeg.edf
sub-SD012/ses-01/ieeg/sub-SD012_ses-01_task-PassiveListen_ieeg.json,1311,2023-08-18T13:26:06.000Z,https://s3.amazonaws.com/openneuro.org/ds004703/sub-SD012/ses-01/ieeg/sub-SD012_ses-01_task-PassiveListen_ieeg.json
sub-SD012/ses-01/ieeg/sub-SD012_ses-01_task-PassiveListen_ieeg_audio-offset.json,41,2023-08-18T13:26:06.000Z,https://s3.amazonaws.com/openneuro.org/ds004703/sub-SD012/ses-01/ieeg/sub-SD012_ses-01_task-PassiveListen_ieeg_audio-offset.json
sub-SD012/ses-01/sub-SD012_ses-01_task-PassiveListen_events.tsv,103102,2023-08-18T13:26:07.000Z,https://s3.amazonaws.com/openneuro.org/ds004703/sub-SD012/ses-01/sub-SD012_ses-01_task-PassiveListen_events.tsv
sub-SD012/ses-01/sub-SD012_ses-01_task-PassiveListen_log.tsv,828,2023-08-18T13:26:07.000Z,https://s3.amazonaws.com/openneuro.org/ds004703/sub-SD012/ses-01/sub-SD012_ses-01_task-PassiveListen_log.tsv
sub-SD012/ses-02/ieeg/sub-SD012_ses-02_task-PassiveListen_channels.tsv,4820,2023-08-18T13:26:07.000Z,https://s3.amazonaws.com/openneuro.org/ds004703/sub-SD012/ses-02/ieeg/sub-SD012_ses-02_task-PassiveListen_channels.tsv
sub-SD012/ses-02/ieeg/sub-SD012_ses-02_task-PassiveListen_ieeg.edf,394035456,2023-08-18T13:26:07.000Z,https://s3.amazonaws.com/openneuro.org/ds004703/sub-SD012/ses-02/ieeg/sub-SD012_ses-02_task-PassiveListen_ieeg.edf
sub-SD012/ses-02/ieeg/sub-SD012_ses-02_task-PassiveListen_ieeg.json,1311,2023-08-18T13:26:16.000Z,https://s3.amazonaws.com/openneuro.org/ds004703/sub-SD012/ses-02/ieeg/sub-SD012_ses-02_task-PassiveListen_ieeg.json
sub-SD012/ses-02/ieeg/sub-SD012_ses-02_task-PassiveListen_ieeg_audio-offset.json,41,2023-08-18T13:26:16.000Z,https://s3.amazonaws.com/openneuro.org/ds004703/sub-SD012/ses-02/ieeg/sub-SD012_ses-02_task-PassiveListen_ieeg_audio-offset.json
sub-SD012/ses-02/sub-SD012_ses-02_task-PassiveListen_events.tsv,1145816,2023-08-18T13:26:16.000Z,https://s3.amazonaws.com/openneuro.org/ds004703/sub-SD012/ses-02/sub-SD012_ses-02_task-PassiveListen_events.tsv
sub-SD012/ses-02/sub-SD012_ses-02_task-PassiveListen_log.tsv,8299,2023-08-18T13:26:17.000Z,https://s3.amazonaws.com/openneuro.org/ds004703/sub-SD012/ses-02/sub-SD012_ses-02_task-PassiveListen_log.tsv
sub-SD013/ses-01/anat/SD013_contact_RAS.csv,3304,2023-08-18T13:26:17.000Z,https://s3.amazonaws.com/openneuro.org/ds004703/sub-SD013/ses-01/anat/SD013_contact_RAS.csv
sub-SD013/ses-01/anat/sub-SD013_CT_defaced.nii,97517920,2023-08-18T13:26:17.000Z,https://s3.amazonaws.com/openneuro.org/ds004703/sub-SD013/ses-01/anat/sub-SD013_CT_defaced.nii
sub-SD013/ses-01/anat/sub-SD013_T1w_defaced.nii,133693792,2023-08-18T13:26:20.000Z,https://s3.amazonaws.com/openneuro.org/ds004703/sub-SD013/ses-01/anat/sub-SD013_T1w_defaced.nii
sub-SD013/ses-01/ieeg/sub-SD013_ses-01_task-PassiveListen_channels.tsv,4599,2023-08-18T13:26:23.000Z,https://s3.amazonaws.com/openneuro.org/ds004703/sub-SD013/ses-01/ieeg/sub-SD013_ses-01_task-PassiveListen_channels.tsv
sub-SD013/ses-01/ieeg/sub-SD013_ses-01_task-PassiveListen_ieeg.edf,1420838144,2023-08-18T13:26:23.000Z,https://s3.amazonaws.com/openneuro.org/ds004703/sub-SD013/ses-01/ieeg/sub-SD013_ses-01_task-PassiveListen_ieeg.edf
sub-SD013/ses-01/ieeg/sub-SD013_ses-01_task-PassiveListen_ieeg.json,1242,2023-08-18T13:26:53.000Z,https://s3.amazonaws.com/openneuro.org/ds004703/sub-SD013/ses-01/ieeg/sub-SD013_ses-01_task-PassiveListen_ieeg.json
sub-SD013/ses-01/ieeg/sub-SD013_ses-01_task-PassiveListen_ieeg_audio-offset.json,41,2023-08-18T13:26:53.000Z,https://s3.amazonaws.com/openneuro.org/ds004703/sub-SD013/ses-01/ieeg/sub-SD013_ses-01_task-PassiveListen_ieeg_audio-offset.json
sub-SD013/ses-01/sub-SD013_ses-01_task-PassiveListen_events.tsv,398874,2023-08-18T13:26:54.000Z,https://s3.amazonaws.com/openneuro.org/ds004703/sub-SD013/ses-01/sub-SD013_ses-01_task-PassiveListen_events.tsv
sub-SD013/ses-01/sub-SD013_ses-01_task-PassiveListen_log.tsv,1916,2023-08-18T13:26:54.000Z,https://s3.amazonaws.com/openneuro.org/ds004703/sub-SD013/ses-01/sub-SD013_ses-01_task-PassiveListen_log.tsv
sub-SD015/ses-01/anat/sub-SD015_CT_defaced.nii,67109216,2023-08-18T13:26:54.000Z,https://s3.amazonaws.com/openneuro.org/ds004703/sub-SD015/ses-01/anat/sub-SD015_CT_defaced.nii
sub-SD015/ses-01/anat/sub-SD015_T1w_defaced.nii,16777568,2023-08-18T13:26:56.000Z,https://s3.amazonaws.com/openneuro.org/ds004703/sub-SD015/ses-01/anat/sub-SD015_T1w_defaced.nii
sub-SD015/ses-01/anat/sub-SD015_contact_RAS.csv,3350,2023-08-18T13:26:57.000Z,https://s3.amazonaws.com/openneuro.org/ds004703/sub-SD015/ses-01/anat/sub-SD015_contact_RAS.csv
sub-SD015/ses-01/ieeg/sub-SD015_ses-01_task-PassiveListen_channels.tsv,8745,2023-08-18T13:26:57.000Z,https://s3.amazonaws.com/openneuro.org/ds004703/sub-SD015/ses-01/ieeg/sub-SD015_ses-01_task-PassiveListen_channels.tsv
sub-SD015/ses-01/ieeg/sub-SD015_ses-01_task-PassiveListen_ieeg.edf,1129471744,2023-08-18T13:26:57.000Z,https://s3.amazonaws.com/openneuro.org/ds004703/sub-SD015/ses-01/ieeg/sub-SD015_ses-01_task-PassiveListen_ieeg.edf
sub-SD015/ses-01/ieeg/sub-SD015_ses-01_task-PassiveListen_ieeg.json,1245,2023-08-18T13:27:21.000Z,https://s3.amazonaws.com/openneuro.org/ds004703/sub-SD015/ses-01/ieeg/sub-SD015_ses-01_task-PassiveListen_ieeg.json
sub-SD015/ses-01/ieeg/sub-SD015_ses-01_task-PassiveListen_ieeg_audio-offset.json,40,2023-08-18T13:27:21.000Z,https://s3.amazonaws.com/openneuro.org/ds004703/sub-SD015/ses-01/ieeg/sub-SD015_ses-01_task-PassiveListen_ieeg_audio-offset.json
sub-SD015/ses-01/sub-SD015_ses-01_task-PassiveListen_events.tsv,167248,2023-08-18T13:27:22.000Z,https://s3.amazonaws.com/openneuro.org/ds004703/sub-SD015/ses-01/sub-SD015_ses-01_task-PassiveListen_events.tsv
sub-SD015/ses-01/sub-SD015_ses-01_task-PassiveListen_log.tsv,1266,2023-08-18T13:27:22.000Z,https://s3.amazonaws.com/openneuro.org/ds004703/sub-SD015/ses-01/sub-SD015_ses-01_task-PassiveListen_log.tsv
sub-SD017/ses-01/anat/sub-SD017_CT_defaced.nii,67109216,2023-08-18T13:27:22.000Z,https://s3.amazonaws.com/openneuro.org/ds004703/sub-SD017/ses-01/anat/sub-SD017_CT_defaced.nii
sub-SD017/ses-01/anat/sub-SD017_T1w_defaced.nii,16777568,2023-08-18T13:27:24.000Z,https://s3.amazonaws.com/openneuro.org/ds004703/sub-SD017/ses-01/anat/sub-SD017_T1w_defaced.nii
sub-SD017/ses-01/anat/sub-SD017_contact_RAS.csv,3171,2023-08-18T13:27:24.000Z,https://s3.amazonaws.com/openneuro.org/ds004703/sub-SD017/ses-01/anat/sub-SD017_contact_RAS.csv
sub-SD017/ses-01/ieeg/sub-SD017_ses-01_task-PassiveListen_channels.tsv,4806,2023-08-18T13:27:25.000Z,https://s3.amazonaws.com/openneuro.org/ds004703/sub-SD017/ses-01/ieeg/sub-SD017_ses-01_task-PassiveListen_channels.tsv
sub-SD017/ses-01/ieeg/sub-SD017_ses-01_task-PassiveListen_ieeg.edf,173792512,2023-08-18T13:27:25.000Z,https://s3.amazonaws.com/openneuro.org/ds004703/sub-SD017/ses-01/ieeg/sub-SD017_ses-01_task-PassiveListen_ieeg.edf
sub-SD017/ses-01/ieeg/sub-SD017_ses-01_task-PassiveListen_ieeg.json,1264,2023-08-18T13:27:29.000Z,https://s3.amazonaws.com/openneuro.org/ds004703/sub-SD017/ses-01/ieeg/sub-SD017_ses-01_task-PassiveListen_ieeg.json
sub-SD017/ses-01/ieeg/sub-SD017_ses-01_task-PassiveListen_ieeg_audio-offset.json,41,2023-08-18T13:27:29.000Z,https://s3.amazonaws.com/openneuro.org/ds004703/sub-SD017/ses-01/ieeg/sub-SD017_ses-01_task-PassiveListen_ieeg_audio-offset.json
sub-SD017/ses-01/sub-SD017_ses-01_task-PassiveListen_events.tsv,420490,2023-08-18T13:27:29.000Z,https://s3.amazonaws.com/openneuro.org/ds004703/sub-SD017/ses-01/sub-SD017_ses-01_task-PassiveListen_events.tsv
sub-SD017/ses-01/sub-SD017_ses-01_task-PassiveListen_log.tsv,3060,2023-08-18T13:27:29.000Z,https://s3.amazonaws.com/openneuro.org/ds004703/sub-SD017/ses-01/sub-SD017_ses-01_task-PassiveListen_log.tsv
sub-SD018/ses-01/anat/SD018_contact_RAS.csv,5629,2023-08-18T13:27:30.000Z,https://s3.amazonaws.com/openneuro.org/ds004703/sub-SD018/ses-01/anat/SD018_contact_RAS.csv
sub-SD018/ses-01/anat/sub-SD018_CT_defaced.nii,67109216,2023-08-18T13:27:30.000Z,https://s3.amazonaws.com/openneuro.org/ds004703/sub-SD018/ses-01/anat/sub-SD018_CT_defaced.nii
sub-SD018/ses-01/anat/sub-SD018_T1w_defaced.nii,16777568,2023-08-18T13:27:32.000Z,https://s3.amazonaws.com/openneuro.org/ds004703/sub-SD018/ses-01/anat/sub-SD018_T1w_defaced.nii
sub-SD018/ses-01/ieeg/sub-SD018_ses-01_task-PassiveListen_channels.tsv,8682,2023-08-18T13:27:32.000Z,https://s3.amazonaws.com/openneuro.org/ds004703/sub-SD018/ses-01/ieeg/sub-SD018_ses-01_task-PassiveListen_channels.tsv
sub-SD018/ses-01/ieeg/sub-SD018_ses-01_task-PassiveListen_ieeg.edf,817400064,2023-08-18T13:27:33.000Z,https://s3.amazonaws.com/openneuro.org/ds004703/sub-SD018/ses-01/ieeg/sub-SD018_ses-01_task-PassiveListen_ieeg.edf
sub-SD018/ses-01/ieeg/sub-SD018_ses-01_task-PassiveListen_ieeg.json,1371,2023-08-18T13:27:50.000Z,https://s3.amazonaws.com/openneuro.org/ds004703/sub-SD018/ses-01/ieeg/sub-SD018_ses-01_task-PassiveListen_ieeg.json
sub-SD018/ses-01/ieeg/sub-SD018_ses-01_task-PassiveListen_ieeg_audio-offset.json,40,2023-08-18T13:27:51.000Z,https://s3.amazonaws.com/openneuro.org/ds004703/sub-SD018/ses-01/ieeg/sub-SD018_ses-01_task-PassiveListen_ieeg_audio-offset.json
sub-SD018/ses-01/sub-SD018_ses-01_task-PassiveListen_events.tsv,419599,2023-08-18T13:27:51.000Z,https://s3.amazonaws.com/openneuro.org/ds004703/sub-SD018/ses-01/sub-SD018_ses-01_task-PassiveListen_events.tsv
sub-SD018/ses-01/sub-SD018_ses-01_task-PassiveListen_log.tsv,3056,2023-08-18T13:27:51.000Z,https://s3.amazonaws.com/openneuro.org/ds004703/sub-SD018/ses-01/sub-SD018_ses-01_task-PassiveListen_log.tsv
sub-SD019/ses-01/anat/sub-SD019_CT_defaced.nii,67109216,2023-08-18T13:27:51.000Z,https://s3.amazonaws.com/openneuro.org/ds004703/sub-SD019/ses-01/anat/sub-SD019_CT_defaced.nii
sub-SD019/ses-01/anat/sub-SD019_T1w_defaced.nii,16777568,2023-08-18T13:27:53.000Z,https://s3.amazonaws.com/openneuro.org/ds004703/sub-SD019/ses-01/anat/sub-SD019_T1w_defaced.nii
sub-SD019/ses-01/anat/sub-SD019_contact_RAS.csv,7107,2023-08-18T13:27:54.000Z,https://s3.amazonaws.com/openneuro.org/ds004703/sub-SD019/ses-01/anat/sub-SD019_contact_RAS.csv
sub-SD019/ses-01/ieeg/sub-SD019_ses-01_task-PassiveListen_channels.tsv,8485,2023-08-18T13:27:54.000Z,https://s3.amazonaws.com/openneuro.org/ds004703/sub-SD019/ses-01/ieeg/sub-SD019_ses-01_task-PassiveListen_channels.tsv
sub-SD019/ses-01/ieeg/sub-SD019_ses-01_task-PassiveListen_ieeg.edf,2168195488,2023-08-18T13:27:54.000Z,https://s3.amazonaws.com/openneuro.org/ds004703/sub-SD019/ses-01/ieeg/sub-SD019_ses-01_task-PassiveListen_ieeg.edf
sub-SD019/ses-01/ieeg/sub-SD019_ses-01_task-PassiveListen_ieeg.json,1276,2023-08-18T13:28:48.000Z,https://s3.amazonaws.com/openneuro.org/ds004703/sub-SD019/ses-01/ieeg/sub-SD019_ses-01_task-PassiveListen_ieeg.json
sub-SD019/ses-01/ieeg/sub-SD019_ses-01_task-PassiveListen_ieeg_audio-offset.json,39,2023-08-18T13:28:48.000Z,https://s3.amazonaws.com/openneuro.org/ds004703/sub-SD019/ses-01/ieeg/sub-SD019_ses-01_task-PassiveListen_ieeg_audio-offset.json
sub-SD019/ses-01/sub-SD019_ses-01_task-PassiveListen_events.tsv,1352362,2023-08-18T13:28:49.000Z,https://s3.amazonaws.com/openneuro.org/ds004703/sub-SD019/ses-01/sub-SD019_ses-01_task-PassiveListen_events.tsv
sub-SD019/ses-01/sub-SD019_ses-01_task-PassiveListen_log.tsv,8381,2023-08-18T13:28:49.000Z,https://s3.amazonaws.com/openneuro.org/ds004703/sub-SD019/ses-01/sub-SD019_ses-01_task-PassiveListen_log.tsv
sub-SD021/ses-01/anat/sub-SD021_CT_defaced.nii,67109216,2023-08-18T13:28:49.000Z,https://s3.amazonaws.com/openneuro.org/ds004703/sub-SD021/ses-01/anat/sub-SD021_CT_defaced.nii
sub-SD021/ses-01/anat/sub-SD021_T1w_defaced.nii,16777568,2023-08-18T13:28:52.000Z,https://s3.amazonaws.com/openneuro.org/ds004703/sub-SD021/ses-01/anat/sub-SD021_T1w_defaced.nii
sub-SD021/ses-01/anat/sub-SD021_contact_RAS.csv,4520,2023-08-18T13:28:53.000Z,https://s3.amazonaws.com/openneuro.org/ds004703/sub-SD021/ses-01/anat/sub-SD021_contact_RAS.csv
sub-SD021/ses-01/ieeg/sub-SD021_ses-01_task-PassiveListen_channels.tsv,8896,2023-08-18T13:28:53.000Z,https://s3.amazonaws.com/openneuro.org/ds004703/sub-SD021/ses-01/ieeg/sub-SD021_ses-01_task-PassiveListen_channels.tsv
sub-SD021/ses-01/ieeg/sub-SD021_ses-01_task-PassiveListen_ieeg.edf,968632320,2023-08-18T13:28:54.000Z,https://s3.amazonaws.com/openneuro.org/ds004703/sub-SD021/ses-01/ieeg/sub-SD021_ses-01_task-PassiveListen_ieeg.edf
sub-SD021/ses-01/ieeg/sub-SD021_ses-01_task-PassiveListen_ieeg.json,1242,2023-08-18T13:29:49.000Z,https://s3.amazonaws.com/openneuro.org/ds004703/sub-SD021/ses-01/ieeg/sub-SD021_ses-01_task-PassiveListen_ieeg.json
sub-SD021/ses-01/ieeg/sub-SD021_ses-01_task-PassiveListen_ieeg_audio-offset.json,40,2023-08-18T13:29:50.000Z,https://s3.amazonaws.com/openneuro.org/ds004703/sub-SD021/ses-01/ieeg/sub-SD021_ses-01_task-PassiveListen_ieeg_audio-offset.json
sub-SD021/ses-01/sub-SD021_ses-01_task-PassiveListen_events.tsv,1349568,2023-08-18T13:29:50.000Z,https://s3.amazonaws.com/openneuro.org/ds004703/sub-SD021/ses-01/sub-SD021_ses-01_task-PassiveListen_events.tsv
sub-SD021/ses-01/sub-SD021_ses-01_task-PassiveListen_log.tsv,10105,2023-08-18T13:29:50.000Z,https://s3.amazonaws.com/openneuro.org/ds004703/sub-SD021/ses-01/sub-SD021_ses-01_task-PassiveListen_log.tsv
sub-SD022/ses-01/anat/sub-SD022_CT_defaced.nii,67109216,2023-08-18T13:29:51.000Z,https://s3.amazonaws.com/openneuro.org/ds004703/sub-SD022/ses-01/anat/sub-SD022_CT_defaced.nii
sub-SD022/ses-01/anat/sub-SD022_T1w_defaced.nii,16777568,2023-08-18T13:29:57.000Z,https://s3.amazonaws.com/openneuro.org/ds004703/sub-SD022/ses-01/anat/sub-SD022_T1w_defaced.nii
sub-SD022/ses-01/anat/sub-SD022_contact_RAS.csv,2941,2023-08-18T13:29:59.000Z,https://s3.amazonaws.com/openneuro.org/ds004703/sub-SD022/ses-01/anat/sub-SD022_contact_RAS.csv
sub-SD022/ses-01/ieeg/sub-SD022_ses-01_task-PassiveListen_channels.tsv,9026,2023-08-18T13:29:59.000Z,https://s3.amazonaws.com/openneuro.org/ds004703/sub-SD022/ses-01/ieeg/sub-SD022_ses-01_task-PassiveListen_channels.tsv
sub-SD022/ses-01/ieeg/sub-SD022_ses-01_task-PassiveListen_ieeg.edf,1865216192,2023-08-18T13:30:00.000Z,https://s3.amazonaws.com/openneuro.org/ds004703/sub-SD022/ses-01/ieeg/sub-SD022_ses-01_task-PassiveListen_ieeg.edf
sub-SD022/ses-01/ieeg/sub-SD022_ses-01_task-PassiveListen_ieeg.json,1366,2023-08-18T13:31:08.000Z,https://s3.amazonaws.com/openneuro.org/ds004703/sub-SD022/ses-01/ieeg/sub-SD022_ses-01_task-PassiveListen_ieeg.json
sub-SD022/ses-01/ieeg/sub-SD022_ses-01_task-PassiveListen_ieeg_audio-offset.json,41,2023-08-18T13:31:08.000Z,https://s3.amazonaws.com/openneuro.org/ds004703/sub-SD022/ses-01/ieeg/sub-SD022_ses-01_task-PassiveListen_ieeg_audio-offset.json
sub-SD022/ses-01/sub-SD022_ses-01_task-PassiveListen_events.tsv,1351281,2023-08-18T13:31:08.000Z,https://s3.amazonaws.com/openneuro.org/ds004703/sub-SD022/ses-01/sub-SD022_ses-01_task-PassiveListen_events.tsv
sub-SD022/ses-01/sub-SD022_ses-01_task-PassiveListen_log.tsv,10108,2023-08-18T13:31:09.000Z,https://s3.amazonaws.com/openneuro.org/ds004703/sub-SD022/ses-01/sub-SD022_ses-01_task-PassiveListen_log.tsv
