variant,seed,metric,value
early_downsample,11,no_fit_representation_distance,0.05294862017035484
early_downsample,11,event_triggered_response,0.09948486555367708
early_downsample,11,temporal_persistence_autocorrelation,0.8178092673782476
early_downsample,22,no_fit_representation_distance,0.048728976398706436
early_downsample,22,event_triggered_response,0.00314421730581671
early_downsample,22,temporal_persistence_autocorrelation,0.7843541209752317
early_downsample,33,no_fit_representation_distance,0.05696294456720352
early_downsample,33,event_triggered_response,0.11151323583908379
early_downsample,33,temporal_persistence_autocorrelation,0.8317269916264896
late_downsample,11,no_fit_representation_distance,0.0971916988492012
late_downsample,11,event_triggered_response,0.07106680411379784
late_downsample,11,temporal_persistence_autocorrelation,0.6424756052125521
late_downsample,22,no_fit_representation_distance,0.07313160598278046
late_downsample,22,event_triggered_response,0.02098430076148361
late_downsample,22,temporal_persistence_autocorrelation,0.6694929457051566
late_downsample,33,no_fit_representation_distance,0.0930182933807373
late_downsample,33,event_triggered_response,0.050029537291266024
late_downsample,33,temporal_persistence_autocorrelation,0.6691380423295097
uniform_local,11,no_fit_representation_distance,0.00045713194413110614
uniform_local,11,event_triggered_response,0.029393356351647526
uniform_local,11,temporal_persistence_autocorrelation,0.8822520651547472
uniform_local,22,no_fit_representation_distance,0.00014752167044207454
uniform_local,22,event_triggered_response,0.05216754518914968
uniform_local,22,temporal_persistence_autocorrelation,0.9372342821503638
uniform_local,33,no_fit_representation_distance,6.201615906320512e-05
uniform_local,33,event_triggered_response,0.027401489089243114
uniform_local,33,temporal_persistence_autocorrelation,0.9443019341651373
exponential_growth,11,no_fit_representation_distance,0.00044201500713825226
exponential_growth,11,event_triggered_response,0.054565040103625506
exponential_growth,11,temporal_persistence_autocorrelation,0.98654704176806
exponential_growth,22,no_fit_representation_distance,0.0002786946133710444
exponential_growth,22,event_triggered_response,0.01339437736896798
exponential_growth,22,temporal_persistence_autocorrelation,0.9761283701098578
exponential_growth,33,no_fit_representation_distance,6.0937039961572737e-05
exponential_growth,33,event_triggered_response,0.05207296018488705
exponential_growth,33,temporal_persistence_autocorrelation,0.9741248686523816
delayed_growth,11,no_fit_representation_distance,0.0004727378545794636
delayed_growth,11,event_triggered_response,0.034438892907928675
delayed_growth,11,temporal_persistence_autocorrelation,0.9247231080934333
delayed_growth,22,no_fit_representation_distance,5.771959331468679e-05
delayed_growth,22,event_triggered_response,0.04635012208018452
delayed_growth,22,temporal_persistence_autocorrelation,0.9589643510712844
delayed_growth,33,no_fit_representation_distance,5.8535748394206166e-05
delayed_growth,33,event_triggered_response,0.022454088204540312
delayed_growth,33,temporal_persistence_autocorrelation,0.954850703832942
parallel_multiscale,11,no_fit_representation_distance,1.4142509826342575e-05
parallel_multiscale,11,event_triggered_response,-3.074354026466608e-05
parallel_multiscale,11,temporal_persistence_autocorrelation,0.9219001055367246
parallel_multiscale,22,no_fit_representation_distance,1.567304934724234e-05
parallel_multiscale,22,event_triggered_response,-7.08817970007658e-06
parallel_multiscale,22,temporal_persistence_autocorrelation,0.922197922004883
parallel_multiscale,33,no_fit_representation_distance,3.134542566840537e-05
parallel_multiscale,33,event_triggered_response,-7.072347216308117e-06
parallel_multiscale,33,temporal_persistence_autocorrelation,0.7002168547322853
rf_stride_coupled,11,no_fit_representation_distance,0.02247658185660839
rf_stride_coupled,11,event_triggered_response,0.04754635662538931
rf_stride_coupled,11,temporal_persistence_autocorrelation,0.8924827468546057
rf_stride_coupled,22,no_fit_representation_distance,0.08342857658863068
rf_stride_coupled,22,event_triggered_response,0.024485127825755626
rf_stride_coupled,22,temporal_persistence_autocorrelation,0.4724156594996759
rf_stride_coupled,33,no_fit_representation_distance,0.03871756047010422
rf_stride_coupled,33,event_triggered_response,0.03178704826859757
rf_stride_coupled,33,temporal_persistence_autocorrelation,0.7784868299448662
rf_dilation_decoupled,11,no_fit_representation_distance,0.00044201500713825226
rf_dilation_decoupled,11,event_triggered_response,0.054565040103625506
rf_dilation_decoupled,11,temporal_persistence_autocorrelation,0.98654704176806
rf_dilation_decoupled,22,no_fit_representation_distance,0.0002786946133710444
rf_dilation_decoupled,22,event_triggered_response,0.01339437736896798
rf_dilation_decoupled,22,temporal_persistence_autocorrelation,0.9761283701098578
rf_dilation_decoupled,33,no_fit_representation_distance,6.0937039961572737e-05
rf_dilation_decoupled,33,event_triggered_response,0.05207296018488705
rf_dilation_decoupled,33,temporal_persistence_autocorrelation,0.9741248686523816
kernel_3,11,no_fit_representation_distance,0.00045713194413110614
kernel_3,11,event_triggered_response,0.029393356351647526
kernel_3,11,temporal_persistence_autocorrelation,0.8822520651547472
kernel_3,22,no_fit_representation_distance,0.00014752167044207454
kernel_3,22,event_triggered_response,0.05216754518914968
kernel_3,22,temporal_persistence_autocorrelation,0.9372342821503638
kernel_3,33,no_fit_representation_distance,6.201615906320512e-05
kernel_3,33,event_triggered_response,0.027401489089243114
kernel_3,33,temporal_persistence_autocorrelation,0.9443019341651373
kernel_7,11,no_fit_representation_distance,0.0002457840892020613
kernel_7,11,event_triggered_response,0.04173474758863449
kernel_7,11,temporal_persistence_autocorrelation,0.9696761001441649
kernel_7,22,no_fit_representation_distance,0.00021760187519248575
kernel_7,22,event_triggered_response,0.19469834002666175
kernel_7,22,temporal_persistence_autocorrelation,0.9688777836774712
kernel_7,33,no_fit_representation_distance,0.0003029080107808113
kernel_7,33,event_triggered_response,0.13112803653348237
kernel_7,33,temporal_persistence_autocorrelation,0.9877173025345625
kernel_15,11,no_fit_representation_distance,0.00037473568227142096
kernel_15,11,event_triggered_response,0.14824980543926358
kernel_15,11,temporal_persistence_autocorrelation,0.9939256841064286
kernel_15,22,no_fit_representation_distance,0.002047778107225895
kernel_15,22,event_triggered_response,0.23881334892939776
kernel_15,22,temporal_persistence_autocorrelation,0.9890905376236636
kernel_15,33,no_fit_representation_distance,0.0005435547791421413
kernel_15,33,event_triggered_response,0.060083879507146776
kernel_15,33,temporal_persistence_autocorrelation,0.9907873968503322
kernel_31,11,no_fit_representation_distance,0.002380894962698221
kernel_31,11,event_triggered_response,0.3227687464095652
kernel_31,11,temporal_persistence_autocorrelation,0.9983529849062969
kernel_31,22,no_fit_representation_distance,0.00557803176343441
kernel_31,22,event_triggered_response,0.007708207471296191
kernel_31,22,temporal_persistence_autocorrelation,0.9963665081039563
kernel_31,33,no_fit_representation_distance,0.00025947438552975655
kernel_31,33,event_triggered_response,0.003840031800791621
kernel_31,33,temporal_persistence_autocorrelation,0.9961333391018886
event_baseline,11,no_fit_representation_distance,0.00045713194413110614
event_baseline,11,event_triggered_response,0.029393356351647526
event_baseline,11,temporal_persistence_autocorrelation,0.8822520651547472
event_baseline,22,no_fit_representation_distance,0.00014752167044207454
event_baseline,22,event_triggered_response,0.05216754518914968
event_baseline,22,temporal_persistence_autocorrelation,0.9372342821503638
event_baseline,33,no_fit_representation_distance,6.201615906320512e-05
event_baseline,33,event_triggered_response,0.027401489089243114
event_baseline,33,temporal_persistence_autocorrelation,0.9443019341651373
explicit_change,11,no_fit_representation_distance,0.00014432247553486377
explicit_change,11,event_triggered_response,0.015480961475986987
explicit_change,11,temporal_persistence_autocorrelation,0.925835490530163
explicit_change,22,no_fit_representation_distance,0.00016937963664531708
explicit_change,22,event_triggered_response,0.0005939611583016813
explicit_change,22,temporal_persistence_autocorrelation,0.5909709493678721
explicit_change,33,no_fit_representation_distance,0.0004350526724010706
explicit_change,33,event_triggered_response,0.02160131646087393
explicit_change,33,temporal_persistence_autocorrelation,0.8651104428633067
ordinary_second_branch,11,no_fit_representation_distance,0.00010627232404658571
ordinary_second_branch,11,event_triggered_response,0.030433540523517877
ordinary_second_branch,11,temporal_persistence_autocorrelation,0.9274867492381731
ordinary_second_branch,22,no_fit_representation_distance,3.6311117582954466e-05
ordinary_second_branch,22,event_triggered_response,0.002891375799663365
ordinary_second_branch,22,temporal_persistence_autocorrelation,0.9618448928038683
ordinary_second_branch,33,no_fit_representation_distance,5.276240699458867e-05
ordinary_second_branch,33,event_triggered_response,0.03638882632367313
ordinary_second_branch,33,temporal_persistence_autocorrelation,0.9247229068112681
