variant,seed,split,metric,value
early_downsample,11,test_seen,rate_discrimination_balanced_accuracy,0.43266310160427807
early_downsample,11,test_seen,regular_vs_jitter_balanced_accuracy,0.49203479056992444
early_downsample,11,test_seen,omission_detection_balanced_accuracy,0.5362249179827573
early_downsample,11,test_seen,phase_shift_detection_balanced_accuracy,0.5
early_downsample,11,test_seen,onset_timing_error_ms,86.32745361328125
early_downsample,11,test_seen,rate_mae_hz,1.5577201843261719
early_downsample,11,test_seen,jitter_magnitude_mae_ms,1.944074034690857
early_downsample,11,test_seen,phase_magnitude_mae_rad,0.5277911424636841
early_downsample,11,test_unseen,unseen_rate_mae_hz,1.747218370437622
early_downsample,11,test_unseen,unseen_jitter_mae_ms,2.53737473487854
early_downsample,11,test_unseen,unseen_phase_magnitude_mae_rad,0.7409982681274414
early_downsample,11,test_unseen,regular_vs_jitter_balanced_accuracy,0.5035971223021583
early_downsample,11,test_unseen,omission_detection_balanced_accuracy,0.5476125032449188
early_downsample,11,test_unseen,phase_shift_detection_balanced_accuracy,0.5
early_downsample,11,test_unseen,onset_timing_error_ms,80.03240966796875
early_downsample,11,test_unseen,rate_mae_hz,1.747218370437622
early_downsample,11,test_unseen,jitter_magnitude_mae_ms,2.53737473487854
early_downsample,11,test_unseen,phase_magnitude_mae_rad,0.7409982681274414
early_downsample,22,test_seen,rate_discrimination_balanced_accuracy,0.45506595365418895
early_downsample,22,test_seen,regular_vs_jitter_balanced_accuracy,0.5187533379110398
early_downsample,22,test_seen,omission_detection_balanced_accuracy,0.5412298771648737
early_downsample,22,test_seen,phase_shift_detection_balanced_accuracy,0.5
early_downsample,22,test_seen,onset_timing_error_ms,90.07659912109375
early_downsample,22,test_seen,rate_mae_hz,1.4946579933166504
early_downsample,22,test_seen,jitter_magnitude_mae_ms,1.9354771375656128
early_downsample,22,test_seen,phase_magnitude_mae_rad,0.5292466282844543
early_downsample,22,test_unseen,unseen_rate_mae_hz,1.8512506484985352
early_downsample,22,test_unseen,unseen_jitter_mae_ms,2.533845901489258
early_downsample,22,test_unseen,unseen_phase_magnitude_mae_rad,0.7856130599975586
early_downsample,22,test_unseen,regular_vs_jitter_balanced_accuracy,0.49133001291274675
early_downsample,22,test_unseen,omission_detection_balanced_accuracy,0.5832149892345045
early_downsample,22,test_unseen,phase_shift_detection_balanced_accuracy,0.5
early_downsample,22,test_unseen,onset_timing_error_ms,81.6584243774414
early_downsample,22,test_unseen,rate_mae_hz,1.8512506484985352
early_downsample,22,test_unseen,jitter_magnitude_mae_ms,2.533845901489258
early_downsample,22,test_unseen,phase_magnitude_mae_rad,0.7856130599975586
early_downsample,33,test_seen,rate_discrimination_balanced_accuracy,0.4688486121721416
early_downsample,33,test_seen,regular_vs_jitter_balanced_accuracy,0.5001678492408637
early_downsample,33,test_seen,omission_detection_balanced_accuracy,0.5452582589456015
early_downsample,33,test_seen,phase_shift_detection_balanced_accuracy,0.5
early_downsample,33,test_seen,onset_timing_error_ms,83.27256774902344
early_downsample,33,test_seen,rate_mae_hz,1.440821886062622
early_downsample,33,test_seen,jitter_magnitude_mae_ms,1.9475113153457642
early_downsample,33,test_seen,phase_magnitude_mae_rad,0.5336074829101562
early_downsample,33,test_unseen,unseen_rate_mae_hz,1.9025315046310425
early_downsample,33,test_unseen,unseen_jitter_mae_ms,2.5350708961486816
early_downsample,33,test_unseen,unseen_phase_magnitude_mae_rad,0.7446466684341431
early_downsample,33,test_unseen,regular_vs_jitter_balanced_accuracy,0.4990007993605116
early_downsample,33,test_unseen,omission_detection_balanced_accuracy,0.5893459770641502
early_downsample,33,test_unseen,phase_shift_detection_balanced_accuracy,0.5
early_downsample,33,test_unseen,onset_timing_error_ms,76.33836364746094
early_downsample,33,test_unseen,rate_mae_hz,1.9025315046310425
early_downsample,33,test_unseen,jitter_magnitude_mae_ms,2.5350708961486816
early_downsample,33,test_unseen,phase_magnitude_mae_rad,0.7446466684341431
late_downsample,11,test_seen,rate_discrimination_balanced_accuracy,0.44681818181818184
late_downsample,11,test_seen,regular_vs_jitter_balanced_accuracy,0.547173266193637
late_downsample,11,test_seen,omission_detection_balanced_accuracy,0.5440070191500725
late_downsample,11,test_seen,phase_shift_detection_balanced_accuracy,0.5
late_downsample,11,test_seen,onset_timing_error_ms,85.185791015625
late_downsample,11,test_seen,rate_mae_hz,1.5668931007385254
late_downsample,11,test_seen,jitter_magnitude_mae_ms,1.9514329433441162
late_downsample,11,test_seen,phase_magnitude_mae_rad,0.5235333442687988
late_downsample,11,test_unseen,unseen_rate_mae_hz,1.706510305404663
late_downsample,11,test_unseen,unseen_jitter_mae_ms,2.5210421085357666
late_downsample,11,test_unseen,unseen_phase_magnitude_mae_rad,0.7430435419082642
late_downsample,11,test_unseen,regular_vs_jitter_balanced_accuracy,0.5282696919387567
late_downsample,11,test_unseen,omission_detection_balanced_accuracy,0.5286010964008124
late_downsample,11,test_unseen,phase_shift_detection_balanced_accuracy,0.5
late_downsample,11,test_unseen,onset_timing_error_ms,78.647216796875
late_downsample,11,test_unseen,rate_mae_hz,1.706510305404663
late_downsample,11,test_unseen,jitter_magnitude_mae_ms,2.5210421085357666
late_downsample,11,test_unseen,phase_magnitude_mae_rad,0.7430435419082642
late_downsample,22,test_seen,rate_discrimination_balanced_accuracy,0.44236007130124777
late_downsample,22,test_seen,regular_vs_jitter_balanced_accuracy,0.5279468986037995
late_downsample,22,test_seen,omission_detection_balanced_accuracy,0.5453345540550851
late_downsample,22,test_seen,phase_shift_detection_balanced_accuracy,0.5
late_downsample,22,test_seen,onset_timing_error_ms,90.79166412353516
late_downsample,22,test_seen,rate_mae_hz,1.5131843090057373
late_downsample,22,test_seen,jitter_magnitude_mae_ms,1.9332127571105957
late_downsample,22,test_seen,phase_magnitude_mae_rad,0.5363596081733704
late_downsample,22,test_unseen,unseen_rate_mae_hz,1.925310730934143
late_downsample,22,test_unseen,unseen_jitter_mae_ms,2.5193543434143066
late_downsample,22,test_unseen,unseen_phase_magnitude_mae_rad,0.7821704745292664
late_downsample,22,test_unseen,regular_vs_jitter_balanced_accuracy,0.529422615753551
late_downsample,22,test_unseen,omission_detection_balanced_accuracy,0.5861621390504985
late_downsample,22,test_unseen,phase_shift_detection_balanced_accuracy,0.5
late_downsample,22,test_unseen,onset_timing_error_ms,82.74059295654297
late_downsample,22,test_unseen,rate_mae_hz,1.925310730934143
late_downsample,22,test_unseen,jitter_magnitude_mae_ms,2.5193543434143066
late_downsample,22,test_unseen,phase_magnitude_mae_rad,0.7821704745292664
late_downsample,33,test_seen,rate_discrimination_balanced_accuracy,0.44901559714795003
late_downsample,33,test_seen,regular_vs_jitter_balanced_accuracy,0.5009002822919051
late_downsample,33,test_seen,omission_detection_balanced_accuracy,0.541718165865568
late_downsample,33,test_seen,phase_shift_detection_balanced_accuracy,0.5
late_downsample,33,test_seen,onset_timing_error_ms,85.70106506347656
late_downsample,33,test_seen,rate_mae_hz,1.5028672218322754
late_downsample,33,test_seen,jitter_magnitude_mae_ms,2.020404100418091
late_downsample,33,test_seen,phase_magnitude_mae_rad,0.5339909791946411
late_downsample,33,test_unseen,unseen_rate_mae_hz,1.9129271507263184
late_downsample,33,test_unseen,unseen_jitter_mae_ms,2.4980621337890625
late_downsample,33,test_unseen,unseen_phase_magnitude_mae_rad,0.723006010055542
late_downsample,33,test_unseen,regular_vs_jitter_balanced_accuracy,0.533895960154953
late_downsample,33,test_unseen,omission_detection_balanced_accuracy,0.6014552506604365
late_downsample,33,test_unseen,phase_shift_detection_balanced_accuracy,0.5
late_downsample,33,test_unseen,onset_timing_error_ms,78.06673431396484
late_downsample,33,test_unseen,rate_mae_hz,1.9129271507263184
late_downsample,33,test_unseen,jitter_magnitude_mae_ms,2.4980621337890625
late_downsample,33,test_unseen,phase_magnitude_mae_rad,0.723006010055542
uniform_local,11,test_seen,rate_discrimination_balanced_accuracy,0.21912923351158645
uniform_local,11,test_seen,regular_vs_jitter_balanced_accuracy,0.5
uniform_local,11,test_seen,omission_detection_balanced_accuracy,0.522194247348745
uniform_local,11,test_seen,phase_shift_detection_balanced_accuracy,0.5
uniform_local,11,test_seen,onset_timing_error_ms,85.13573455810547
uniform_local,11,test_seen,rate_mae_hz,2.0103161334991455
uniform_local,11,test_seen,jitter_magnitude_mae_ms,1.9466354846954346
uniform_local,11,test_seen,phase_magnitude_mae_rad,0.5176956653594971
uniform_local,11,test_unseen,unseen_rate_mae_hz,2.0302655696868896
uniform_local,11,test_unseen,unseen_jitter_mae_ms,2.550569534301758
uniform_local,11,test_unseen,unseen_phase_magnitude_mae_rad,0.7715466022491455
uniform_local,11,test_unseen,regular_vs_jitter_balanced_accuracy,0.5
uniform_local,11,test_unseen,omission_detection_balanced_accuracy,0.5027333669277871
uniform_local,11,test_unseen,phase_shift_detection_balanced_accuracy,0.5
uniform_local,11,test_unseen,onset_timing_error_ms,78.43632507324219
uniform_local,11,test_unseen,rate_mae_hz,2.0302655696868896
uniform_local,11,test_unseen,jitter_magnitude_mae_ms,2.550569534301758
uniform_local,11,test_unseen,phase_magnitude_mae_rad,0.7715466022491455
uniform_local,22,test_seen,rate_discrimination_balanced_accuracy,0.46285918003565063
uniform_local,22,test_seen,regular_vs_jitter_balanced_accuracy,0.5057907988097963
uniform_local,22,test_seen,omission_detection_balanced_accuracy,0.5476615548943313
uniform_local,22,test_seen,phase_shift_detection_balanced_accuracy,0.5
uniform_local,22,test_seen,onset_timing_error_ms,86.57498931884766
uniform_local,22,test_seen,rate_mae_hz,1.479464054107666
uniform_local,22,test_seen,jitter_magnitude_mae_ms,1.9303971529006958
uniform_local,22,test_seen,phase_magnitude_mae_rad,0.5218071937561035
uniform_local,22,test_unseen,unseen_rate_mae_hz,1.8420822620391846
uniform_local,22,test_unseen,unseen_jitter_mae_ms,2.5236611366271973
uniform_local,22,test_unseen,unseen_phase_magnitude_mae_rad,0.7589060068130493
uniform_local,22,test_unseen,regular_vs_jitter_balanced_accuracy,0.4866107114308553
uniform_local,22,test_unseen,omission_detection_balanced_accuracy,0.5889794921129384
uniform_local,22,test_unseen,phase_shift_detection_balanced_accuracy,0.5
uniform_local,22,test_unseen,onset_timing_error_ms,78.72239685058594
uniform_local,22,test_unseen,rate_mae_hz,1.8420822620391846
uniform_local,22,test_unseen,jitter_magnitude_mae_ms,2.5236611366271973
uniform_local,22,test_unseen,phase_magnitude_mae_rad,0.7589060068130493
uniform_local,33,test_seen,rate_discrimination_balanced_accuracy,0.4697382862235804
uniform_local,33,test_seen,regular_vs_jitter_balanced_accuracy,0.5433279926756694
uniform_local,33,test_seen,omission_detection_balanced_accuracy,0.5445410849164569
uniform_local,33,test_seen,phase_shift_detection_balanced_accuracy,0.5
uniform_local,33,test_seen,onset_timing_error_ms,85.21546936035156
uniform_local,33,test_seen,rate_mae_hz,1.4769673347473145
uniform_local,33,test_seen,jitter_magnitude_mae_ms,2.0025200843811035
uniform_local,33,test_seen,phase_magnitude_mae_rad,0.5263949036598206
uniform_local,33,test_unseen,unseen_rate_mae_hz,1.710912823677063
uniform_local,33,test_unseen,unseen_jitter_mae_ms,2.5080513954162598
uniform_local,33,test_unseen,unseen_phase_magnitude_mae_rad,0.7596331834793091
uniform_local,33,test_unseen,regular_vs_jitter_balanced_accuracy,0.533895960154953
uniform_local,33,test_unseen,omission_detection_balanced_accuracy,0.5577137447126911
uniform_local,33,test_unseen,phase_shift_detection_balanced_accuracy,0.5
uniform_local,33,test_unseen,onset_timing_error_ms,78.77735900878906
uniform_local,33,test_unseen,rate_mae_hz,1.710912823677063
uniform_local,33,test_unseen,jitter_magnitude_mae_ms,2.5080513954162598
uniform_local,33,test_unseen,phase_magnitude_mae_rad,0.7596331834793091
exponential_growth,11,test_seen,rate_discrimination_balanced_accuracy,0.2127704991087344
exponential_growth,11,test_seen,regular_vs_jitter_balanced_accuracy,0.4975051499198901
exponential_growth,11,test_seen,omission_detection_balanced_accuracy,0.5023422598611429
exponential_growth,11,test_seen,phase_shift_detection_balanced_accuracy,0.5
exponential_growth,11,test_seen,onset_timing_error_ms,84.56721496582031
exponential_growth,11,test_seen,rate_mae_hz,2.0088417530059814
exponential_growth,11,test_seen,jitter_magnitude_mae_ms,1.9468965530395508
exponential_growth,11,test_seen,phase_magnitude_mae_rad,0.5256496667861938
exponential_growth,11,test_unseen,unseen_rate_mae_hz,2.0293989181518555
exponential_growth,11,test_unseen,unseen_jitter_mae_ms,2.5404741764068604
exponential_growth,11,test_unseen,unseen_phase_magnitude_mae_rad,0.7797573208808899
exponential_growth,11,test_unseen,regular_vs_jitter_balanced_accuracy,0.484781405644715
exponential_growth,11,test_unseen,omission_detection_balanced_accuracy,0.5064058515430543
exponential_growth,11,test_unseen,phase_shift_detection_balanced_accuracy,0.5
exponential_growth,11,test_unseen,onset_timing_error_ms,77.76512145996094
exponential_growth,11,test_unseen,rate_mae_hz,2.0293989181518555
exponential_growth,11,test_unseen,jitter_magnitude_mae_ms,2.5404741764068604
exponential_growth,11,test_unseen,phase_magnitude_mae_rad,0.7797573208808899
exponential_growth,22,test_seen,rate_discrimination_balanced_accuracy,0.34316176470588233
exponential_growth,22,test_seen,regular_vs_jitter_balanced_accuracy,0.4842221713588159
exponential_growth,22,test_seen,omission_detection_balanced_accuracy,0.4980239566643778
exponential_growth,22,test_seen,phase_shift_detection_balanced_accuracy,0.5
exponential_growth,22,test_seen,onset_timing_error_ms,85.90042114257812
exponential_growth,22,test_seen,rate_mae_hz,1.9597675800323486
exponential_growth,22,test_seen,jitter_magnitude_mae_ms,1.9341886043548584
exponential_growth,22,test_seen,phase_magnitude_mae_rad,0.5256788730621338
exponential_growth,22,test_unseen,unseen_rate_mae_hz,2.0308451652526855
exponential_growth,22,test_unseen,unseen_jitter_mae_ms,2.5338449478149414
exponential_growth,22,test_unseen,unseen_phase_magnitude_mae_rad,0.7806065678596497
exponential_growth,22,test_unseen,regular_vs_jitter_balanced_accuracy,0.48807108159626145
exponential_growth,22,test_unseen,omission_detection_balanced_accuracy,0.5002137828882068
exponential_growth,22,test_unseen,phase_shift_detection_balanced_accuracy,0.5
exponential_growth,22,test_unseen,onset_timing_error_ms,78.53367614746094
exponential_growth,22,test_unseen,rate_mae_hz,2.0308451652526855
exponential_growth,22,test_unseen,jitter_magnitude_mae_ms,2.5338449478149414
exponential_growth,22,test_unseen,phase_magnitude_mae_rad,0.7806065678596497
exponential_growth,33,test_seen,rate_discrimination_balanced_accuracy,0.40966176470588234
exponential_growth,33,test_seen,regular_vs_jitter_balanced_accuracy,0.49016556038757914
exponential_growth,33,test_seen,omission_detection_balanced_accuracy,0.4905012588693065
exponential_growth,33,test_seen,phase_shift_detection_balanced_accuracy,0.5
exponential_growth,33,test_seen,onset_timing_error_ms,89.5670166015625
exponential_growth,33,test_seen,rate_mae_hz,1.8987782001495361
exponential_growth,33,test_seen,jitter_magnitude_mae_ms,2.0252394676208496
exponential_growth,33,test_seen,phase_magnitude_mae_rad,0.5690091848373413
exponential_growth,33,test_unseen,unseen_rate_mae_hz,1.9584243297576904
exponential_growth,33,test_unseen,unseen_jitter_mae_ms,2.521596908569336
exponential_growth,33,test_unseen,unseen_phase_magnitude_mae_rad,0.6979750394821167
exponential_growth,33,test_unseen,regular_vs_jitter_balanced_accuracy,0.49471192276947673
exponential_growth,33,test_unseen,omission_detection_balanced_accuracy,0.4782094156092049
exponential_growth,33,test_unseen,phase_shift_detection_balanced_accuracy,0.5
exponential_growth,33,test_unseen,onset_timing_error_ms,80.04327392578125
exponential_growth,33,test_unseen,rate_mae_hz,1.9584243297576904
exponential_growth,33,test_unseen,jitter_magnitude_mae_ms,2.521596908569336
exponential_growth,33,test_unseen,phase_magnitude_mae_rad,0.6979750394821167
delayed_growth,11,test_seen,rate_discrimination_balanced_accuracy,0.24007308377896613
delayed_growth,11,test_seen,regular_vs_jitter_balanced_accuracy,0.5
delayed_growth,11,test_seen,omission_detection_balanced_accuracy,0.4948653391317617
delayed_growth,11,test_seen,phase_shift_detection_balanced_accuracy,0.5
delayed_growth,11,test_seen,onset_timing_error_ms,85.11237335205078
delayed_growth,11,test_seen,rate_mae_hz,2.0062363147735596
delayed_growth,11,test_seen,jitter_magnitude_mae_ms,1.9484851360321045
delayed_growth,11,test_seen,phase_magnitude_mae_rad,0.5210299491882324
delayed_growth,11,test_unseen,unseen_rate_mae_hz,2.038148880004883
delayed_growth,11,test_unseen,unseen_jitter_mae_ms,2.5529541969299316
delayed_growth,11,test_unseen,unseen_phase_magnitude_mae_rad,0.7750855684280396
delayed_growth,11,test_unseen,regular_vs_jitter_balanced_accuracy,0.5
delayed_growth,11,test_unseen,omission_detection_balanced_accuracy,0.5131781880373204
delayed_growth,11,test_unseen,phase_shift_detection_balanced_accuracy,0.5
delayed_growth,11,test_unseen,onset_timing_error_ms,78.54737091064453
delayed_growth,11,test_unseen,rate_mae_hz,2.038148880004883
delayed_growth,11,test_unseen,jitter_magnitude_mae_ms,2.5529541969299316
delayed_growth,11,test_unseen,phase_magnitude_mae_rad,0.7750855684280396
delayed_growth,22,test_seen,rate_discrimination_balanced_accuracy,0.4134229055258467
delayed_growth,22,test_seen,regular_vs_jitter_balanced_accuracy,0.5050888838025482
delayed_growth,22,test_seen,omission_detection_balanced_accuracy,0.5381933318074311
delayed_growth,22,test_seen,phase_shift_detection_balanced_accuracy,0.5
delayed_growth,22,test_seen,onset_timing_error_ms,89.84371948242188
delayed_growth,22,test_seen,rate_mae_hz,1.5629394054412842
delayed_growth,22,test_seen,jitter_magnitude_mae_ms,1.9302912950515747
delayed_growth,22,test_seen,phase_magnitude_mae_rad,0.530238687992096
delayed_growth,22,test_unseen,unseen_rate_mae_hz,1.9703046083450317
delayed_growth,22,test_unseen,unseen_jitter_mae_ms,2.532926082611084
delayed_growth,22,test_unseen,unseen_phase_magnitude_mae_rad,0.7784715890884399
delayed_growth,22,test_unseen,regular_vs_jitter_balanced_accuracy,0.4475496525856238
delayed_growth,22,test_unseen,omission_detection_balanced_accuracy,0.5759463710354727
delayed_growth,22,test_unseen,phase_shift_detection_balanced_accuracy,0.5
delayed_growth,22,test_unseen,onset_timing_error_ms,81.44493103027344
delayed_growth,22,test_unseen,rate_mae_hz,1.9703046083450317
delayed_growth,22,test_unseen,jitter_magnitude_mae_ms,2.532926082611084
delayed_growth,22,test_unseen,phase_magnitude_mae_rad,0.7784715890884399
delayed_growth,33,test_seen,rate_discrimination_balanced_accuracy,0.4722026992615228
delayed_growth,33,test_seen,regular_vs_jitter_balanced_accuracy,0.5258640421149005
delayed_growth,33,test_seen,omission_detection_balanced_accuracy,0.5425192645151445
delayed_growth,33,test_seen,phase_shift_detection_balanced_accuracy,0.5
delayed_growth,33,test_seen,onset_timing_error_ms,84.90966796875
delayed_growth,33,test_seen,rate_mae_hz,1.5172001123428345
delayed_growth,33,test_seen,jitter_magnitude_mae_ms,2.0119681358337402
delayed_growth,33,test_seen,phase_magnitude_mae_rad,0.5298994183540344
delayed_growth,33,test_unseen,unseen_rate_mae_hz,1.7192546129226685
delayed_growth,33,test_unseen,unseen_jitter_mae_ms,2.499981641769409
delayed_growth,33,test_unseen,unseen_phase_magnitude_mae_rad,0.7527103424072266
delayed_growth,33,test_unseen,regular_vs_jitter_balanced_accuracy,0.5051189817376868
delayed_growth,33,test_unseen,omission_detection_balanced_accuracy,0.5521172141035625
delayed_growth,33,test_unseen,phase_shift_detection_balanced_accuracy,0.5
delayed_growth,33,test_unseen,onset_timing_error_ms,78.91088104248047
delayed_growth,33,test_unseen,rate_mae_hz,1.7192546129226685
delayed_growth,33,test_unseen,jitter_magnitude_mae_ms,2.499981641769409
delayed_growth,33,test_unseen,phase_magnitude_mae_rad,0.7527103424072266
parallel_multiscale,11,test_seen,rate_discrimination_balanced_accuracy,0.25
parallel_multiscale,11,test_seen,regular_vs_jitter_balanced_accuracy,0.5
parallel_multiscale,11,test_seen,omission_detection_balanced_accuracy,0.5
parallel_multiscale,11,test_seen,phase_shift_detection_balanced_accuracy,0.5
parallel_multiscale,11,test_seen,onset_timing_error_ms,85.17694091796875
parallel_multiscale,11,test_seen,rate_mae_hz,2.0197339057922363
parallel_multiscale,11,test_seen,jitter_magnitude_mae_ms,1.938126564025879
parallel_multiscale,11,test_seen,phase_magnitude_mae_rad,0.5130505561828613
parallel_multiscale,11,test_unseen,unseen_rate_mae_hz,2.0216104984283447
parallel_multiscale,11,test_unseen,unseen_jitter_mae_ms,2.525509834289551
parallel_multiscale,11,test_unseen,unseen_phase_magnitude_mae_rad,0.7664554119110107
parallel_multiscale,11,test_unseen,regular_vs_jitter_balanced_accuracy,0.5
parallel_multiscale,11,test_unseen,omission_detection_balanced_accuracy,0.5
parallel_multiscale,11,test_unseen,phase_shift_detection_balanced_accuracy,0.5
parallel_multiscale,11,test_unseen,onset_timing_error_ms,77.98301696777344
parallel_multiscale,11,test_unseen,rate_mae_hz,2.0216104984283447
parallel_multiscale,11,test_unseen,jitter_magnitude_mae_ms,2.525509834289551
parallel_multiscale,11,test_unseen,phase_magnitude_mae_rad,0.7664554119110107
parallel_multiscale,22,test_seen,rate_discrimination_balanced_accuracy,0.25
parallel_multiscale,22,test_seen,regular_vs_jitter_balanced_accuracy,0.5
parallel_multiscale,22,test_seen,omission_detection_balanced_accuracy,0.5
parallel_multiscale,22,test_seen,phase_shift_detection_balanced_accuracy,0.5
parallel_multiscale,22,test_seen,onset_timing_error_ms,85.05094909667969
parallel_multiscale,22,test_seen,rate_mae_hz,2.0195841789245605
parallel_multiscale,22,test_seen,jitter_magnitude_mae_ms,1.9375619888305664
parallel_multiscale,22,test_seen,phase_magnitude_mae_rad,0.5292345881462097
parallel_multiscale,22,test_unseen,unseen_rate_mae_hz,2.022961378097534
parallel_multiscale,22,test_unseen,unseen_jitter_mae_ms,2.5128889083862305
parallel_multiscale,22,test_unseen,unseen_phase_magnitude_mae_rad,0.7362127304077148
parallel_multiscale,22,test_unseen,regular_vs_jitter_balanced_accuracy,0.5
parallel_multiscale,22,test_unseen,omission_detection_balanced_accuracy,0.5
parallel_multiscale,22,test_unseen,phase_shift_detection_balanced_accuracy,0.5
parallel_multiscale,22,test_unseen,onset_timing_error_ms,78.55845642089844
parallel_multiscale,22,test_unseen,rate_mae_hz,2.022961378097534
parallel_multiscale,22,test_unseen,jitter_magnitude_mae_ms,2.5128889083862305
parallel_multiscale,22,test_unseen,phase_magnitude_mae_rad,0.7362127304077148
parallel_multiscale,33,test_seen,rate_discrimination_balanced_accuracy,0.25
parallel_multiscale,33,test_seen,regular_vs_jitter_balanced_accuracy,0.5
parallel_multiscale,33,test_seen,omission_detection_balanced_accuracy,0.5
parallel_multiscale,33,test_seen,phase_shift_detection_balanced_accuracy,0.5
parallel_multiscale,33,test_seen,onset_timing_error_ms,85.01324462890625
parallel_multiscale,33,test_seen,rate_mae_hz,2.0195658206939697
parallel_multiscale,33,test_seen,jitter_magnitude_mae_ms,1.971171259880066
parallel_multiscale,33,test_seen,phase_magnitude_mae_rad,0.5338022708892822
parallel_multiscale,33,test_unseen,unseen_rate_mae_hz,2.0230472087860107
parallel_multiscale,33,test_unseen,unseen_jitter_mae_ms,2.503755569458008
parallel_multiscale,33,test_unseen,unseen_phase_magnitude_mae_rad,0.7321896553039551
parallel_multiscale,33,test_unseen,regular_vs_jitter_balanced_accuracy,0.5
parallel_multiscale,33,test_unseen,omission_detection_balanced_accuracy,0.5
parallel_multiscale,33,test_unseen,phase_shift_detection_balanced_accuracy,0.5
parallel_multiscale,33,test_unseen,onset_timing_error_ms,78.39918518066406
parallel_multiscale,33,test_unseen,rate_mae_hz,2.0230472087860107
parallel_multiscale,33,test_unseen,jitter_magnitude_mae_ms,2.503755569458008
parallel_multiscale,33,test_unseen,phase_magnitude_mae_rad,0.7321896553039551
rf_stride_coupled,11,test_seen,rate_discrimination_balanced_accuracy,0.23626470588235296
rf_stride_coupled,11,test_seen,regular_vs_jitter_balanced_accuracy,0.4940108339055467
rf_stride_coupled,11,test_seen,omission_detection_balanced_accuracy,0.5
rf_stride_coupled,11,test_seen,phase_shift_detection_balanced_accuracy,0.5
rf_stride_coupled,11,test_seen,onset_timing_error_ms,84.68853759765625
rf_stride_coupled,11,test_seen,rate_mae_hz,2.0119681358337402
rf_stride_coupled,11,test_seen,jitter_magnitude_mae_ms,1.947625994682312
rf_stride_coupled,11,test_seen,phase_magnitude_mae_rad,0.5186372399330139
rf_stride_coupled,11,test_unseen,unseen_rate_mae_hz,2.0267436504364014
rf_stride_coupled,11,test_unseen,unseen_jitter_mae_ms,2.532771587371826
rf_stride_coupled,11,test_unseen,unseen_phase_magnitude_mae_rad,0.7722868919372559
rf_stride_coupled,11,test_unseen,regular_vs_jitter_balanced_accuracy,0.496956281128943
rf_stride_coupled,11,test_unseen,omission_detection_balanced_accuracy,0.49788507642738256
rf_stride_coupled,11,test_unseen,phase_shift_detection_balanced_accuracy,0.5
rf_stride_coupled,11,test_unseen,onset_timing_error_ms,77.74227905273438
rf_stride_coupled,11,test_unseen,rate_mae_hz,2.0267436504364014
rf_stride_coupled,11,test_unseen,jitter_magnitude_mae_ms,2.532771587371826
rf_stride_coupled,11,test_unseen,phase_magnitude_mae_rad,0.7722868919372559
rf_stride_coupled,22,test_seen,rate_discrimination_balanced_accuracy,0.2756470588235294
rf_stride_coupled,22,test_seen,regular_vs_jitter_balanced_accuracy,0.5
rf_stride_coupled,22,test_seen,omission_detection_balanced_accuracy,0.4798580910963607
rf_stride_coupled,22,test_seen,phase_shift_detection_balanced_accuracy,0.5
rf_stride_coupled,22,test_seen,onset_timing_error_ms,84.64889526367188
rf_stride_coupled,22,test_seen,rate_mae_hz,2.0042080879211426
rf_stride_coupled,22,test_seen,jitter_magnitude_mae_ms,1.936570644378662
rf_stride_coupled,22,test_seen,phase_magnitude_mae_rad,0.5270360708236694
rf_stride_coupled,22,test_unseen,unseen_rate_mae_hz,2.080465793609619
rf_stride_coupled,22,test_unseen,unseen_jitter_mae_ms,2.530695915222168
rf_stride_coupled,22,test_unseen,unseen_phase_magnitude_mae_rad,0.7783845663070679
rf_stride_coupled,22,test_unseen,regular_vs_jitter_balanced_accuracy,0.5
rf_stride_coupled,22,test_unseen,omission_detection_balanced_accuracy,0.466550613098783
rf_stride_coupled,22,test_unseen,phase_shift_detection_balanced_accuracy,0.5
rf_stride_coupled,22,test_unseen,onset_timing_error_ms,77.32777404785156
rf_stride_coupled,22,test_unseen,rate_mae_hz,2.080465793609619
rf_stride_coupled,22,test_unseen,jitter_magnitude_mae_ms,2.530695915222168
rf_stride_coupled,22,test_unseen,phase_magnitude_mae_rad,0.7783845663070679
rf_stride_coupled,33,test_seen,rate_discrimination_balanced_accuracy,0.3860882352941176
rf_stride_coupled,33,test_seen,regular_vs_jitter_balanced_accuracy,0.4901731898985275
rf_stride_coupled,33,test_seen,omission_detection_balanced_accuracy,0.5
rf_stride_coupled,33,test_seen,phase_shift_detection_balanced_accuracy,0.5
rf_stride_coupled,33,test_seen,onset_timing_error_ms,95.29399108886719
rf_stride_coupled,33,test_seen,rate_mae_hz,1.7024328708648682
rf_stride_coupled,33,test_seen,jitter_magnitude_mae_ms,2.0293898582458496
rf_stride_coupled,33,test_seen,phase_magnitude_mae_rad,0.5625383257865906
rf_stride_coupled,33,test_unseen,unseen_rate_mae_hz,1.962756633758545
rf_stride_coupled,33,test_unseen,unseen_jitter_mae_ms,2.5379092693328857
rf_stride_coupled,33,test_unseen,unseen_phase_magnitude_mae_rad,0.7118284702301025
rf_stride_coupled,33,test_unseen,regular_vs_jitter_balanced_accuracy,0.532389473036955
rf_stride_coupled,33,test_unseen,omission_detection_balanced_accuracy,0.5
rf_stride_coupled,33,test_unseen,phase_shift_detection_balanced_accuracy,0.5
rf_stride_coupled,33,test_unseen,onset_timing_error_ms,82.11518859863281
rf_stride_coupled,33,test_unseen,rate_mae_hz,1.962756633758545
rf_stride_coupled,33,test_unseen,jitter_magnitude_mae_ms,2.5379092693328857
rf_stride_coupled,33,test_unseen,phase_magnitude_mae_rad,0.7118284702301025
rf_dilation_decoupled,11,test_seen,rate_discrimination_balanced_accuracy,0.2127704991087344
rf_dilation_decoupled,11,test_seen,regular_vs_jitter_balanced_accuracy,0.4975051499198901
rf_dilation_decoupled,11,test_seen,omission_detection_balanced_accuracy,0.5023422598611429
rf_dilation_decoupled,11,test_seen,phase_shift_detection_balanced_accuracy,0.5
rf_dilation_decoupled,11,test_seen,onset_timing_error_ms,84.56721496582031
rf_dilation_decoupled,11,test_seen,rate_mae_hz,2.0088417530059814
rf_dilation_decoupled,11,test_seen,jitter_magnitude_mae_ms,1.9468965530395508
rf_dilation_decoupled,11,test_seen,phase_magnitude_mae_rad,0.5256496667861938
rf_dilation_decoupled,11,test_unseen,unseen_rate_mae_hz,2.0293989181518555
rf_dilation_decoupled,11,test_unseen,unseen_jitter_mae_ms,2.5404741764068604
rf_dilation_decoupled,11,test_unseen,unseen_phase_magnitude_mae_rad,0.7797573208808899
rf_dilation_decoupled,11,test_unseen,regular_vs_jitter_balanced_accuracy,0.484781405644715
rf_dilation_decoupled,11,test_unseen,omission_detection_balanced_accuracy,0.5064058515430543
rf_dilation_decoupled,11,test_unseen,phase_shift_detection_balanced_accuracy,0.5
rf_dilation_decoupled,11,test_unseen,onset_timing_error_ms,77.76512145996094
rf_dilation_decoupled,11,test_unseen,rate_mae_hz,2.0293989181518555
rf_dilation_decoupled,11,test_unseen,jitter_magnitude_mae_ms,2.5404741764068604
rf_dilation_decoupled,11,test_unseen,phase_magnitude_mae_rad,0.7797573208808899
rf_dilation_decoupled,22,test_seen,rate_discrimination_balanced_accuracy,0.34316176470588233
rf_dilation_decoupled,22,test_seen,regular_vs_jitter_balanced_accuracy,0.4842221713588159
rf_dilation_decoupled,22,test_seen,omission_detection_balanced_accuracy,0.4980239566643778
rf_dilation_decoupled,22,test_seen,phase_shift_detection_balanced_accuracy,0.5
rf_dilation_decoupled,22,test_seen,onset_timing_error_ms,85.90042114257812
rf_dilation_decoupled,22,test_seen,rate_mae_hz,1.9597675800323486
rf_dilation_decoupled,22,test_seen,jitter_magnitude_mae_ms,1.9341886043548584
rf_dilation_decoupled,22,test_seen,phase_magnitude_mae_rad,0.5256788730621338
rf_dilation_decoupled,22,test_unseen,unseen_rate_mae_hz,2.0308451652526855
rf_dilation_decoupled,22,test_unseen,unseen_jitter_mae_ms,2.5338449478149414
rf_dilation_decoupled,22,test_unseen,unseen_phase_magnitude_mae_rad,0.7806065678596497
rf_dilation_decoupled,22,test_unseen,regular_vs_jitter_balanced_accuracy,0.48807108159626145
rf_dilation_decoupled,22,test_unseen,omission_detection_balanced_accuracy,0.5002137828882068
rf_dilation_decoupled,22,test_unseen,phase_shift_detection_balanced_accuracy,0.5
rf_dilation_decoupled,22,test_unseen,onset_timing_error_ms,78.53367614746094
rf_dilation_decoupled,22,test_unseen,rate_mae_hz,2.0308451652526855
rf_dilation_decoupled,22,test_unseen,jitter_magnitude_mae_ms,2.5338449478149414
rf_dilation_decoupled,22,test_unseen,phase_magnitude_mae_rad,0.7806065678596497
rf_dilation_decoupled,33,test_seen,rate_discrimination_balanced_accuracy,0.40966176470588234
rf_dilation_decoupled,33,test_seen,regular_vs_jitter_balanced_accuracy,0.49016556038757914
rf_dilation_decoupled,33,test_seen,omission_detection_balanced_accuracy,0.4905012588693065
rf_dilation_decoupled,33,test_seen,phase_shift_detection_balanced_accuracy,0.5
rf_dilation_decoupled,33,test_seen,onset_timing_error_ms,89.5670166015625
rf_dilation_decoupled,33,test_seen,rate_mae_hz,1.8987782001495361
rf_dilation_decoupled,33,test_seen,jitter_magnitude_mae_ms,2.0252394676208496
rf_dilation_decoupled,33,test_seen,phase_magnitude_mae_rad,0.5690091848373413
rf_dilation_decoupled,33,test_unseen,unseen_rate_mae_hz,1.9584243297576904
rf_dilation_decoupled,33,test_unseen,unseen_jitter_mae_ms,2.521596908569336
rf_dilation_decoupled,33,test_unseen,unseen_phase_magnitude_mae_rad,0.6979750394821167
rf_dilation_decoupled,33,test_unseen,regular_vs_jitter_balanced_accuracy,0.49471192276947673
rf_dilation_decoupled,33,test_unseen,omission_detection_balanced_accuracy,0.4782094156092049
rf_dilation_decoupled,33,test_unseen,phase_shift_detection_balanced_accuracy,0.5
rf_dilation_decoupled,33,test_unseen,onset_timing_error_ms,80.04327392578125
rf_dilation_decoupled,33,test_unseen,rate_mae_hz,1.9584243297576904
rf_dilation_decoupled,33,test_unseen,jitter_magnitude_mae_ms,2.521596908569336
rf_dilation_decoupled,33,test_unseen,phase_magnitude_mae_rad,0.6979750394821167
kernel_3,11,test_seen,rate_discrimination_balanced_accuracy,0.21912923351158645
kernel_3,11,test_seen,regular_vs_jitter_balanced_accuracy,0.5
kernel_3,11,test_seen,omission_detection_balanced_accuracy,0.522194247348745
kernel_3,11,test_seen,phase_shift_detection_balanced_accuracy,0.5
kernel_3,11,test_seen,onset_timing_error_ms,85.13573455810547
kernel_3,11,test_seen,rate_mae_hz,2.0103161334991455
kernel_3,11,test_seen,jitter_magnitude_mae_ms,1.9466354846954346
kernel_3,11,test_seen,phase_magnitude_mae_rad,0.5176956653594971
kernel_3,11,test_unseen,unseen_rate_mae_hz,2.0302655696868896
kernel_3,11,test_unseen,unseen_jitter_mae_ms,2.550569534301758
kernel_3,11,test_unseen,unseen_phase_magnitude_mae_rad,0.7715466022491455
kernel_3,11,test_unseen,regular_vs_jitter_balanced_accuracy,0.5
kernel_3,11,test_unseen,omission_detection_balanced_accuracy,0.5027333669277871
kernel_3,11,test_unseen,phase_shift_detection_balanced_accuracy,0.5
kernel_3,11,test_unseen,onset_timing_error_ms,78.43632507324219
kernel_3,11,test_unseen,rate_mae_hz,2.0302655696868896
kernel_3,11,test_unseen,jitter_magnitude_mae_ms,2.550569534301758
kernel_3,11,test_unseen,phase_magnitude_mae_rad,0.7715466022491455
kernel_3,22,test_seen,rate_discrimination_balanced_accuracy,0.46285918003565063
kernel_3,22,test_seen,regular_vs_jitter_balanced_accuracy,0.5057907988097963
kernel_3,22,test_seen,omission_detection_balanced_accuracy,0.5476615548943313
kernel_3,22,test_seen,phase_shift_detection_balanced_accuracy,0.5
kernel_3,22,test_seen,onset_timing_error_ms,86.57498931884766
kernel_3,22,test_seen,rate_mae_hz,1.479464054107666
kernel_3,22,test_seen,jitter_magnitude_mae_ms,1.9303971529006958
kernel_3,22,test_seen,phase_magnitude_mae_rad,0.5218071937561035
kernel_3,22,test_unseen,unseen_rate_mae_hz,1.8420822620391846
kernel_3,22,test_unseen,unseen_jitter_mae_ms,2.5236611366271973
kernel_3,22,test_unseen,unseen_phase_magnitude_mae_rad,0.7589060068130493
kernel_3,22,test_unseen,regular_vs_jitter_balanced_accuracy,0.4866107114308553
kernel_3,22,test_unseen,omission_detection_balanced_accuracy,0.5889794921129384
kernel_3,22,test_unseen,phase_shift_detection_balanced_accuracy,0.5
kernel_3,22,test_unseen,onset_timing_error_ms,78.72239685058594
kernel_3,22,test_unseen,rate_mae_hz,1.8420822620391846
kernel_3,22,test_unseen,jitter_magnitude_mae_ms,2.5236611366271973
kernel_3,22,test_unseen,phase_magnitude_mae_rad,0.7589060068130493
kernel_3,33,test_seen,rate_discrimination_balanced_accuracy,0.4697382862235804
kernel_3,33,test_seen,regular_vs_jitter_balanced_accuracy,0.5433279926756694
kernel_3,33,test_seen,omission_detection_balanced_accuracy,0.5445410849164569
kernel_3,33,test_seen,phase_shift_detection_balanced_accuracy,0.5
kernel_3,33,test_seen,onset_timing_error_ms,85.21546936035156
kernel_3,33,test_seen,rate_mae_hz,1.4769673347473145
kernel_3,33,test_seen,jitter_magnitude_mae_ms,2.0025200843811035
kernel_3,33,test_seen,phase_magnitude_mae_rad,0.5263949036598206
kernel_3,33,test_unseen,unseen_rate_mae_hz,1.710912823677063
kernel_3,33,test_unseen,unseen_jitter_mae_ms,2.5080513954162598
kernel_3,33,test_unseen,unseen_phase_magnitude_mae_rad,0.7596331834793091
kernel_3,33,test_unseen,regular_vs_jitter_balanced_accuracy,0.533895960154953
kernel_3,33,test_unseen,omission_detection_balanced_accuracy,0.5577137447126911
kernel_3,33,test_unseen,phase_shift_detection_balanced_accuracy,0.5
kernel_3,33,test_unseen,onset_timing_error_ms,78.77735900878906
kernel_3,33,test_unseen,rate_mae_hz,1.710912823677063
kernel_3,33,test_unseen,jitter_magnitude_mae_ms,2.5080513954162598
kernel_3,33,test_unseen,phase_magnitude_mae_rad,0.7596331834793091
kernel_7,11,test_seen,rate_discrimination_balanced_accuracy,0.24649064171122995
kernel_7,11,test_seen,regular_vs_jitter_balanced_accuracy,0.5
kernel_7,11,test_seen,omission_detection_balanced_accuracy,0.5
kernel_7,11,test_seen,phase_shift_detection_balanced_accuracy,0.5
kernel_7,11,test_seen,onset_timing_error_ms,85.1541748046875
kernel_7,11,test_seen,rate_mae_hz,2.0142314434051514
kernel_7,11,test_seen,jitter_magnitude_mae_ms,1.9385112524032593
kernel_7,11,test_seen,phase_magnitude_mae_rad,0.5217623710632324
kernel_7,11,test_unseen,unseen_rate_mae_hz,2.023289918899536
kernel_7,11,test_unseen,unseen_jitter_mae_ms,2.5332555770874023
kernel_7,11,test_unseen,unseen_phase_magnitude_mae_rad,0.773995578289032
kernel_7,11,test_unseen,regular_vs_jitter_balanced_accuracy,0.5
kernel_7,11,test_unseen,omission_detection_balanced_accuracy,0.5
kernel_7,11,test_unseen,phase_shift_detection_balanced_accuracy,0.5
kernel_7,11,test_unseen,onset_timing_error_ms,77.84442901611328
kernel_7,11,test_unseen,rate_mae_hz,2.023289918899536
kernel_7,11,test_unseen,jitter_magnitude_mae_ms,2.5332555770874023
kernel_7,11,test_unseen,phase_magnitude_mae_rad,0.773995578289032
kernel_7,22,test_seen,rate_discrimination_balanced_accuracy,0.43572058823529414
kernel_7,22,test_seen,regular_vs_jitter_balanced_accuracy,0.5209201190203707
kernel_7,22,test_seen,omission_detection_balanced_accuracy,0.553131914244297
kernel_7,22,test_seen,phase_shift_detection_balanced_accuracy,0.5
kernel_7,22,test_seen,onset_timing_error_ms,85.96533966064453
kernel_7,22,test_seen,rate_mae_hz,1.4472744464874268
kernel_7,22,test_seen,jitter_magnitude_mae_ms,1.992164134979248
kernel_7,22,test_seen,phase_magnitude_mae_rad,0.5710806250572205
kernel_7,22,test_unseen,unseen_rate_mae_hz,1.9086183309555054
kernel_7,22,test_unseen,unseen_jitter_mae_ms,2.502872943878174
kernel_7,22,test_unseen,unseen_phase_magnitude_mae_rad,0.8212649822235107
kernel_7,22,test_unseen,regular_vs_jitter_balanced_accuracy,0.502367336899711
kernel_7,22,test_unseen,omission_detection_balanced_accuracy,0.5947287247850719
kernel_7,22,test_unseen,phase_shift_detection_balanced_accuracy,0.5
kernel_7,22,test_unseen,onset_timing_error_ms,79.63899230957031
kernel_7,22,test_unseen,rate_mae_hz,1.9086183309555054
kernel_7,22,test_unseen,jitter_magnitude_mae_ms,2.502872943878174
kernel_7,22,test_unseen,phase_magnitude_mae_rad,0.8212649822235107
kernel_7,33,test_seen,rate_discrimination_balanced_accuracy,0.252
kernel_7,33,test_seen,regular_vs_jitter_balanced_accuracy,0.49893186846723125
kernel_7,33,test_seen,omission_detection_balanced_accuracy,0.5059281300068665
kernel_7,33,test_seen,phase_shift_detection_balanced_accuracy,0.5
kernel_7,33,test_seen,onset_timing_error_ms,84.69474029541016
kernel_7,33,test_seen,rate_mae_hz,1.968662977218628
kernel_7,33,test_seen,jitter_magnitude_mae_ms,2.05348801612854
kernel_7,33,test_seen,phase_magnitude_mae_rad,0.514422595500946
kernel_7,33,test_unseen,unseen_rate_mae_hz,1.9721965789794922
kernel_7,33,test_unseen,unseen_jitter_mae_ms,2.484065294265747
kernel_7,33,test_unseen,unseen_phase_magnitude_mae_rad,0.7669938802719116
kernel_7,33,test_unseen,regular_vs_jitter_balanced_accuracy,0.4944352210539261
kernel_7,33,test_unseen,omission_detection_balanced_accuracy,0.5019011406844106
kernel_7,33,test_unseen,phase_shift_detection_balanced_accuracy,0.5
kernel_7,33,test_unseen,onset_timing_error_ms,77.79209899902344
kernel_7,33,test_unseen,rate_mae_hz,1.9721965789794922
kernel_7,33,test_unseen,jitter_magnitude_mae_ms,2.484065294265747
kernel_7,33,test_unseen,phase_magnitude_mae_rad,0.7669938802719116
kernel_15,11,test_seen,rate_discrimination_balanced_accuracy,0.296951871657754
kernel_15,11,test_seen,regular_vs_jitter_balanced_accuracy,0.49788662546730755
kernel_15,11,test_seen,omission_detection_balanced_accuracy,0.5071183337148089
kernel_15,11,test_seen,phase_shift_detection_balanced_accuracy,0.5
kernel_15,11,test_seen,onset_timing_error_ms,99.26028442382812
kernel_15,11,test_seen,rate_mae_hz,1.9444756507873535
kernel_15,11,test_seen,jitter_magnitude_mae_ms,1.9674372673034668
kernel_15,11,test_seen,phase_magnitude_mae_rad,0.5869017839431763
kernel_15,11,test_unseen,unseen_rate_mae_hz,2.1698060035705566
kernel_15,11,test_unseen,unseen_jitter_mae_ms,2.5346226692199707
kernel_15,11,test_unseen,unseen_phase_magnitude_mae_rad,0.8290672302246094
kernel_15,11,test_unseen,regular_vs_jitter_balanced_accuracy,0.49448133800651783
kernel_15,11,test_unseen,omission_detection_balanced_accuracy,0.5556828072747263
kernel_15,11,test_unseen,phase_shift_detection_balanced_accuracy,0.5
kernel_15,11,test_unseen,onset_timing_error_ms,87.6400146484375
kernel_15,11,test_unseen,rate_mae_hz,2.1698060035705566
kernel_15,11,test_unseen,jitter_magnitude_mae_ms,2.5346226692199707
kernel_15,11,test_unseen,phase_magnitude_mae_rad,0.8290672302246094
kernel_15,22,test_seen,rate_discrimination_balanced_accuracy,0.4661626559714795
kernel_15,22,test_seen,regular_vs_jitter_balanced_accuracy,0.4921110856794079
kernel_15,22,test_seen,omission_detection_balanced_accuracy,0.5
kernel_15,22,test_seen,phase_shift_detection_balanced_accuracy,0.5
kernel_15,22,test_seen,onset_timing_error_ms,88.31671142578125
kernel_15,22,test_seen,rate_mae_hz,1.8422470092773438
kernel_15,22,test_seen,jitter_magnitude_mae_ms,1.944169044494629
kernel_15,22,test_seen,phase_magnitude_mae_rad,0.5336443185806274
kernel_15,22,test_unseen,unseen_rate_mae_hz,2.041081666946411
kernel_15,22,test_unseen,unseen_jitter_mae_ms,2.543729782104492
kernel_15,22,test_unseen,unseen_phase_magnitude_mae_rad,0.7887306213378906
kernel_15,22,test_unseen,regular_vs_jitter_balanced_accuracy,0.49471192276947673
kernel_15,22,test_unseen,omission_detection_balanced_accuracy,0.5020080321285141
kernel_15,22,test_unseen,phase_shift_detection_balanced_accuracy,0.5
kernel_15,22,test_unseen,onset_timing_error_ms,80.75778198242188
kernel_15,22,test_unseen,rate_mae_hz,2.041081666946411
kernel_15,22,test_unseen,jitter_magnitude_mae_ms,2.543729782104492
kernel_15,22,test_unseen,phase_magnitude_mae_rad,0.7887306213378906
kernel_15,33,test_seen,rate_discrimination_balanced_accuracy,0.3467941176470588
kernel_15,33,test_seen,regular_vs_jitter_balanced_accuracy,0.5
kernel_15,33,test_seen,omission_detection_balanced_accuracy,0.4705043106736858
kernel_15,33,test_seen,phase_shift_detection_balanced_accuracy,0.5
kernel_15,33,test_seen,onset_timing_error_ms,85.37350463867188
kernel_15,33,test_seen,rate_mae_hz,1.9965828657150269
kernel_15,33,test_seen,jitter_magnitude_mae_ms,1.9372048377990723
kernel_15,33,test_seen,phase_magnitude_mae_rad,0.5234841108322144
kernel_15,33,test_unseen,unseen_rate_mae_hz,2.023202419281006
kernel_15,33,test_unseen,unseen_jitter_mae_ms,2.515641689300537
kernel_15,33,test_unseen,unseen_phase_magnitude_mae_rad,0.7419718503952026
kernel_15,33,test_unseen,regular_vs_jitter_balanced_accuracy,0.5
kernel_15,33,test_unseen,omission_detection_balanced_accuracy,0.48296608487180664
kernel_15,33,test_unseen,phase_shift_detection_balanced_accuracy,0.5
kernel_15,33,test_unseen,onset_timing_error_ms,77.92207336425781
kernel_15,33,test_unseen,rate_mae_hz,2.023202419281006
kernel_15,33,test_unseen,jitter_magnitude_mae_ms,2.515641689300537
kernel_15,33,test_unseen,phase_magnitude_mae_rad,0.7419718503952026
kernel_31,11,test_seen,rate_discrimination_balanced_accuracy,0.28052049910873444
kernel_31,11,test_seen,regular_vs_jitter_balanced_accuracy,0.515930418860151
kernel_31,11,test_seen,omission_detection_balanced_accuracy,0.5965133134966049
kernel_31,11,test_seen,phase_shift_detection_balanced_accuracy,0.5
kernel_31,11,test_seen,onset_timing_error_ms,83.59866333007812
kernel_31,11,test_seen,rate_mae_hz,1.9890235662460327
kernel_31,11,test_seen,jitter_magnitude_mae_ms,1.9415781497955322
kernel_31,11,test_seen,phase_magnitude_mae_rad,0.5282191038131714
kernel_31,11,test_unseen,unseen_rate_mae_hz,2.0386455059051514
kernel_31,11,test_unseen,unseen_jitter_mae_ms,2.517918586730957
kernel_31,11,test_unseen,unseen_phase_magnitude_mae_rad,0.7818279266357422
kernel_31,11,test_unseen,regular_vs_jitter_balanced_accuracy,0.5137582241898789
kernel_31,11,test_unseen,omission_detection_balanced_accuracy,0.6371493578878251
kernel_31,11,test_unseen,phase_shift_detection_balanced_accuracy,0.5
kernel_31,11,test_unseen,onset_timing_error_ms,76.22521209716797
kernel_31,11,test_unseen,rate_mae_hz,2.0386455059051514
kernel_31,11,test_unseen,jitter_magnitude_mae_ms,2.517918586730957
kernel_31,11,test_unseen,phase_magnitude_mae_rad,0.7818279266357422
kernel_31,22,test_seen,rate_discrimination_balanced_accuracy,0.37683823529411764
kernel_31,22,test_seen,regular_vs_jitter_balanced_accuracy,0.5158693827725643
kernel_31,22,test_seen,omission_detection_balanced_accuracy,0.5757534142061493
kernel_31,22,test_seen,phase_shift_detection_balanced_accuracy,0.5
kernel_31,22,test_seen,onset_timing_error_ms,87.89790344238281
kernel_31,22,test_seen,rate_mae_hz,1.6945734024047852
kernel_31,22,test_seen,jitter_magnitude_mae_ms,2.0606441497802734
kernel_31,22,test_seen,phase_magnitude_mae_rad,0.539610743522644
kernel_31,22,test_unseen,unseen_rate_mae_hz,2.264249801635742
kernel_31,22,test_unseen,unseen_jitter_mae_ms,2.5082621574401855
kernel_31,22,test_unseen,unseen_phase_magnitude_mae_rad,0.7896259427070618
kernel_31,22,test_unseen,regular_vs_jitter_balanced_accuracy,0.5281313410809814
kernel_31,22,test_unseen,omission_detection_balanced_accuracy,0.6118313558416174
kernel_31,22,test_unseen,phase_shift_detection_balanced_accuracy,0.5
kernel_31,22,test_unseen,onset_timing_error_ms,82.99658966064453
kernel_31,22,test_unseen,rate_mae_hz,2.264249801635742
kernel_31,22,test_unseen,jitter_magnitude_mae_ms,2.5082621574401855
kernel_31,22,test_unseen,phase_magnitude_mae_rad,0.7896259427070618
kernel_31,33,test_seen,rate_discrimination_balanced_accuracy,0.25
kernel_31,33,test_seen,regular_vs_jitter_balanced_accuracy,0.5
kernel_31,33,test_seen,omission_detection_balanced_accuracy,0.5
kernel_31,33,test_seen,phase_shift_detection_balanced_accuracy,0.5
kernel_31,33,test_seen,onset_timing_error_ms,84.911865234375
kernel_31,33,test_seen,rate_mae_hz,2.019493818283081
kernel_31,33,test_seen,jitter_magnitude_mae_ms,1.9388551712036133
kernel_31,33,test_seen,phase_magnitude_mae_rad,0.5185080170631409
kernel_31,33,test_unseen,unseen_rate_mae_hz,2.023312568664551
kernel_31,33,test_unseen,unseen_jitter_mae_ms,2.514810085296631
kernel_31,33,test_unseen,unseen_phase_magnitude_mae_rad,0.7454363703727722
kernel_31,33,test_unseen,regular_vs_jitter_balanced_accuracy,0.5
kernel_31,33,test_unseen,omission_detection_balanced_accuracy,0.5
kernel_31,33,test_unseen,phase_shift_detection_balanced_accuracy,0.5
kernel_31,33,test_unseen,onset_timing_error_ms,78.16227722167969
kernel_31,33,test_unseen,rate_mae_hz,2.023312568664551
kernel_31,33,test_unseen,jitter_magnitude_mae_ms,2.514810085296631
kernel_31,33,test_unseen,phase_magnitude_mae_rad,0.7454363703727722
event_baseline,11,test_seen,rate_discrimination_balanced_accuracy,0.21912923351158645
event_baseline,11,test_seen,regular_vs_jitter_balanced_accuracy,0.5
event_baseline,11,test_seen,omission_detection_balanced_accuracy,0.522194247348745
event_baseline,11,test_seen,phase_shift_detection_balanced_accuracy,0.5
event_baseline,11,test_seen,onset_timing_error_ms,85.13573455810547
event_baseline,11,test_seen,rate_mae_hz,2.0103161334991455
event_baseline,11,test_seen,jitter_magnitude_mae_ms,1.9466354846954346
event_baseline,11,test_seen,phase_magnitude_mae_rad,0.5176956653594971
event_baseline,11,test_unseen,unseen_rate_mae_hz,2.0302655696868896
event_baseline,11,test_unseen,unseen_jitter_mae_ms,2.550569534301758
event_baseline,11,test_unseen,unseen_phase_magnitude_mae_rad,0.7715466022491455
event_baseline,11,test_unseen,regular_vs_jitter_balanced_accuracy,0.5
event_baseline,11,test_unseen,omission_detection_balanced_accuracy,0.5027333669277871
event_baseline,11,test_unseen,phase_shift_detection_balanced_accuracy,0.5
event_baseline,11,test_unseen,onset_timing_error_ms,78.43632507324219
event_baseline,11,test_unseen,rate_mae_hz,2.0302655696868896
event_baseline,11,test_unseen,jitter_magnitude_mae_ms,2.550569534301758
event_baseline,11,test_unseen,phase_magnitude_mae_rad,0.7715466022491455
event_baseline,22,test_seen,rate_discrimination_balanced_accuracy,0.46285918003565063
event_baseline,22,test_seen,regular_vs_jitter_balanced_accuracy,0.5057907988097963
event_baseline,22,test_seen,omission_detection_balanced_accuracy,0.5476615548943313
event_baseline,22,test_seen,phase_shift_detection_balanced_accuracy,0.5
event_baseline,22,test_seen,onset_timing_error_ms,86.57498931884766
event_baseline,22,test_seen,rate_mae_hz,1.479464054107666
event_baseline,22,test_seen,jitter_magnitude_mae_ms,1.9303971529006958
event_baseline,22,test_seen,phase_magnitude_mae_rad,0.5218071937561035
event_baseline,22,test_unseen,unseen_rate_mae_hz,1.8420822620391846
event_baseline,22,test_unseen,unseen_jitter_mae_ms,2.5236611366271973
event_baseline,22,test_unseen,unseen_phase_magnitude_mae_rad,0.7589060068130493
event_baseline,22,test_unseen,regular_vs_jitter_balanced_accuracy,0.4866107114308553
event_baseline,22,test_unseen,omission_detection_balanced_accuracy,0.5889794921129384
event_baseline,22,test_unseen,phase_shift_detection_balanced_accuracy,0.5
event_baseline,22,test_unseen,onset_timing_error_ms,78.72239685058594
event_baseline,22,test_unseen,rate_mae_hz,1.8420822620391846
event_baseline,22,test_unseen,jitter_magnitude_mae_ms,2.5236611366271973
event_baseline,22,test_unseen,phase_magnitude_mae_rad,0.7589060068130493
event_baseline,33,test_seen,rate_discrimination_balanced_accuracy,0.4697382862235804
event_baseline,33,test_seen,regular_vs_jitter_balanced_accuracy,0.5433279926756694
event_baseline,33,test_seen,omission_detection_balanced_accuracy,0.5445410849164569
event_baseline,33,test_seen,phase_shift_detection_balanced_accuracy,0.5
event_baseline,33,test_seen,onset_timing_error_ms,85.21546936035156
event_baseline,33,test_seen,rate_mae_hz,1.4769673347473145
event_baseline,33,test_seen,jitter_magnitude_mae_ms,2.0025200843811035
event_baseline,33,test_seen,phase_magnitude_mae_rad,0.5263949036598206
event_baseline,33,test_unseen,unseen_rate_mae_hz,1.710912823677063
event_baseline,33,test_unseen,unseen_jitter_mae_ms,2.5080513954162598
event_baseline,33,test_unseen,unseen_phase_magnitude_mae_rad,0.7596331834793091
event_baseline,33,test_unseen,regular_vs_jitter_balanced_accuracy,0.533895960154953
event_baseline,33,test_unseen,omission_detection_balanced_accuracy,0.5577137447126911
event_baseline,33,test_unseen,phase_shift_detection_balanced_accuracy,0.5
event_baseline,33,test_unseen,onset_timing_error_ms,78.77735900878906
event_baseline,33,test_unseen,rate_mae_hz,1.710912823677063
event_baseline,33,test_unseen,jitter_magnitude_mae_ms,2.5080513954162598
event_baseline,33,test_unseen,phase_magnitude_mae_rad,0.7596331834793091
explicit_change,11,test_seen,rate_discrimination_balanced_accuracy,0.2771176470588235
explicit_change,11,test_seen,regular_vs_jitter_balanced_accuracy,0.5177233539330128
explicit_change,11,test_seen,omission_detection_balanced_accuracy,0.5056153200579843
explicit_change,11,test_seen,phase_shift_detection_balanced_accuracy,0.5
explicit_change,11,test_seen,onset_timing_error_ms,85.10664367675781
explicit_change,11,test_seen,rate_mae_hz,2.0073604583740234
explicit_change,11,test_seen,jitter_magnitude_mae_ms,1.9342243671417236
explicit_change,11,test_seen,phase_magnitude_mae_rad,0.5373374819755554
explicit_change,11,test_unseen,unseen_rate_mae_hz,2.021847724914551
explicit_change,11,test_unseen,unseen_jitter_mae_ms,2.517725944519043
explicit_change,11,test_unseen,unseen_phase_magnitude_mae_rad,0.7926153540611267
explicit_change,11,test_unseen,regular_vs_jitter_balanced_accuracy,0.5076554141302343
explicit_change,11,test_unseen,omission_detection_balanced_accuracy,0.4441721257654191
explicit_change,11,test_unseen,phase_shift_detection_balanced_accuracy,0.5
explicit_change,11,test_unseen,onset_timing_error_ms,78.00849151611328
explicit_change,11,test_unseen,rate_mae_hz,2.021847724914551
explicit_change,11,test_unseen,jitter_magnitude_mae_ms,2.517725944519043
explicit_change,11,test_unseen,phase_magnitude_mae_rad,0.7926153540611267
explicit_change,22,test_seen,rate_discrimination_balanced_accuracy,0.25
explicit_change,22,test_seen,regular_vs_jitter_balanced_accuracy,0.5
explicit_change,22,test_seen,omission_detection_balanced_accuracy,0.5
explicit_change,22,test_seen,phase_shift_detection_balanced_accuracy,0.5
explicit_change,22,test_seen,onset_timing_error_ms,85.01066589355469
explicit_change,22,test_seen,rate_mae_hz,2.018728733062744
explicit_change,22,test_seen,jitter_magnitude_mae_ms,1.9372773170471191
explicit_change,22,test_seen,phase_magnitude_mae_rad,0.517484188079834
explicit_change,22,test_unseen,unseen_rate_mae_hz,2.021810531616211
explicit_change,22,test_unseen,unseen_jitter_mae_ms,2.5133726596832275
explicit_change,22,test_unseen,unseen_phase_magnitude_mae_rad,0.7463260889053345
explicit_change,22,test_unseen,regular_vs_jitter_balanced_accuracy,0.5
explicit_change,22,test_unseen,omission_detection_balanced_accuracy,0.5
explicit_change,22,test_unseen,phase_shift_detection_balanced_accuracy,0.5
explicit_change,22,test_unseen,onset_timing_error_ms,78.42256927490234
explicit_change,22,test_unseen,rate_mae_hz,2.021810531616211
explicit_change,22,test_unseen,jitter_magnitude_mae_ms,2.5133726596832275
explicit_change,22,test_unseen,phase_magnitude_mae_rad,0.7463260889053345
explicit_change,33,test_seen,rate_discrimination_balanced_accuracy,0.3188970588235294
explicit_change,33,test_seen,regular_vs_jitter_balanced_accuracy,0.4898298619058518
explicit_change,33,test_seen,omission_detection_balanced_accuracy,0.5
explicit_change,33,test_seen,phase_shift_detection_balanced_accuracy,0.5
explicit_change,33,test_seen,onset_timing_error_ms,85.14511108398438
explicit_change,33,test_seen,rate_mae_hz,1.9963912963867188
explicit_change,33,test_seen,jitter_magnitude_mae_ms,1.9498043060302734
explicit_change,33,test_seen,phase_magnitude_mae_rad,0.5289661288261414
explicit_change,33,test_unseen,unseen_rate_mae_hz,2.0541841983795166
explicit_change,33,test_unseen,unseen_jitter_mae_ms,2.5111727714538574
explicit_change,33,test_unseen,unseen_phase_magnitude_mae_rad,0.7375677227973938
explicit_change,33,test_unseen,regular_vs_jitter_balanced_accuracy,0.4975096845600443
explicit_change,33,test_unseen,omission_detection_balanced_accuracy,0.5
explicit_change,33,test_unseen,phase_shift_detection_balanced_accuracy,0.5
explicit_change,33,test_unseen,onset_timing_error_ms,78.43634033203125
explicit_change,33,test_unseen,rate_mae_hz,2.0541841983795166
explicit_change,33,test_unseen,jitter_magnitude_mae_ms,2.5111727714538574
explicit_change,33,test_unseen,phase_magnitude_mae_rad,0.7375677227973938
ordinary_second_branch,11,test_seen,rate_discrimination_balanced_accuracy,0.4566287878787879
ordinary_second_branch,11,test_seen,regular_vs_jitter_balanced_accuracy,0.5372472724498359
ordinary_second_branch,11,test_seen,omission_detection_balanced_accuracy,0.5351033798733502
ordinary_second_branch,11,test_seen,phase_shift_detection_balanced_accuracy,0.5
ordinary_second_branch,11,test_seen,onset_timing_error_ms,85.08832550048828
ordinary_second_branch,11,test_seen,rate_mae_hz,1.4799888134002686
ordinary_second_branch,11,test_seen,jitter_magnitude_mae_ms,1.937627911567688
ordinary_second_branch,11,test_seen,phase_magnitude_mae_rad,0.5162208080291748
ordinary_second_branch,11,test_unseen,unseen_rate_mae_hz,1.7543962001800537
ordinary_second_branch,11,test_unseen,unseen_jitter_mae_ms,2.510042667388916
ordinary_second_branch,11,test_unseen,unseen_phase_magnitude_mae_rad,0.7690773010253906
ordinary_second_branch,11,test_unseen,regular_vs_jitter_balanced_accuracy,0.5416436081903707
ordinary_second_branch,11,test_unseen,omission_detection_balanced_accuracy,0.570785041305908
ordinary_second_branch,11,test_unseen,phase_shift_detection_balanced_accuracy,0.5
ordinary_second_branch,11,test_unseen,onset_timing_error_ms,78.78545379638672
ordinary_second_branch,11,test_unseen,rate_mae_hz,1.7543962001800537
ordinary_second_branch,11,test_unseen,jitter_magnitude_mae_ms,2.510042667388916
ordinary_second_branch,11,test_unseen,phase_magnitude_mae_rad,0.7690773010253906
ordinary_second_branch,22,test_seen,rate_discrimination_balanced_accuracy,0.25
ordinary_second_branch,22,test_seen,regular_vs_jitter_balanced_accuracy,0.5
ordinary_second_branch,22,test_seen,omission_detection_balanced_accuracy,0.5
ordinary_second_branch,22,test_seen,phase_shift_detection_balanced_accuracy,0.5
ordinary_second_branch,22,test_seen,onset_timing_error_ms,84.99571228027344
ordinary_second_branch,22,test_seen,rate_mae_hz,2.0184929370880127
ordinary_second_branch,22,test_seen,jitter_magnitude_mae_ms,1.9391887187957764
ordinary_second_branch,22,test_seen,phase_magnitude_mae_rad,0.5130465030670166
ordinary_second_branch,22,test_unseen,unseen_rate_mae_hz,2.0217959880828857
ordinary_second_branch,22,test_unseen,unseen_jitter_mae_ms,2.5128376483917236
ordinary_second_branch,22,test_unseen,unseen_phase_magnitude_mae_rad,0.7501121759414673
ordinary_second_branch,22,test_unseen,regular_vs_jitter_balanced_accuracy,0.5
ordinary_second_branch,22,test_unseen,omission_detection_balanced_accuracy,0.5
ordinary_second_branch,22,test_unseen,phase_shift_detection_balanced_accuracy,0.5
ordinary_second_branch,22,test_unseen,onset_timing_error_ms,78.44231414794922
ordinary_second_branch,22,test_unseen,rate_mae_hz,2.0217959880828857
ordinary_second_branch,22,test_unseen,jitter_magnitude_mae_ms,2.5128376483917236
ordinary_second_branch,22,test_unseen,phase_magnitude_mae_rad,0.7501121759414673
ordinary_second_branch,33,test_seen,rate_discrimination_balanced_accuracy,0.3356470588235294
ordinary_second_branch,33,test_seen,regular_vs_jitter_balanced_accuracy,0.4837720302128633
ordinary_second_branch,33,test_seen,omission_detection_balanced_accuracy,0.5
ordinary_second_branch,33,test_seen,phase_shift_detection_balanced_accuracy,0.5
ordinary_second_branch,33,test_seen,onset_timing_error_ms,85.0811767578125
ordinary_second_branch,33,test_seen,rate_mae_hz,2.004512071609497
ordinary_second_branch,33,test_seen,jitter_magnitude_mae_ms,1.9512850046157837
ordinary_second_branch,33,test_seen,phase_magnitude_mae_rad,0.5353437066078186
ordinary_second_branch,33,test_unseen,unseen_rate_mae_hz,2.0486793518066406
ordinary_second_branch,33,test_unseen,unseen_jitter_mae_ms,2.5088753700256348
ordinary_second_branch,33,test_unseen,unseen_phase_magnitude_mae_rad,0.7311662435531616
ordinary_second_branch,33,test_unseen,regular_vs_jitter_balanced_accuracy,0.4846891717395314
ordinary_second_branch,33,test_unseen,omission_detection_balanced_accuracy,0.5
ordinary_second_branch,33,test_unseen,phase_shift_detection_balanced_accuracy,0.5
ordinary_second_branch,33,test_unseen,onset_timing_error_ms,78.47926330566406
ordinary_second_branch,33,test_unseen,rate_mae_hz,2.0486793518066406
ordinary_second_branch,33,test_unseen,jitter_magnitude_mae_ms,2.5088753700256348
ordinary_second_branch,33,test_unseen,phase_magnitude_mae_rad,0.7311662435531616
