story,canonical,alternative,same_shape,exact_waveform,max_abs_difference
catalan-m01,/home/fanyu/auditory_simulation_m6a/data/ds004703/v1.1.0/stimuli/excerpts/Block 1/catalan-m01_normed.wav,/home/fanyu/auditory_simulation_m6a/data/ds004703/v1.1.0/stimuli/all_stimuli/catalan-m01_normed.wav,True,True,0.0
catalan-m01,/home/fanyu/auditory_simulation_m6a/data/ds004703/v1.1.0/stimuli/excerpts/Block 1/catalan-m01_normed.wav,/home/fanyu/auditory_simulation_m6a/data/ds004703/v1.1.0/stimuli/excerpts/catalan_v2/catalan-m01_normed.wav,False,False,NOT_COMPARABLE
s1303a-ex01,/home/fanyu/auditory_simulation_m6a/data/ds004703/v1.1.0/stimuli/excerpts/Block 1/s1303a-ex01_normed.wav,/home/fanyu/auditory_simulation_m6a/data/ds004703/v1.1.0/stimuli/all_stimuli/s1303a-ex01_normed.wav,True,True,0.0
s1401a-ex01,/home/fanyu/auditory_simulation_m6a/data/ds004703/v1.1.0/stimuli/excerpts/Block 1/s1401a-ex01_normed.wav,/home/fanyu/auditory_simulation_m6a/data/ds004703/v1.1.0/stimuli/all_stimuli/s1401a-ex01_normed.wav,True,True,0.0
s1901b-ex01,/home/fanyu/auditory_simulation_m6a/data/ds004703/v1.1.0/stimuli/excerpts/Block 1/s1901b-ex01_normed.wav,/home/fanyu/auditory_simulation_m6a/data/ds004703/v1.1.0/stimuli/all_stimuli/s1901b-ex01_normed.wav,True,True,0.0
s2102a-ex01,/home/fanyu/auditory_simulation_m6a/data/ds004703/v1.1.0/stimuli/excerpts/Block 1/s2102a-ex01_normed.wav,/home/fanyu/auditory_simulation_m6a/data/ds004703/v1.1.0/stimuli/all_stimuli/s2102a-ex01_normed.wav,True,True,0.0
s2301a-ex01,/home/fanyu/auditory_simulation_m6a/data/ds004703/v1.1.0/stimuli/excerpts/Block 1/s2301a-ex01_normed.wav,/home/fanyu/auditory_simulation_m6a/data/ds004703/v1.1.0/stimuli/all_stimuli/s2301a-ex01_normed.wav,True,True,0.0
s3001b-ex01,/home/fanyu/auditory_simulation_m6a/data/ds004703/v1.1.0/stimuli/excerpts/Block 1/s3001b-ex01_normed.wav,/home/fanyu/auditory_simulation_m6a/data/ds004703/v1.1.0/stimuli/all_stimuli/s3001b-ex01_normed.wav,True,True,0.0
s3602b-ex01,/home/fanyu/auditory_simulation_m6a/data/ds004703/v1.1.0/stimuli/excerpts/Block 1/s3602b-ex01_normed.wav,/home/fanyu/auditory_simulation_m6a/data/ds004703/v1.1.0/stimuli/all_stimuli/s3602b-ex01_normed.wav,True,True,0.0
s4002b-ex01,/home/fanyu/auditory_simulation_m6a/data/ds004703/v1.1.0/stimuli/excerpts/Block 1/s4002b-ex01_normed.wav,/home/fanyu/auditory_simulation_m6a/data/ds004703/v1.1.0/stimuli/all_stimuli/s4002b-ex01_normed.wav,True,True,0.0
catalan-f01,/home/fanyu/auditory_simulation_m6a/data/ds004703/v1.1.0/stimuli/excerpts/Block 2/catalan-f01_normed.wav,/home/fanyu/auditory_simulation_m6a/data/ds004703/v1.1.0/stimuli/all_stimuli/catalan-f01_normed.wav,True,True,0.0
catalan-f01,/home/fanyu/auditory_simulation_m6a/data/ds004703/v1.1.0/stimuli/excerpts/Block 2/catalan-f01_normed.wav,/home/fanyu/auditory_simulation_m6a/data/ds004703/v1.1.0/stimuli/excerpts/catalan_v2/catalan-f01_normed.wav,False,False,NOT_COMPARABLE
s0703b-ex01,/home/fanyu/auditory_simulation_m6a/data/ds004703/v1.1.0/stimuli/excerpts/Block 2/s0703b-ex01_normed.wav,/home/fanyu/auditory_simulation_m6a/data/ds004703/v1.1.0/stimuli/all_stimuli/s0703b-ex01_normed.wav,True,True,0.0
s1201a-ex01,/home/fanyu/auditory_simulation_m6a/data/ds004703/v1.1.0/stimuli/excerpts/Block 2/s1201a-ex01_normed.wav,/home/fanyu/auditory_simulation_m6a/data/ds004703/v1.1.0/stimuli/all_stimuli/s1201a-ex01_normed.wav,True,True,0.0
s2102a-ex02,/home/fanyu/auditory_simulation_m6a/data/ds004703/v1.1.0/stimuli/excerpts/Block 2/s2102a-ex02_normed.wav,/home/fanyu/auditory_simulation_m6a/data/ds004703/v1.1.0/stimuli/all_stimuli/s2102a-ex02_normed.wav,True,True,0.0
s2202b-ex02,/home/fanyu/auditory_simulation_m6a/data/ds004703/v1.1.0/stimuli/excerpts/Block 2/s2202b-ex02_normed.wav,/home/fanyu/auditory_simulation_m6a/data/ds004703/v1.1.0/stimuli/all_stimuli/s2202b-ex02_normed.wav,True,True,0.0
s3301a-ex01,/home/fanyu/auditory_simulation_m6a/data/ds004703/v1.1.0/stimuli/excerpts/Block 2/s3301a-ex01_normed.wav,/home/fanyu/auditory_simulation_m6a/data/ds004703/v1.1.0/stimuli/all_stimuli/s3301a-ex01_normed.wav,True,True,0.0
s3602b-ex02,/home/fanyu/auditory_simulation_m6a/data/ds004703/v1.1.0/stimuli/excerpts/Block 2/s3602b-ex02_normed.wav,/home/fanyu/auditory_simulation_m6a/data/ds004703/v1.1.0/stimuli/all_stimuli/s3602b-ex02_normed.wav,True,True,0.0
s3903b-ex01,/home/fanyu/auditory_simulation_m6a/data/ds004703/v1.1.0/stimuli/excerpts/Block 2/s3903b-ex01_normed.wav,/home/fanyu/auditory_simulation_m6a/data/ds004703/v1.1.0/stimuli/all_stimuli/s3903b-ex01_normed.wav,True,True,0.0
s4003b-ex01,/home/fanyu/auditory_simulation_m6a/data/ds004703/v1.1.0/stimuli/excerpts/Block 2/s4003b-ex01_normed.wav,/home/fanyu/auditory_simulation_m6a/data/ds004703/v1.1.0/stimuli/all_stimuli/s4003b-ex01_normed.wav,True,True,0.0
catalan-m02,/home/fanyu/auditory_simulation_m6a/data/ds004703/v1.1.0/stimuli/excerpts/Block 3/catalan-m02_normed.wav,/home/fanyu/auditory_simulation_m6a/data/ds004703/v1.1.0/stimuli/all_stimuli/catalan-m02_normed.wav,True,True,0.0
catalan-m02,/home/fanyu/auditory_simulation_m6a/data/ds004703/v1.1.0/stimuli/excerpts/Block 3/catalan-m02_normed.wav,/home/fanyu/auditory_simulation_m6a/data/ds004703/v1.1.0/stimuli/excerpts/catalan_v2/catalan-m02_normed.wav,False,False,NOT_COMPARABLE
s1001a-ex01,/home/fanyu/auditory_simulation_m6a/data/ds004703/v1.1.0/stimuli/excerpts/Block 3/s1001a-ex01_normed.wav,/home/fanyu/auditory_simulation_m6a/data/ds004703/v1.1.0/stimuli/all_stimuli/s1001a-ex01_normed.wav,True,True,0.0
s1303a-ex02,/home/fanyu/auditory_simulation_m6a/data/ds004703/v1.1.0/stimuli/excerpts/Block 3/s1303a-ex02_normed.wav,/home/fanyu/auditory_simulation_m6a/data/ds004703/v1.1.0/stimuli/all_stimuli/s1303a-ex02_normed.wav,True,True,0.0
s1401a-ex02,/home/fanyu/auditory_simulation_m6a/data/ds004703/v1.1.0/stimuli/excerpts/Block 3/s1401a-ex02_normed.wav,/home/fanyu/auditory_simulation_m6a/data/ds004703/v1.1.0/stimuli/all_stimuli/s1401a-ex02_normed.wav,True,True,0.0
s1501a-ex01,/home/fanyu/auditory_simulation_m6a/data/ds004703/v1.1.0/stimuli/excerpts/Block 3/s1501a-ex01_normed.wav,/home/fanyu/auditory_simulation_m6a/data/ds004703/v1.1.0/stimuli/all_stimuli/s1501a-ex01_normed.wav,True,True,0.0
s3201a-ex01,/home/fanyu/auditory_simulation_m6a/data/ds004703/v1.1.0/stimuli/excerpts/Block 3/s3201a-ex01_normed.wav,/home/fanyu/auditory_simulation_m6a/data/ds004703/v1.1.0/stimuli/all_stimuli/s3201a-ex01_normed.wav,True,True,0.0
s3301a-ex02,/home/fanyu/auditory_simulation_m6a/data/ds004703/v1.1.0/stimuli/excerpts/Block 3/s3301a-ex02_normed.wav,/home/fanyu/auditory_simulation_m6a/data/ds004703/v1.1.0/stimuli/all_stimuli/s3301a-ex02_normed.wav,True,True,0.0
s3703b-ex01,/home/fanyu/auditory_simulation_m6a/data/ds004703/v1.1.0/stimuli/excerpts/Block 3/s3703b-ex01_normed.wav,/home/fanyu/auditory_simulation_m6a/data/ds004703/v1.1.0/stimuli/all_stimuli/s3703b-ex01_normed.wav,True,True,0.0
s3903b-ex02,/home/fanyu/auditory_simulation_m6a/data/ds004703/v1.1.0/stimuli/excerpts/Block 3/s3903b-ex02_normed.wav,/home/fanyu/auditory_simulation_m6a/data/ds004703/v1.1.0/stimuli/all_stimuli/s3903b-ex02_normed.wav,True,True,0.0
catalan-f02,/home/fanyu/auditory_simulation_m6a/data/ds004703/v1.1.0/stimuli/excerpts/Block 4/catalan-f02_normed.wav,/home/fanyu/auditory_simulation_m6a/data/ds004703/v1.1.0/stimuli/all_stimuli/catalan-f02_normed.wav,True,True,0.0
catalan-f02,/home/fanyu/auditory_simulation_m6a/data/ds004703/v1.1.0/stimuli/excerpts/Block 4/catalan-f02_normed.wav,/home/fanyu/auditory_simulation_m6a/data/ds004703/v1.1.0/stimuli/excerpts/catalan_v2/catalan-f02_normed.wav,False,False,NOT_COMPARABLE
s0202b-ex01,/home/fanyu/auditory_simulation_m6a/data/ds004703/v1.1.0/stimuli/excerpts/Block 4/s0202b-ex01_normed.wav,/home/fanyu/auditory_simulation_m6a/data/ds004703/v1.1.0/stimuli/all_stimuli/s0202b-ex01_normed.wav,True,True,0.0
s0702a-ex01,/home/fanyu/auditory_simulation_m6a/data/ds004703/v1.1.0/stimuli/excerpts/Block 4/s0702a-ex01_normed.wav,/home/fanyu/auditory_simulation_m6a/data/ds004703/v1.1.0/stimuli/all_stimuli/s0702a-ex01_normed.wav,True,True,0.0
s1604a-ex01,/home/fanyu/auditory_simulation_m6a/data/ds004703/v1.1.0/stimuli/excerpts/Block 4/s1604a-ex01_normed.wav,/home/fanyu/auditory_simulation_m6a/data/ds004703/v1.1.0/stimuli/all_stimuli/s1604a-ex01_normed.wav,True,True,0.0
s2102a-ex03,/home/fanyu/auditory_simulation_m6a/data/ds004703/v1.1.0/stimuli/excerpts/Block 4/s2102a-ex03_normed.wav,/home/fanyu/auditory_simulation_m6a/data/ds004703/v1.1.0/stimuli/all_stimuli/s2102a-ex03_normed.wav,True,True,0.0
s2801a-ex01,/home/fanyu/auditory_simulation_m6a/data/ds004703/v1.1.0/stimuli/excerpts/Block 4/s2801a-ex01_normed.wav,/home/fanyu/auditory_simulation_m6a/data/ds004703/v1.1.0/stimuli/all_stimuli/s2801a-ex01_normed.wav,True,True,0.0
s3102b-ex01,/home/fanyu/auditory_simulation_m6a/data/ds004703/v1.1.0/stimuli/excerpts/Block 4/s3102b-ex01_normed.wav,/home/fanyu/auditory_simulation_m6a/data/ds004703/v1.1.0/stimuli/all_stimuli/s3102b-ex01_normed.wav,True,True,0.0
s3802a-ex01,/home/fanyu/auditory_simulation_m6a/data/ds004703/v1.1.0/stimuli/excerpts/Block 4/s3802a-ex01_normed.wav,/home/fanyu/auditory_simulation_m6a/data/ds004703/v1.1.0/stimuli/all_stimuli/s3802a-ex01_normed.wav,True,True,0.0
s3902a-ex01,/home/fanyu/auditory_simulation_m6a/data/ds004703/v1.1.0/stimuli/excerpts/Block 4/s3902a-ex01_normed.wav,/home/fanyu/auditory_simulation_m6a/data/ds004703/v1.1.0/stimuli/all_stimuli/s3902a-ex01_normed.wav,True,True,0.0
catalan-m03,/home/fanyu/auditory_simulation_m6a/data/ds004703/v1.1.0/stimuli/excerpts/Block 5/catalan-m03_normed.wav,/home/fanyu/auditory_simulation_m6a/data/ds004703/v1.1.0/stimuli/all_stimuli/catalan-m03_normed.wav,False,False,NOT_COMPARABLE
catalan-m03,/home/fanyu/auditory_simulation_m6a/data/ds004703/v1.1.0/stimuli/excerpts/Block 5/catalan-m03_normed.wav,/home/fanyu/auditory_simulation_m6a/data/ds004703/v1.1.0/stimuli/excerpts/catalan_v2/catalan-m03_normed.wav,False,False,NOT_COMPARABLE
s0203b-ex01,/home/fanyu/auditory_simulation_m6a/data/ds004703/v1.1.0/stimuli/excerpts/Block 5/s0203b-ex01_normed.wav,/home/fanyu/auditory_simulation_m6a/data/ds004703/v1.1.0/stimuli/all_stimuli/s0203b-ex01_normed.wav,True,True,0.0
s0802b-ex01,/home/fanyu/auditory_simulation_m6a/data/ds004703/v1.1.0/stimuli/excerpts/Block 5/s0802b-ex01_normed.wav,/home/fanyu/auditory_simulation_m6a/data/ds004703/v1.1.0/stimuli/all_stimuli/s0802b-ex01_normed.wav,True,True,0.0
s1103a-ex01,/home/fanyu/auditory_simulation_m6a/data/ds004703/v1.1.0/stimuli/excerpts/Block 5/s1103a-ex01_normed.wav,/home/fanyu/auditory_simulation_m6a/data/ds004703/v1.1.0/stimuli/all_stimuli/s1103a-ex01_normed.wav,True,True,0.0
s1202b-ex01,/home/fanyu/auditory_simulation_m6a/data/ds004703/v1.1.0/stimuli/excerpts/Block 5/s1202b-ex01_normed.wav,/home/fanyu/auditory_simulation_m6a/data/ds004703/v1.1.0/stimuli/all_stimuli/s1202b-ex01_normed.wav,True,True,0.0
s1401b-ex01,/home/fanyu/auditory_simulation_m6a/data/ds004703/v1.1.0/stimuli/excerpts/Block 5/s1401b-ex01_normed.wav,/home/fanyu/auditory_simulation_m6a/data/ds004703/v1.1.0/stimuli/all_stimuli/s1401b-ex01_normed.wav,True,True,0.0
s1503a-ex01,/home/fanyu/auditory_simulation_m6a/data/ds004703/v1.1.0/stimuli/excerpts/Block 5/s1503a-ex01_normed.wav,/home/fanyu/auditory_simulation_m6a/data/ds004703/v1.1.0/stimuli/all_stimuli/s1503a-ex01_normed.wav,True,True,0.0
s1703b-ex01,/home/fanyu/auditory_simulation_m6a/data/ds004703/v1.1.0/stimuli/excerpts/Block 5/s1703b-ex01_normed.wav,/home/fanyu/auditory_simulation_m6a/data/ds004703/v1.1.0/stimuli/all_stimuli/s1703b-ex01_normed.wav,True,True,0.0
s3003a-ex01,/home/fanyu/auditory_simulation_m6a/data/ds004703/v1.1.0/stimuli/excerpts/Block 5/s3003a-ex01_normed.wav,/home/fanyu/auditory_simulation_m6a/data/ds004703/v1.1.0/stimuli/all_stimuli/s3003a-ex01_normed.wav,True,True,0.0
catalan-f03,/home/fanyu/auditory_simulation_m6a/data/ds004703/v1.1.0/stimuli/excerpts/Block 6/catalan-f03_normed.wav,/home/fanyu/auditory_simulation_m6a/data/ds004703/v1.1.0/stimuli/all_stimuli/catalan-f03_normed.wav,True,True,0.0
catalan-f03,/home/fanyu/auditory_simulation_m6a/data/ds004703/v1.1.0/stimuli/excerpts/Block 6/catalan-f03_normed.wav,/home/fanyu/auditory_simulation_m6a/data/ds004703/v1.1.0/stimuli/excerpts/catalan_v2/catalan-f03_normed.wav,False,False,NOT_COMPARABLE
s0305a-ex01,/home/fanyu/auditory_simulation_m6a/data/ds004703/v1.1.0/stimuli/excerpts/Block 6/s0305a-ex01_normed.wav,/home/fanyu/auditory_simulation_m6a/data/ds004703/v1.1.0/stimuli/all_stimuli/s0305a-ex01_normed.wav,True,True,0.0
s0901b-ex01,/home/fanyu/auditory_simulation_m6a/data/ds004703/v1.1.0/stimuli/excerpts/Block 6/s0901b-ex01_normed.wav,/home/fanyu/auditory_simulation_m6a/data/ds004703/v1.1.0/stimuli/all_stimuli/s0901b-ex01_normed.wav,True,True,0.0
s1203a-ex01,/home/fanyu/auditory_simulation_m6a/data/ds004703/v1.1.0/stimuli/excerpts/Block 6/s1203a-ex01_normed.wav,/home/fanyu/auditory_simulation_m6a/data/ds004703/v1.1.0/stimuli/all_stimuli/s1203a-ex01_normed.wav,True,True,0.0
s1503a-ex02,/home/fanyu/auditory_simulation_m6a/data/ds004703/v1.1.0/stimuli/excerpts/Block 6/s1503a-ex02_normed.wav,/home/fanyu/auditory_simulation_m6a/data/ds004703/v1.1.0/stimuli/all_stimuli/s1503a-ex02_normed.wav,True,True,0.0
s1702b-ex01,/home/fanyu/auditory_simulation_m6a/data/ds004703/v1.1.0/stimuli/excerpts/Block 6/s1702b-ex01_normed.wav,/home/fanyu/auditory_simulation_m6a/data/ds004703/v1.1.0/stimuli/all_stimuli/s1702b-ex01_normed.wav,True,True,0.0
s2302b-ex01,/home/fanyu/auditory_simulation_m6a/data/ds004703/v1.1.0/stimuli/excerpts/Block 6/s2302b-ex01_normed.wav,/home/fanyu/auditory_simulation_m6a/data/ds004703/v1.1.0/stimuli/all_stimuli/s2302b-ex01_normed.wav,True,True,0.0
s3003a-ex02,/home/fanyu/auditory_simulation_m6a/data/ds004703/v1.1.0/stimuli/excerpts/Block 6/s3003a-ex02_normed.wav,/home/fanyu/auditory_simulation_m6a/data/ds004703/v1.1.0/stimuli/all_stimuli/s3003a-ex02_normed.wav,True,True,0.0
s3801a-ex01,/home/fanyu/auditory_simulation_m6a/data/ds004703/v1.1.0/stimuli/excerpts/Block 6/s3801a-ex01_normed.wav,/home/fanyu/auditory_simulation_m6a/data/ds004703/v1.1.0/stimuli/all_stimuli/s3801a-ex01_normed.wav,True,True,0.0
instructions1,/home/fanyu/auditory_simulation_m6a/data/ds004703/v1.1.0/stimuli/instructions1_normed.wav,/home/fanyu/auditory_simulation_m6a/data/ds004703/v1.1.0/stimuli/all_stimuli/instructions1_normed.wav,True,True,0.0
instructions2_clipped,/home/fanyu/auditory_simulation_m6a/data/ds004703/v1.1.0/stimuli/instructions2_clipped_normed.wav,/home/fanyu/auditory_simulation_m6a/data/ds004703/v1.1.0/stimuli/all_stimuli/instructions2_clipped_normed.wav,True,True,0.0
instructions2,/home/fanyu/auditory_simulation_m6a/data/ds004703/v1.1.0/stimuli/instructions2_normed.wav,/home/fanyu/auditory_simulation_m6a/data/ds004703/v1.1.0/stimuli/all_stimuli/instructions2_normed.wav,True,True,0.0
instructions3,/home/fanyu/auditory_simulation_m6a/data/ds004703/v1.1.0/stimuli/instructions3_normed.wav,/home/fanyu/auditory_simulation_m6a/data/ds004703/v1.1.0/stimuli/all_stimuli/instructions3_normed.wav,True,True,0.0
pleasePressSpace,/home/fanyu/auditory_simulation_m6a/data/ds004703/v1.1.0/stimuli/pleasePressSpace_normed.wav,/home/fanyu/auditory_simulation_m6a/data/ds004703/v1.1.0/stimuli/all_stimuli/pleasePressSpace_normed.wav,True,True,0.0
welcome,/home/fanyu/auditory_simulation_m6a/data/ds004703/v1.1.0/stimuli/welcome_normed.wav,/home/fanyu/auditory_simulation_m6a/data/ds004703/v1.1.0/stimuli/all_stimuli/welcome_normed.wav,True,True,0.0
