dataset,recording,subject,session,trial,story,n_events,source_events,audio_candidates,audio_path,labels_match,offset_s,max_residual_s,status,physical_audio_sync
ds004703,sub-SD010_ses-01_task-PassiveListen,sub-SD010,ses-01,0,welcome,20,20,2,UNKNOWN,True,136.77342819499987,6.252776074688882e-13,HOLD,UNKNOWN: metadata alignment only
ds004703,sub-SD010_ses-01_task-PassiveListen,sub-SD010,ses-01,1,instructions1,377,377,2,UNKNOWN,True,158.72178215699998,5.400124791776761e-13,HOLD,UNKNOWN: metadata alignment only
ds004703,sub-SD010_ses-01_task-PassiveListen,sub-SD010,ses-01,2,instructions3,70,70,2,UNKNOWN,True,241.889067532,4.831690603168681e-13,HOLD,UNKNOWN: metadata alignment only
ds004703,sub-SD010_ses-01_task-PassiveListen,sub-SD010,ses-01,3,s3602b-ex01,318,318,2,UNKNOWN,True,250.33212853299997,1.1368683772161603e-13,HOLD,UNKNOWN: metadata alignment only
ds004703,sub-SD010_ses-01_task-PassiveListen,sub-SD010,ses-01,4,pleasePressSpace,31,31,2,UNKNOWN,True,522.584308491,4.547473508864641e-13,HOLD,UNKNOWN: metadata alignment only
ds004703,sub-SD010_ses-01_task-PassiveListen,sub-SD010,ses-01,5,catalan-m01,468,468,3,UNKNOWN,True,569.590603224,6.821210263296962e-13,HOLD,UNKNOWN: metadata alignment only
ds004703,sub-SD010_ses-01_task-PassiveListen,sub-SD010,ses-01,6,s4002b-ex01,390,390,2,UNKNOWN,True,603.043659458,1.1368683772161603e-13,HOLD,UNKNOWN: metadata alignment only
ds004703,sub-SD010_ses-01_task-PassiveListen,sub-SD010,ses-01,7,s3001b-ex01,485,485,2,UNKNOWN,True,672.952923124,1.1368683772161603e-13,HOLD,UNKNOWN: metadata alignment only
ds004703,sub-SD010_ses-01_task-PassiveListen,sub-SD010,ses-01,8,s1401a-ex01,415,415,2,UNKNOWN,True,736.403932381,1.1368683772161603e-13,HOLD,UNKNOWN: metadata alignment only
ds004703,sub-SD010_ses-01_task-PassiveListen,sub-SD010,ses-01,9,s1303a-ex01,311,311,2,UNKNOWN,True,782.565280197,1.1368683772161603e-13,HOLD,UNKNOWN: metadata alignment only
ds004703,sub-SD010_ses-01_task-PassiveListen,sub-SD010,ses-01,10,s2102a-ex01,295,295,2,UNKNOWN,True,827.970887052,1.1368683772161603e-13,HOLD,UNKNOWN: metadata alignment only
ds004703,sub-SD010_ses-01_task-PassiveListen,sub-SD010,ses-01,11,s2301a-ex01,206,206,2,UNKNOWN,True,866.832720501,1.1368683772161603e-13,HOLD,UNKNOWN: metadata alignment only
ds004703,sub-SD010_ses-01_task-PassiveListen,sub-SD010,ses-01,12,s1901b-ex01,406,406,2,UNKNOWN,True,901.188025189,1.1368683772161603e-13,HOLD,UNKNOWN: metadata alignment only
ds004703,sub-SD010_ses-01_task-PassiveListen,sub-SD010,ses-01,13,s3301a-ex01,255,255,2,UNKNOWN,True,957.4476288850001,1.1368683772161603e-13,HOLD,UNKNOWN: metadata alignment only
ds004703,sub-SD010_ses-01_task-PassiveListen,sub-SD010,ses-01,14,s0703b-ex01,419,419,2,UNKNOWN,True,991.493024134,2.2737367544323206e-13,HOLD,UNKNOWN: metadata alignment only
ds004703,sub-SD010_ses-01_task-PassiveListen,sub-SD010,ses-01,15,s4003b-ex01,305,305,2,UNKNOWN,True,1038.54517706,2.2737367544323206e-13,HOLD,UNKNOWN: metadata alignment only
ds004703,sub-SD010_ses-01_task-PassiveListen,sub-SD010,ses-01,16,s3602b-ex02,288,288,2,UNKNOWN,True,1083.34800461,2.2737367544323206e-13,HOLD,UNKNOWN: metadata alignment only
ds004703,sub-SD010_ses-01_task-PassiveListen,sub-SD010,ses-01,17,s2102a-ex02,373,373,2,UNKNOWN,True,1125.10687633,2.2737367544323206e-13,HOLD,UNKNOWN: metadata alignment only
ds004703,sub-SD010_ses-01_task-PassiveListen,sub-SD010,ses-01,18,s3903b-ex01,301,301,2,UNKNOWN,True,1169.65011934,2.2737367544323206e-13,HOLD,UNKNOWN: metadata alignment only
ds004703,sub-SD010_ses-01_task-PassiveListen,sub-SD010,ses-01,19,s2202b-ex02,444,444,2,UNKNOWN,True,1205.64022068,2.2737367544323206e-13,HOLD,UNKNOWN: metadata alignment only
ds004703,sub-SD010_ses-01_task-PassiveListen,sub-SD010,ses-01,20,s1201a-ex01,437,437,2,UNKNOWN,True,1271.36572557,2.2737367544323206e-13,HOLD,UNKNOWN: metadata alignment only
ds004703,sub-SD010_ses-01_task-PassiveListen,sub-SD010,ses-01,21,pleasePressSpace,31,31,2,UNKNOWN,True,1316.0060297900013,5.6843418860808015e-12,HOLD,UNKNOWN: metadata alignment only
ds004703,sub-SD010_ses-01_task-PassiveListen,sub-SD010,ses-01,22,catalan-f01,428,428,3,UNKNOWN,True,1363.0137532199997,5.4569682106375694e-12,HOLD,UNKNOWN: metadata alignment only
ds004703,sub-SD010_ses-01_task-PassiveListen,sub-SD010,ses-01,23,s1303a-ex02,211,211,2,UNKNOWN,True,1379.4955315,2.2737367544323206e-13,HOLD,UNKNOWN: metadata alignment only
ds004703,sub-SD010_ses-01_task-PassiveListen,sub-SD010,ses-01,24,s1501a-ex01,404,404,2,UNKNOWN,True,1427.63795475,2.2737367544323206e-13,HOLD,UNKNOWN: metadata alignment only
ds004703,sub-SD010_ses-01_task-PassiveListen,sub-SD010,ses-01,25,s3201a-ex01,1105,1105,2,UNKNOWN,True,1486.7497196,2.2737367544323206e-13,HOLD,UNKNOWN: metadata alignment only
ds004703,sub-SD010_ses-01_task-PassiveListen,sub-SD010,ses-01,26,s3903b-ex02,325,325,2,UNKNOWN,True,1575.90704986,2.2737367544323206e-13,HOLD,UNKNOWN: metadata alignment only
ds004703,sub-SD010_ses-01_task-PassiveListen,sub-SD010,ses-01,27,pleasePressSpace,31,31,2,UNKNOWN,True,1623.4619730500012,5.6843418860808015e-12,HOLD,UNKNOWN: metadata alignment only
ds004703,sub-SD010_ses-01_task-PassiveListen,sub-SD010,ses-01,28,catalan-m02,451,451,3,UNKNOWN,True,1675.4699557999998,5.4569682106375694e-12,HOLD,UNKNOWN: metadata alignment only
ds004703,sub-SD010_ses-01_task-PassiveListen,sub-SD010,ses-01,29,s1001a-ex01,541,541,2,UNKNOWN,True,1686.75610733,2.2737367544323206e-13,HOLD,UNKNOWN: metadata alignment only
ds004703,sub-SD010_ses-01_task-PassiveListen,sub-SD010,ses-01,30,s1401a-ex02,434,434,2,UNKNOWN,True,1739.13901988,2.2737367544323206e-13,HOLD,UNKNOWN: metadata alignment only
ds004703,sub-SD010_ses-01_task-PassiveListen,sub-SD010,ses-01,31,s3703b-ex01,408,408,2,UNKNOWN,True,1785.41219157,2.2737367544323206e-13,HOLD,UNKNOWN: metadata alignment only
ds004703,sub-SD010_ses-01_task-PassiveListen,sub-SD010,ses-01,32,s3301a-ex02,406,406,2,UNKNOWN,True,1835.81255017,2.2737367544323206e-13,HOLD,UNKNOWN: metadata alignment only
ds004703,sub-SD010_ses-01_task-PassiveListen,sub-SD010,ses-01,33,pleasePressSpace,31,31,2,UNKNOWN,True,1884.0595511200013,5.6843418860808015e-12,HOLD,UNKNOWN: metadata alignment only
ds004703,sub-SD010_ses-01_task-PassiveListen,sub-SD010,ses-01,34,catalan-f02,437,437,3,UNKNOWN,True,1928.0652600100009,5.9117155615240335e-12,HOLD,UNKNOWN: metadata alignment only
ds004703,sub-SD010_ses-01_task-PassiveListen,sub-SD010,ses-01,35,s3102b-ex01,159,159,2,UNKNOWN,True,1945.6163427,2.2737367544323206e-13,HOLD,UNKNOWN: metadata alignment only
ds004703,sub-SD010_ses-01_task-PassiveListen,sub-SD010,ses-01,36,s0702a-ex01,370,370,2,UNKNOWN,True,1994.25684646,2.2737367544323206e-13,HOLD,UNKNOWN: metadata alignment only
ds004703,sub-SD010_ses-01_task-PassiveListen,sub-SD010,ses-01,37,s0202b-ex01,671,671,2,UNKNOWN,True,2033.60793891,2.2737367544323206e-13,HOLD,UNKNOWN: metadata alignment only
ds004703,sub-SD010_ses-01_task-PassiveListen,sub-SD010,ses-01,38,s1604a-ex01,539,539,2,UNKNOWN,True,2101.68571531,4.547473508864641e-13,HOLD,UNKNOWN: metadata alignment only
ds004703,sub-SD010_ses-01_task-PassiveListen,sub-SD010,ses-01,39,s2801a-ex01,743,743,2,UNKNOWN,True,2159.06581212,4.547473508864641e-13,HOLD,UNKNOWN: metadata alignment only
ds004703,sub-SD010_ses-01_task-PassiveListen,sub-SD010,ses-01,40,s3802a-ex01,362,362,2,UNKNOWN,True,2227.87508667,4.547473508864641e-13,HOLD,UNKNOWN: metadata alignment only
ds004703,sub-SD010_ses-01_task-PassiveListen,sub-SD010,ses-01,41,s3902a-ex01,312,312,2,UNKNOWN,True,2275.05796964,4.547473508864641e-13,HOLD,UNKNOWN: metadata alignment only
ds004703,sub-SD010_ses-01_task-PassiveListen,sub-SD010,ses-01,42,s2102a-ex03,346,346,2,UNKNOWN,True,2321.84598727,4.547473508864641e-13,HOLD,UNKNOWN: metadata alignment only
ds004703,sub-SD011_ses-01_task-PassiveListen,sub-SD011,ses-01,0,welcome,20,20,2,UNKNOWN,True,2.76896173954,5.329070518200751e-15,HOLD,UNKNOWN: metadata alignment only
ds004703,sub-SD011_ses-01_task-PassiveListen,sub-SD011,ses-01,1,instructions1,377,377,2,UNKNOWN,True,23.5354237767,5.684341886080802e-14,HOLD,UNKNOWN: metadata alignment only
ds004703,sub-SD011_ses-01_task-PassiveListen,sub-SD011,ses-01,2,instructions3,70,70,2,UNKNOWN,True,89.5666089943,5.684341886080802e-14,HOLD,UNKNOWN: metadata alignment only
ds004703,sub-SD011_ses-01_task-PassiveListen,sub-SD011,ses-01,3,s3602b-ex01,318,318,2,UNKNOWN,True,96.61638868629996,9.947598300641403e-14,HOLD,UNKNOWN: metadata alignment only
ds004703,sub-SD011_ses-01_task-PassiveListen,sub-SD011,ses-01,4,s1901b-ex01,406,406,2,UNKNOWN,True,153.090049069,2.842170943040401e-14,HOLD,UNKNOWN: metadata alignment only
ds004703,sub-SD011_ses-01_task-PassiveListen,sub-SD011,ses-01,5,s2102a-ex01,295,295,2,UNKNOWN,True,205.264857057,2.842170943040401e-14,HOLD,UNKNOWN: metadata alignment only
ds004703,sub-SD011_ses-01_task-PassiveListen,sub-SD011,ses-01,6,s3001b-ex01,485,485,2,UNKNOWN,True,247.23772874600002,5.684341886080802e-14,HOLD,UNKNOWN: metadata alignment only
ds004703,sub-SD011_ses-01_task-PassiveListen,sub-SD011,ses-01,7,s2301a-ex01,206,206,2,UNKNOWN,True,309.742121364,5.684341886080802e-14,HOLD,UNKNOWN: metadata alignment only
ds004703,sub-SD011_ses-01_task-PassiveListen,sub-SD011,ses-01,8,s4002b-ex01,390,390,2,UNKNOWN,True,342.978633983,5.684341886080802e-14,HOLD,UNKNOWN: metadata alignment only
ds004703,sub-SD011_ses-01_task-PassiveListen,sub-SD011,ses-01,9,s1401a-ex01,415,415,2,UNKNOWN,True,386.450408859,5.684341886080802e-14,HOLD,UNKNOWN: metadata alignment only
ds004703,sub-SD011_ses-01_task-PassiveListen,sub-SD011,ses-01,10,pleasePressSpace,31,31,2,UNKNOWN,True,431.39791229900004,5.684341886080801e-13,HOLD,UNKNOWN: metadata alignment only
ds004703,sub-SD011_ses-01_task-PassiveListen,sub-SD011,ses-01,11,catalan-m01,468,468,3,UNKNOWN,True,478.40469373800005,6.252776074688882e-13,HOLD,UNKNOWN: metadata alignment only
ds004703,sub-SD011_ses-01_task-PassiveListen,sub-SD011,ses-01,12,s1303a-ex01,311,311,2,UNKNOWN,True,491.041828625,1.1368683772161603e-13,HOLD,UNKNOWN: metadata alignment only
ds004703,sub-SD011_ses-01_task-PassiveListen,sub-SD011,ses-01,13,s3903b-ex01,301,301,2,UNKNOWN,True,566.182515829,1.1368683772161603e-13,HOLD,UNKNOWN: metadata alignment only
ds004703,sub-SD011_ses-01_task-PassiveListen,sub-SD011,ses-01,14,s0703b-ex01,419,419,2,UNKNOWN,True,601.02830356,1.1368683772161603e-13,HOLD,UNKNOWN: metadata alignment only
ds004703,sub-SD011_ses-01_task-PassiveListen,sub-SD011,ses-01,15,s2102a-ex02,373,373,2,UNKNOWN,True,649.250489389,1.1368683772161603e-13,HOLD,UNKNOWN: metadata alignment only
ds004703,sub-SD011_ses-01_task-PassiveListen,sub-SD011,ses-01,16,s3301a-ex01,255,255,2,UNKNOWN,True,692.111505529,1.1368683772161603e-13,HOLD,UNKNOWN: metadata alignment only
ds004703,sub-SD011_ses-01_task-PassiveListen,sub-SD011,ses-01,17,s4003b-ex01,305,305,2,UNKNOWN,True,726.094995332,1.1368683772161603e-13,HOLD,UNKNOWN: metadata alignment only
ds004703,sub-SD011_ses-01_task-PassiveListen,sub-SD011,ses-01,18,s2202b-ex02,444,444,2,UNKNOWN,True,760.4858796450001,1.1368683772161603e-13,HOLD,UNKNOWN: metadata alignment only
ds004703,sub-SD011_ses-01_task-PassiveListen,sub-SD011,ses-01,19,s3602b-ex02,288,288,2,UNKNOWN,True,828.40094444,1.1368683772161603e-13,HOLD,UNKNOWN: metadata alignment only
ds004703,sub-SD011_ses-01_task-PassiveListen,sub-SD011,ses-01,20,s1201a-ex01,437,437,2,UNKNOWN,True,868.834315262,1.1368683772161603e-13,HOLD,UNKNOWN: metadata alignment only
ds004703,sub-SD011_ses-01_task-PassiveListen,sub-SD011,ses-01,21,pleasePressSpace,31,31,2,UNKNOWN,True,916.260437356,4.547473508864641e-13,HOLD,UNKNOWN: metadata alignment only
ds004703,sub-SD011_ses-01_task-PassiveListen,sub-SD011,ses-01,22,catalan-f01,428,428,3,UNKNOWN,True,963.267082364,5.115907697472721e-12,HOLD,UNKNOWN: metadata alignment only
ds004703,sub-SD011_ses-01_task-PassiveListen,sub-SD011,ses-01,23,s1303a-ex02,211,211,2,UNKNOWN,True,976.935625,1.1368683772161603e-13,HOLD,UNKNOWN: metadata alignment only
ds004703,sub-SD011_ses-01_task-PassiveListen,sub-SD011,ses-01,24,s3301a-ex02,406,406,2,UNKNOWN,True,1024.94599248,2.2737367544323206e-13,HOLD,UNKNOWN: metadata alignment only
ds004703,sub-SD011_ses-01_task-PassiveListen,sub-SD011,ses-01,25,s1501a-ex01,404,404,2,UNKNOWN,True,1071.7951639,2.2737367544323206e-13,HOLD,UNKNOWN: metadata alignment only
ds004703,sub-SD011_ses-01_task-PassiveListen,sub-SD011,ses-01,26,s1401a-ex02,434,434,2,UNKNOWN,True,1123.63462343,2.2737367544323206e-13,HOLD,UNKNOWN: metadata alignment only
ds004703,sub-SD011_ses-01_task-PassiveListen,sub-SD011,ses-01,27,s3903b-ex02,325,325,2,UNKNOWN,True,1169.92103889,2.2737367544323206e-13,HOLD,UNKNOWN: metadata alignment only
ds004703,sub-SD011_ses-01_task-PassiveListen,sub-SD011,ses-01,28,s3201a-ex01,1105,1105,2,UNKNOWN,True,1212.79536676,2.2737367544323206e-13,HOLD,UNKNOWN: metadata alignment only
ds004703,sub-SD011_ses-01_task-PassiveListen,sub-SD011,ses-01,29,pleasePressSpace,31,31,2,UNKNOWN,True,1303.4609030600013,5.6843418860808015e-12,HOLD,UNKNOWN: metadata alignment only
ds004703,sub-SD011_ses-01_task-PassiveListen,sub-SD011,ses-01,30,catalan-m02,451,451,3,UNKNOWN,True,1355.4689989899998,5.4569682106375694e-12,HOLD,UNKNOWN: metadata alignment only
ds004703,sub-SD011_ses-01_task-PassiveListen,sub-SD011,ses-01,31,s1001a-ex01,541,541,2,UNKNOWN,True,1361.52290866,2.2737367544323206e-13,HOLD,UNKNOWN: metadata alignment only
ds004703,sub-SD011_ses-01_task-PassiveListen,sub-SD011,ses-01,32,s3703b-ex01,408,408,2,UNKNOWN,True,1410.30634077,2.2737367544323206e-13,HOLD,UNKNOWN: metadata alignment only
ds004703,sub-SD011_ses-01_task-PassiveListen,sub-SD011,ses-01,33,s2801a-ex01,743,743,2,UNKNOWN,True,1464.03013235,2.2737367544323206e-13,HOLD,UNKNOWN: metadata alignment only
ds004703,sub-SD011_ses-01_task-PassiveListen,sub-SD011,ses-01,34,s1604a-ex01,539,539,2,UNKNOWN,True,1534.83638983,2.2737367544323206e-13,HOLD,UNKNOWN: metadata alignment only
ds004703,sub-SD011_ses-01_task-PassiveListen,sub-SD011,ses-01,35,s0702a-ex01,370,370,2,UNKNOWN,True,1591.840622,2.2737367544323206e-13,HOLD,UNKNOWN: metadata alignment only
ds004703,sub-SD011_ses-01_task-PassiveListen,sub-SD011,ses-01,36,s3902a-ex01,312,312,2,UNKNOWN,True,1630.19251413,2.2737367544323206e-13,HOLD,UNKNOWN: metadata alignment only
ds004703,sub-SD011_ses-01_task-PassiveListen,sub-SD011,ses-01,37,s3802a-ex01,362,362,2,UNKNOWN,True,1672.62525517,2.2737367544323206e-13,HOLD,UNKNOWN: metadata alignment only
ds004703,sub-SD011_ses-01_task-PassiveListen,sub-SD011,ses-01,38,s2102a-ex03,346,346,2,UNKNOWN,True,1792.25906972,2.2737367544323206e-13,HOLD,UNKNOWN: metadata alignment only
ds004703,sub-SD011_ses-01_task-PassiveListen,sub-SD011,ses-01,39,pleasePressSpace,31,31,2,UNKNOWN,True,1844.7558495400012,5.6843418860808015e-12,HOLD,UNKNOWN: metadata alignment only
ds004703,sub-SD011_ses-01_task-PassiveListen,sub-SD011,ses-01,40,catalan-f02,437,437,3,UNKNOWN,True,1888.7611649900007,5.6843418860808015e-12,HOLD,UNKNOWN: metadata alignment only
ds004703,sub-SD011_ses-01_task-PassiveListen,sub-SD011,ses-01,41,s0202b-ex01,671,671,2,UNKNOWN,True,1895.57525474,2.2737367544323206e-13,HOLD,UNKNOWN: metadata alignment only
ds004703,sub-SD011_ses-01_task-PassiveListen,sub-SD011,ses-01,42,s3102b-ex01,159,159,2,UNKNOWN,True,1963.16335008,2.2737367544323206e-13,HOLD,UNKNOWN: metadata alignment only
ds004703,sub-SD011_ses-01_task-PassiveListen,sub-SD011,ses-01,43,s1202b-ex01,417,417,2,UNKNOWN,True,2000.69617375,2.2737367544323206e-13,HOLD,UNKNOWN: metadata alignment only
ds004703,sub-SD011_ses-01_task-PassiveListen,sub-SD011,ses-01,44,s1103a-ex01,443,443,2,UNKNOWN,True,2049.01446015,4.547473508864641e-13,HOLD,UNKNOWN: metadata alignment only
ds004703,sub-SD011_ses-01_task-PassiveListen,sub-SD011,ses-01,45,s1703b-ex01,431,431,2,UNKNOWN,True,2113.44675511,4.547473508864641e-13,HOLD,UNKNOWN: metadata alignment only
ds004703,sub-SD011_ses-01_task-PassiveListen,sub-SD011,ses-01,46,s0203b-ex01,505,505,2,UNKNOWN,True,2177.52410383,4.547473508864641e-13,HOLD,UNKNOWN: metadata alignment only
ds004703,sub-SD011_ses-01_task-PassiveListen,sub-SD011,ses-01,47,s1401b-ex01,664,664,2,UNKNOWN,True,2229.70005794,4.547473508864641e-13,HOLD,UNKNOWN: metadata alignment only
ds004703,sub-SD011_ses-01_task-PassiveListen,sub-SD011,ses-01,48,pleasePressSpace,31,31,2,UNKNOWN,True,2291.7801232800016,6.366462912410498e-12,HOLD,UNKNOWN: metadata alignment only
ds004703,sub-SD011_ses-01_task-PassiveListen,sub-SD011,ses-01,49,catalan-m03,488,488,3,UNKNOWN,True,2342.7879575899997,5.4569682106375694e-12,HOLD,UNKNOWN: metadata alignment only
ds004703,sub-SD011_ses-01_task-PassiveListen,sub-SD011,ses-01,50,s3003a-ex01,371,371,2,UNKNOWN,True,2348.24071439,4.547473508864641e-13,HOLD,UNKNOWN: metadata alignment only
ds004703,sub-SD011_ses-01_task-PassiveListen,sub-SD011,ses-01,51,s1503a-ex01,430,430,2,UNKNOWN,True,2390.82839916,4.547473508864641e-13,HOLD,UNKNOWN: metadata alignment only
ds004703,sub-SD011_ses-01_task-PassiveListen,sub-SD011,ses-01,52,s0802b-ex01,328,328,2,UNKNOWN,True,2415.8868899999998,4.547473508864641e-13,HOLD,UNKNOWN: metadata alignment only
ds004703,sub-SD011_ses-01_task-PassiveListen,sub-SD011,ses-01,53,s1702b-ex01,369,369,2,UNKNOWN,True,2470.58444646,4.547473508864641e-13,HOLD,UNKNOWN: metadata alignment only
ds004703,sub-SD011_ses-01_task-PassiveListen,sub-SD011,ses-01,54,s0901b-ex01,311,311,2,UNKNOWN,True,2522.67306172,4.547473508864641e-13,HOLD,UNKNOWN: metadata alignment only
ds004703,sub-SD011_ses-01_task-PassiveListen,sub-SD011,ses-01,55,s2302b-ex01,316,316,2,UNKNOWN,True,2571.15185002,4.547473508864641e-13,HOLD,UNKNOWN: metadata alignment only
ds004703,sub-SD011_ses-01_task-PassiveListen,sub-SD011,ses-01,56,s3801a-ex01,350,350,2,UNKNOWN,True,2618.57650944,4.547473508864641e-13,HOLD,UNKNOWN: metadata alignment only
ds004703,sub-SD011_ses-01_task-PassiveListen,sub-SD011,ses-01,57,s0305a-ex01,377,377,2,UNKNOWN,True,2664.72299803,4.547473508864641e-13,HOLD,UNKNOWN: metadata alignment only
ds004703,sub-SD011_ses-01_task-PassiveListen,sub-SD011,ses-01,58,s1503a-ex02,328,328,2,UNKNOWN,True,2717.59775819,4.547473508864641e-13,HOLD,UNKNOWN: metadata alignment only
ds004703,sub-SD011_ses-01_task-PassiveListen,sub-SD011,ses-01,59,s1203a-ex01,373,373,2,UNKNOWN,True,2752.79941422,4.547473508864641e-13,HOLD,UNKNOWN: metadata alignment only
ds004703,sub-SD011_ses-01_task-PassiveListen,sub-SD011,ses-01,60,pleasePressSpace,31,31,2,UNKNOWN,True,2798.1484944300014,6.366462912410498e-12,HOLD,UNKNOWN: metadata alignment only
ds004703,sub-SD011_ses-01_task-PassiveListen,sub-SD011,ses-01,61,catalan-f03,515,515,3,UNKNOWN,True,2853.15562103,5.002220859751105e-12,HOLD,UNKNOWN: metadata alignment only
ds004703,sub-SD011_ses-01_task-PassiveListen,sub-SD011,ses-01,62,s3003a-ex02,504,504,2,UNKNOWN,True,2859.32988432,4.547473508864641e-13,HOLD,UNKNOWN: metadata alignment only
ds004703,sub-SD012_ses-01_task-PassiveListen,sub-SD012,ses-01,0,welcome,20,20,2,UNKNOWN,True,54.34188499089999,4.973799150320701e-14,HOLD,UNKNOWN: metadata alignment only
ds004703,sub-SD012_ses-01_task-PassiveListen,sub-SD012,ses-01,1,instructions1,377,377,2,UNKNOWN,True,60.99510891,6.394884621840902e-14,HOLD,UNKNOWN: metadata alignment only
ds004703,sub-SD012_ses-01_task-PassiveListen,sub-SD012,ses-01,2,instructions3,70,70,2,UNKNOWN,True,143.50711768000002,4.831690603168681e-13,HOLD,UNKNOWN: metadata alignment only
ds004703,sub-SD012_ses-01_task-PassiveListen,sub-SD012,ses-01,3,s1401a-ex01,415,415,2,UNKNOWN,True,151.471103377,2.842170943040401e-14,HOLD,UNKNOWN: metadata alignment only
ds004703,sub-SD012_ses-01_task-PassiveListen,sub-SD012,ses-01,4,pleasePressSpace,31,31,2,UNKNOWN,True,204.74782093099995,5.115907697472721e-13,HOLD,UNKNOWN: metadata alignment only
ds004703,sub-SD012_ses-01_task-PassiveListen,sub-SD012,ses-01,5,catalan-m01,468,468,3,UNKNOWN,True,251.75759953399995,5.400124791776761e-13,HOLD,UNKNOWN: metadata alignment only
ds004703,sub-SD012_ses-01_task-PassiveListen,sub-SD012,ses-01,6,s3602b-ex01,318,318,2,UNKNOWN,True,267.99408822999993,1.1368683772161603e-13,HOLD,UNKNOWN: metadata alignment only
ds004703,sub-SD012_ses-02_task-PassiveListen,sub-SD012,ses-02,0,welcome,20,20,2,UNKNOWN,True,47.953333890299994,4.973799150320701e-14,HOLD,UNKNOWN: metadata alignment only
ds004703,sub-SD012_ses-02_task-PassiveListen,sub-SD012,ses-02,1,instructions1,377,377,2,UNKNOWN,True,52.541468055799996,6.394884621840902e-14,HOLD,UNKNOWN: metadata alignment only
ds004703,sub-SD012_ses-02_task-PassiveListen,sub-SD012,ses-02,2,instructions3,70,70,2,UNKNOWN,True,116.06174431100001,4.689582056016661e-13,HOLD,UNKNOWN: metadata alignment only
ds004703,sub-SD012_ses-02_task-PassiveListen,sub-SD012,ses-02,3,s4002b-ex01,390,390,2,UNKNOWN,True,126.519807944,4.263256414560601e-14,HOLD,UNKNOWN: metadata alignment only
ds004703,sub-SD012_ses-02_task-PassiveListen,sub-SD012,ses-02,4,s1401a-ex01,415,415,2,UNKNOWN,True,176.515371631,2.842170943040401e-14,HOLD,UNKNOWN: metadata alignment only
ds004703,sub-SD012_ses-02_task-PassiveListen,sub-SD012,ses-02,5,s2301a-ex01,206,206,2,UNKNOWN,True,225.392055464,2.842170943040401e-14,HOLD,UNKNOWN: metadata alignment only
ds004703,sub-SD012_ses-02_task-PassiveListen,sub-SD012,ses-02,6,s1303a-ex01,311,311,2,UNKNOWN,True,258.610866821,5.684341886080802e-14,HOLD,UNKNOWN: metadata alignment only
ds004703,sub-SD012_ses-02_task-PassiveListen,sub-SD012,ses-02,7,pleasePressSpace,31,31,2,UNKNOWN,True,319.76657211,5.115907697472721e-13,HOLD,UNKNOWN: metadata alignment only
ds004703,sub-SD012_ses-02_task-PassiveListen,sub-SD012,ses-02,8,catalan-m01,468,468,3,UNKNOWN,True,366.77583716799995,6.252776074688882e-13,HOLD,UNKNOWN: metadata alignment only
ds004703,sub-SD012_ses-02_task-PassiveListen,sub-SD012,ses-02,9,s2102a-ex01,295,295,2,UNKNOWN,True,386.00297644799997,5.684341886080802e-14,HOLD,UNKNOWN: metadata alignment only
ds004703,sub-SD012_ses-02_task-PassiveListen,sub-SD012,ses-02,10,s3602b-ex01,318,318,2,UNKNOWN,True,424.59412768499993,1.1368683772161603e-13,HOLD,UNKNOWN: metadata alignment only
ds004703,sub-SD012_ses-02_task-PassiveListen,sub-SD012,ses-02,11,s1901b-ex01,406,406,2,UNKNOWN,True,470.005549735,5.684341886080802e-14,HOLD,UNKNOWN: metadata alignment only
ds004703,sub-SD012_ses-02_task-PassiveListen,sub-SD012,ses-02,12,s3001b-ex01,485,485,2,UNKNOWN,True,518.038704047,1.1368683772161603e-13,HOLD,UNKNOWN: metadata alignment only
ds004703,sub-SD012_ses-02_task-PassiveListen,sub-SD012,ses-02,13,pleasePressSpace,31,31,2,UNKNOWN,True,590.34807991,4.547473508864641e-13,HOLD,UNKNOWN: metadata alignment only
ds004703,sub-SD012_ses-02_task-PassiveListen,sub-SD012,ses-02,14,catalan-f01,428,428,3,UNKNOWN,True,637.356608137,5.684341886080801e-13,HOLD,UNKNOWN: metadata alignment only
ds004703,sub-SD012_ses-02_task-PassiveListen,sub-SD012,ses-02,15,s3602b-ex02,288,288,2,UNKNOWN,True,664.115727374,1.1368683772161603e-13,HOLD,UNKNOWN: metadata alignment only
ds004703,sub-SD012_ses-02_task-PassiveListen,sub-SD012,ses-02,16,s3903b-ex01,301,301,2,UNKNOWN,True,707.249000718,1.1368683772161603e-13,HOLD,UNKNOWN: metadata alignment only
ds004703,sub-SD012_ses-02_task-PassiveListen,sub-SD012,ses-02,17,s1201a-ex01,437,437,2,UNKNOWN,True,745.584401725,1.1368683772161603e-13,HOLD,UNKNOWN: metadata alignment only
ds004703,sub-SD012_ses-02_task-PassiveListen,sub-SD012,ses-02,18,s2202b-ex02,444,444,2,UNKNOWN,True,788.951963447,1.1368683772161603e-13,HOLD,UNKNOWN: metadata alignment only
ds004703,sub-SD012_ses-02_task-PassiveListen,sub-SD012,ses-02,19,s0703b-ex01,419,419,2,UNKNOWN,True,855.524725854,1.1368683772161603e-13,HOLD,UNKNOWN: metadata alignment only
ds004703,sub-SD012_ses-02_task-PassiveListen,sub-SD012,ses-02,20,s2102a-ex02,373,373,2,UNKNOWN,True,904.530053568,1.1368683772161603e-13,HOLD,UNKNOWN: metadata alignment only
ds004703,sub-SD012_ses-02_task-PassiveListen,sub-SD012,ses-02,21,s4003b-ex01,305,305,2,UNKNOWN,True,948.848739966,1.1368683772161603e-13,HOLD,UNKNOWN: metadata alignment only
ds004703,sub-SD012_ses-02_task-PassiveListen,sub-SD012,ses-02,22,s3301a-ex01,255,255,2,UNKNOWN,True,988.4020882660001,1.1368683772161603e-13,HOLD,UNKNOWN: metadata alignment only
ds004703,sub-SD012_ses-02_task-PassiveListen,sub-SD012,ses-02,23,s1501a-ex01,404,404,2,UNKNOWN,True,1027.26169699,2.2737367544323206e-13,HOLD,UNKNOWN: metadata alignment only
ds004703,sub-SD012_ses-02_task-PassiveListen,sub-SD012,ses-02,24,s3301a-ex02,406,406,2,UNKNOWN,True,1080.91690957,2.2737367544323206e-13,HOLD,UNKNOWN: metadata alignment only
ds004703,sub-SD012_ses-02_task-PassiveListen,sub-SD012,ses-02,25,s1303a-ex02,211,211,2,UNKNOWN,True,1129.21781342,2.2737367544323206e-13,HOLD,UNKNOWN: metadata alignment only
ds004703,sub-SD012_ses-02_task-PassiveListen,sub-SD012,ses-02,26,s1001a-ex01,541,541,2,UNKNOWN,True,1170.37300262,2.2737367544323206e-13,HOLD,UNKNOWN: metadata alignment only
ds004703,sub-SD012_ses-02_task-PassiveListen,sub-SD012,ses-02,27,s3201a-ex01,1105,1105,2,UNKNOWN,True,1219.94953221,2.2737367544323206e-13,HOLD,UNKNOWN: metadata alignment only
ds004703,sub-SD012_ses-02_task-PassiveListen,sub-SD012,ses-02,28,s3703b-ex01,408,408,2,UNKNOWN,True,1314.67540414,2.2737367544323206e-13,HOLD,UNKNOWN: metadata alignment only
ds004703,sub-SD012_ses-02_task-PassiveListen,sub-SD012,ses-02,29,s1401a-ex02,434,434,2,UNKNOWN,True,1365.15557882,2.2737367544323206e-13,HOLD,UNKNOWN: metadata alignment only
ds004703,sub-SD012_ses-02_task-PassiveListen,sub-SD012,ses-02,30,s3903b-ex02,325,325,2,UNKNOWN,True,1421.7627924,2.2737367544323206e-13,HOLD,UNKNOWN: metadata alignment only
ds004703,sub-SD012_ses-02_task-PassiveListen,sub-SD012,ses-02,31,pleasePressSpace,31,31,2,UNKNOWN,True,1472.7435947000013,5.6843418860808015e-12,HOLD,UNKNOWN: metadata alignment only
ds004703,sub-SD012_ses-02_task-PassiveListen,sub-SD012,ses-02,32,catalan-m02,451,451,3,UNKNOWN,True,1524.75321667,5.229594535194337e-12,HOLD,UNKNOWN: metadata alignment only
ds004703,sub-SD012_ses-02_task-PassiveListen,sub-SD012,ses-02,33,pleasePressSpace,31,31,2,UNKNOWN,True,1548.8909416600013,5.6843418860808015e-12,HOLD,UNKNOWN: metadata alignment only
ds004703,sub-SD012_ses-02_task-PassiveListen,sub-SD012,ses-02,34,catalan-f02,437,437,3,UNKNOWN,True,1592.9007238300007,5.6843418860808015e-12,HOLD,UNKNOWN: metadata alignment only
ds004703,sub-SD012_ses-02_task-PassiveListen,sub-SD012,ses-02,35,s3902a-ex01,312,312,2,UNKNOWN,True,1606.9631847800001,2.2737367544323206e-13,HOLD,UNKNOWN: metadata alignment only
ds004703,sub-SD012_ses-02_task-PassiveListen,sub-SD012,ses-02,36,s2102a-ex03,346,346,2,UNKNOWN,True,1651.70496168,2.2737367544323206e-13,HOLD,UNKNOWN: metadata alignment only
ds004703,sub-SD012_ses-02_task-PassiveListen,sub-SD012,ses-02,37,s1604a-ex01,539,539,2,UNKNOWN,True,1703.35101982,2.2737367544323206e-13,HOLD,UNKNOWN: metadata alignment only
ds004703,sub-SD012_ses-02_task-PassiveListen,sub-SD012,ses-02,38,s0202b-ex01,671,671,2,UNKNOWN,True,1760.5041715,2.2737367544323206e-13,HOLD,UNKNOWN: metadata alignment only
ds004703,sub-SD012_ses-02_task-PassiveListen,sub-SD012,ses-02,39,s3102b-ex01,159,159,2,UNKNOWN,True,1828.76835415,2.2737367544323206e-13,HOLD,UNKNOWN: metadata alignment only
ds004703,sub-SD012_ses-02_task-PassiveListen,sub-SD012,ses-02,40,s2801a-ex01,743,743,2,UNKNOWN,True,1858.33054876,2.2737367544323206e-13,HOLD,UNKNOWN: metadata alignment only
ds004703,sub-SD012_ses-02_task-PassiveListen,sub-SD012,ses-02,41,s3802a-ex01,362,362,2,UNKNOWN,True,1928.51665751,2.2737367544323206e-13,HOLD,UNKNOWN: metadata alignment only
ds004703,sub-SD012_ses-02_task-PassiveListen,sub-SD012,ses-02,42,s0702a-ex01,370,370,2,UNKNOWN,True,1975.49126138,2.2737367544323206e-13,HOLD,UNKNOWN: metadata alignment only
ds004703,sub-SD012_ses-02_task-PassiveListen,sub-SD012,ses-02,43,s1401b-ex01,664,664,2,UNKNOWN,True,2029.77595648,2.2737367544323206e-13,HOLD,UNKNOWN: metadata alignment only
ds004703,sub-SD012_ses-02_task-PassiveListen,sub-SD012,ses-02,44,s0802b-ex01,328,328,2,UNKNOWN,True,2091.6347221,4.547473508864641e-13,HOLD,UNKNOWN: metadata alignment only
ds004703,sub-SD012_ses-02_task-PassiveListen,sub-SD012,ses-02,45,s1703b-ex01,431,431,2,UNKNOWN,True,2133.25591017,4.547473508864641e-13,HOLD,UNKNOWN: metadata alignment only
ds004703,sub-SD012_ses-02_task-PassiveListen,sub-SD012,ses-02,46,s0203b-ex01,505,505,2,UNKNOWN,True,2195.59221075,4.547473508864641e-13,HOLD,UNKNOWN: metadata alignment only
ds004703,sub-SD012_ses-02_task-PassiveListen,sub-SD012,ses-02,47,s1202b-ex01,417,417,2,UNKNOWN,True,2249.15491276,4.547473508864641e-13,HOLD,UNKNOWN: metadata alignment only
ds004703,sub-SD012_ses-02_task-PassiveListen,sub-SD012,ses-02,48,s1503a-ex01,430,430,2,UNKNOWN,True,2300.12855931,4.547473508864641e-13,HOLD,UNKNOWN: metadata alignment only
ds004703,sub-SD012_ses-02_task-PassiveListen,sub-SD012,ses-02,49,pleasePressSpace,31,31,2,UNKNOWN,True,2325.4792135300013,6.366462912410498e-12,HOLD,UNKNOWN: metadata alignment only
ds004703,sub-SD012_ses-02_task-PassiveListen,sub-SD012,ses-02,50,catalan-m03,488,488,3,UNKNOWN,True,2376.4885197199997,5.4569682106375694e-12,HOLD,UNKNOWN: metadata alignment only
ds004703,sub-SD012_ses-02_task-PassiveListen,sub-SD012,ses-02,51,s1103a-ex01,443,443,2,UNKNOWN,True,2388.45704755,4.547473508864641e-13,HOLD,UNKNOWN: metadata alignment only
ds004703,sub-SD012_ses-02_task-PassiveListen,sub-SD012,ses-02,52,s3003a-ex01,371,371,2,UNKNOWN,True,2450.98091087,4.547473508864641e-13,HOLD,UNKNOWN: metadata alignment only
ds004703,sub-SD013_ses-01_task-PassiveListen,sub-SD013,ses-01,0,welcome,20,20,2,UNKNOWN,True,259.7209999999999,5.684341886080801e-13,HOLD,UNKNOWN: metadata alignment only
ds004703,sub-SD013_ses-01_task-PassiveListen,sub-SD013,ses-01,1,instructions1,377,377,2,UNKNOWN,True,268.6379999999999,5.684341886080801e-13,HOLD,UNKNOWN: metadata alignment only
ds004703,sub-SD013_ses-01_task-PassiveListen,sub-SD013,ses-01,2,instructions3,70,70,2,UNKNOWN,True,329.944,5.115907697472721e-13,HOLD,UNKNOWN: metadata alignment only
ds004703,sub-SD013_ses-01_task-PassiveListen,sub-SD013,ses-01,3,s2102a-ex01,295,295,2,UNKNOWN,True,337.56199999999995,5.684341886080802e-14,HOLD,UNKNOWN: metadata alignment only
ds004703,sub-SD013_ses-01_task-PassiveListen,sub-SD013,ses-01,4,s3001b-ex01,485,485,2,UNKNOWN,True,394.495,5.684341886080802e-14,HOLD,UNKNOWN: metadata alignment only
ds004703,sub-SD013_ses-01_task-PassiveListen,sub-SD013,ses-01,5,s4002b-ex01,390,390,2,UNKNOWN,True,464.155,5.684341886080802e-14,HOLD,UNKNOWN: metadata alignment only
ds004703,sub-SD013_ses-01_task-PassiveListen,sub-SD013,ses-01,6,s1303a-ex01,311,311,2,UNKNOWN,True,510.88100000000003,1.1368683772161603e-13,HOLD,UNKNOWN: metadata alignment only
ds004703,sub-SD013_ses-01_task-PassiveListen,sub-SD013,ses-01,7,s1401a-ex01,415,415,2,UNKNOWN,True,583.139,1.1368683772161603e-13,HOLD,UNKNOWN: metadata alignment only
ds004703,sub-SD013_ses-01_task-PassiveListen,sub-SD013,ses-01,8,s3602b-ex01,318,318,2,UNKNOWN,True,628.184,1.1368683772161603e-13,HOLD,UNKNOWN: metadata alignment only
ds004703,sub-SD013_ses-01_task-PassiveListen,sub-SD013,ses-01,9,s2301a-ex01,206,206,2,UNKNOWN,True,675.08,1.1368683772161603e-13,HOLD,UNKNOWN: metadata alignment only
ds004703,sub-SD013_ses-01_task-PassiveListen,sub-SD013,ses-01,10,s1901b-ex01,406,406,2,UNKNOWN,True,707.033,1.1368683772161603e-13,HOLD,UNKNOWN: metadata alignment only
ds004703,sub-SD013_ses-01_task-PassiveListen,sub-SD013,ses-01,11,catalan-m01,468,468,3,UNKNOWN,True,755.056,5.684341886080801e-13,HOLD,UNKNOWN: metadata alignment only
ds004703,sub-SD013_ses-01_task-PassiveListen,sub-SD013,ses-01,12,s1201a-ex01,437,437,2,UNKNOWN,True,930.04,1.1368683772161603e-13,HOLD,UNKNOWN: metadata alignment only
ds004703,sub-SD013_ses-01_task-PassiveListen,sub-SD013,ses-01,13,s0703b-ex01,419,419,2,UNKNOWN,True,973.599,1.1368683772161603e-13,HOLD,UNKNOWN: metadata alignment only
ds004703,sub-SD013_ses-01_task-PassiveListen,sub-SD013,ses-01,14,s4003b-ex01,305,305,2,UNKNOWN,True,1022.548,1.1368683772161603e-13,HOLD,UNKNOWN: metadata alignment only
ds004703,sub-SD013_ses-01_task-PassiveListen,sub-SD013,ses-01,15,catalan-f01,428,428,3,UNKNOWN,True,1057.7529999999997,5.4569682106375694e-12,HOLD,UNKNOWN: metadata alignment only
ds004703,sub-SD013_ses-01_task-PassiveListen,sub-SD013,ses-01,16,s2102a-ex02,373,373,2,UNKNOWN,True,1116.353,2.2737367544323206e-13,HOLD,UNKNOWN: metadata alignment only
ds004703,sub-SD013_ses-01_task-PassiveListen,sub-SD013,ses-01,17,s3301a-ex01,255,255,2,UNKNOWN,True,1168.365,2.2737367544323206e-13,HOLD,UNKNOWN: metadata alignment only
ds004703,sub-SD013_ses-01_task-PassiveListen,sub-SD013,ses-01,18,s2202b-ex02,444,444,2,UNKNOWN,True,1203.2930000000001,2.2737367544323206e-13,HOLD,UNKNOWN: metadata alignment only
ds004703,sub-SD013_ses-01_task-PassiveListen,sub-SD013,ses-01,19,s3602b-ex02,288,288,2,UNKNOWN,True,1269.981,2.2737367544323206e-13,HOLD,UNKNOWN: metadata alignment only
ds004703,sub-SD013_ses-01_task-PassiveListen,sub-SD013,ses-01,20,s3903b-ex01,301,301,2,UNKNOWN,True,1310.564,2.2737367544323206e-13,HOLD,UNKNOWN: metadata alignment only
ds004703,sub-SD015_ses-01_task-PassiveListen,sub-SD015,ses-01,0,welcome,20,20,2,UNKNOWN,True,109.01219039499988,5.968558980384842e-13,HOLD,UNKNOWN: metadata alignment only
ds004703,sub-SD015_ses-01_task-PassiveListen,sub-SD015,ses-01,1,instructions1,377,377,2,UNKNOWN,True,118.21048807299995,5.542233338928781e-13,HOLD,UNKNOWN: metadata alignment only
ds004703,sub-SD015_ses-01_task-PassiveListen,sub-SD015,ses-01,2,pleasePressSpace,31,31,2,UNKNOWN,True,175.150396838,4.831690603168681e-13,HOLD,UNKNOWN: metadata alignment only
ds004703,sub-SD015_ses-01_task-PassiveListen,sub-SD015,ses-01,3,instructions3,70,70,2,UNKNOWN,True,217.61827818400002,4.831690603168681e-13,HOLD,UNKNOWN: metadata alignment only
ds004703,sub-SD015_ses-01_task-PassiveListen,sub-SD015,ses-01,4,s1401a-ex01,415,415,2,UNKNOWN,True,344.32028952,5.684341886080802e-14,HOLD,UNKNOWN: metadata alignment only
ds004703,sub-SD015_ses-01_task-PassiveListen,sub-SD015,ses-01,5,s3001b-ex01,485,485,2,UNKNOWN,True,420.2851334865,5.684341886080802e-14,HOLD,UNKNOWN: metadata alignment only
ds004703,sub-SD015_ses-01_task-PassiveListen,sub-SD015,ses-01,6,s4002b-ex01,390,390,2,UNKNOWN,True,485.67504601999997,1.1368683772161603e-13,HOLD,UNKNOWN: metadata alignment only
ds004703,sub-SD015_ses-01_task-PassiveListen,sub-SD015,ses-01,7,s2102a-ex01,295,295,2,UNKNOWN,True,540.409577511,1.1368683772161603e-13,HOLD,UNKNOWN: metadata alignment only
ds004703,sub-SD015_ses-01_task-PassiveListen,sub-SD015,ses-01,8,pleasePressSpace,31,31,2,UNKNOWN,True,601.924899305,5.684341886080801e-13,HOLD,UNKNOWN: metadata alignment only
ds004703,sub-SD015_ses-01_task-PassiveListen,sub-SD015,ses-01,9,catalan-m01,468,468,3,UNKNOWN,True,605.942147358,5.684341886080801e-13,HOLD,UNKNOWN: metadata alignment only
ds004703,sub-SD015_ses-01_task-PassiveListen,sub-SD015,ses-01,10,s2301a-ex01,206,206,2,UNKNOWN,True,634.85553638,1.1368683772161603e-13,HOLD,UNKNOWN: metadata alignment only
ds004703,sub-SD017_ses-01_task-PassiveListen,sub-SD017,ses-01,0,welcome,20,20,2,UNKNOWN,True,17.67527870049999,5.684341886080802e-14,HOLD,UNKNOWN: metadata alignment only
ds004703,sub-SD017_ses-01_task-PassiveListen,sub-SD017,ses-01,1,instructions1,377,377,2,UNKNOWN,True,21.3375371545,5.684341886080802e-14,HOLD,UNKNOWN: metadata alignment only
ds004703,sub-SD017_ses-01_task-PassiveListen,sub-SD017,ses-01,2,pleasePressSpace,31,31,2,UNKNOWN,True,73.55733359089999,7.105427357601002e-14,HOLD,UNKNOWN: metadata alignment only
ds004703,sub-SD017_ses-01_task-PassiveListen,sub-SD017,ses-01,3,instructions3,70,70,2,UNKNOWN,True,79.7688460416,5.684341886080802e-14,HOLD,UNKNOWN: metadata alignment only
ds004703,sub-SD017_ses-01_task-PassiveListen,sub-SD017,ses-01,4,s2102a-ex01,295,295,2,UNKNOWN,True,87.42611121249999,2.842170943040401e-14,HOLD,UNKNOWN: metadata alignment only
ds004703,sub-SD017_ses-01_task-PassiveListen,sub-SD017,ses-01,5,s3001b-ex01,485,485,2,UNKNOWN,True,131.516411612,5.684341886080802e-14,HOLD,UNKNOWN: metadata alignment only
ds004703,sub-SD017_ses-01_task-PassiveListen,sub-SD017,ses-01,6,s1303a-ex01,311,311,2,UNKNOWN,True,189.84907096400002,5.684341886080802e-14,HOLD,UNKNOWN: metadata alignment only
ds004703,sub-SD017_ses-01_task-PassiveListen,sub-SD017,ses-01,7,s3602b-ex01,318,318,2,UNKNOWN,True,234.69818050699993,1.1368683772161603e-13,HOLD,UNKNOWN: metadata alignment only
ds004703,sub-SD017_ses-01_task-PassiveListen,sub-SD017,ses-01,8,s1401a-ex01,415,415,2,UNKNOWN,True,279.176657321,5.684341886080802e-14,HOLD,UNKNOWN: metadata alignment only
ds004703,sub-SD017_ses-01_task-PassiveListen,sub-SD017,ses-01,9,s4002b-ex01,390,390,2,UNKNOWN,True,326.730402053,5.684341886080802e-14,HOLD,UNKNOWN: metadata alignment only
ds004703,sub-SD017_ses-01_task-PassiveListen,sub-SD017,ses-01,10,s1901b-ex01,406,406,2,UNKNOWN,True,371.849001727,5.684341886080802e-14,HOLD,UNKNOWN: metadata alignment only
ds004703,sub-SD017_ses-01_task-PassiveListen,sub-SD017,ses-01,11,pleasePressSpace,31,31,2,UNKNOWN,True,418.371706807,5.115907697472721e-13,HOLD,UNKNOWN: metadata alignment only
ds004703,sub-SD017_ses-01_task-PassiveListen,sub-SD017,ses-01,12,catalan-m01,468,468,3,UNKNOWN,True,422.385985082,5.684341886080801e-13,HOLD,UNKNOWN: metadata alignment only
ds004703,sub-SD017_ses-01_task-PassiveListen,sub-SD017,ses-01,13,s2301a-ex01,206,206,2,UNKNOWN,True,472.263704064,5.684341886080802e-14,HOLD,UNKNOWN: metadata alignment only
ds004703,sub-SD017_ses-01_task-PassiveListen,sub-SD017,ses-01,14,s3602b-ex02,288,288,2,UNKNOWN,True,523.079466119,1.1368683772161603e-13,HOLD,UNKNOWN: metadata alignment only
ds004703,sub-SD017_ses-01_task-PassiveListen,sub-SD017,ses-01,15,s3301a-ex01,255,255,2,UNKNOWN,True,562.96776849,1.1368683772161603e-13,HOLD,UNKNOWN: metadata alignment only
ds004703,sub-SD017_ses-01_task-PassiveListen,sub-SD017,ses-01,16,pleasePressSpace,31,31,2,UNKNOWN,True,595.396538835,4.547473508864641e-13,HOLD,UNKNOWN: metadata alignment only
ds004703,sub-SD017_ses-01_task-PassiveListen,sub-SD017,ses-01,17,catalan-f01,428,428,3,UNKNOWN,True,599.410633159,5.684341886080801e-13,HOLD,UNKNOWN: metadata alignment only
ds004703,sub-SD017_ses-01_task-PassiveListen,sub-SD017,ses-01,18,s3903b-ex01,301,301,2,UNKNOWN,True,649.447873792,1.1368683772161603e-13,HOLD,UNKNOWN: metadata alignment only
ds004703,sub-SD017_ses-01_task-PassiveListen,sub-SD017,ses-01,19,s2102a-ex02,373,373,2,UNKNOWN,True,683.674264408,1.1368683772161603e-13,HOLD,UNKNOWN: metadata alignment only
ds004703,sub-SD017_ses-01_task-PassiveListen,sub-SD017,ses-01,20,s0703b-ex01,419,419,2,UNKNOWN,True,726.763760527,1.1368683772161603e-13,HOLD,UNKNOWN: metadata alignment only
ds004703,sub-SD017_ses-01_task-PassiveListen,sub-SD017,ses-01,21,s4003b-ex01,305,305,2,UNKNOWN,True,773.224537041,1.1368683772161603e-13,HOLD,UNKNOWN: metadata alignment only
ds004703,sub-SD017_ses-01_task-PassiveListen,sub-SD017,ses-01,22,s2202b-ex02,444,444,2,UNKNOWN,True,807.4844971640001,1.1368683772161603e-13,HOLD,UNKNOWN: metadata alignment only
ds004703,sub-SD017_ses-01_task-PassiveListen,sub-SD017,ses-01,23,s1201a-ex01,437,437,2,UNKNOWN,True,872.009885137,1.1368683772161603e-13,HOLD,UNKNOWN: metadata alignment only
ds004703,sub-SD018_ses-01_task-PassiveListen,sub-SD018,ses-01,0,welcome,20,20,2,UNKNOWN,True,63.5189586785,4.973799150320701e-14,HOLD,UNKNOWN: metadata alignment only
ds004703,sub-SD018_ses-01_task-PassiveListen,sub-SD018,ses-01,1,instructions1,377,377,2,UNKNOWN,True,67.8529590081,4.973799150320701e-13,HOLD,UNKNOWN: metadata alignment only
ds004703,sub-SD018_ses-01_task-PassiveListen,sub-SD018,ses-01,2,pleasePressSpace,31,31,2,UNKNOWN,True,120.08729798800002,4.689582056016661e-13,HOLD,UNKNOWN: metadata alignment only
ds004703,sub-SD018_ses-01_task-PassiveListen,sub-SD018,ses-01,3,instructions3,70,70,2,UNKNOWN,True,124.55639418400003,4.831690603168681e-13,HOLD,UNKNOWN: metadata alignment only
ds004703,sub-SD018_ses-01_task-PassiveListen,sub-SD018,ses-01,4,s2301a-ex01,206,206,2,UNKNOWN,True,132.756749569,2.842170943040401e-14,HOLD,UNKNOWN: metadata alignment only
ds004703,sub-SD018_ses-01_task-PassiveListen,sub-SD018,ses-01,5,s2102a-ex01,295,295,2,UNKNOWN,True,178.12262800899998,2.842170943040401e-14,HOLD,UNKNOWN: metadata alignment only
ds004703,sub-SD018_ses-01_task-PassiveListen,sub-SD018,ses-01,6,s3602b-ex01,318,318,2,UNKNOWN,True,217.81962971999994,1.1368683772161603e-13,HOLD,UNKNOWN: metadata alignment only
ds004703,sub-SD018_ses-01_task-PassiveListen,sub-SD018,ses-01,7,s3001b-ex01,485,485,2,UNKNOWN,True,266.22358341,5.684341886080802e-14,HOLD,UNKNOWN: metadata alignment only
ds004703,sub-SD018_ses-01_task-PassiveListen,sub-SD018,ses-01,8,s4002b-ex01,390,390,2,UNKNOWN,True,327.708443524,5.684341886080802e-14,HOLD,UNKNOWN: metadata alignment only
ds004703,sub-SD018_ses-01_task-PassiveListen,sub-SD018,ses-01,9,pleasePressSpace,31,31,2,UNKNOWN,True,372.887450515,5.115907697472721e-13,HOLD,UNKNOWN: metadata alignment only
ds004703,sub-SD018_ses-01_task-PassiveListen,sub-SD018,ses-01,10,catalan-m01,468,468,3,UNKNOWN,True,376.90233861699994,5.684341886080801e-13,HOLD,UNKNOWN: metadata alignment only
ds004703,sub-SD018_ses-01_task-PassiveListen,sub-SD018,ses-01,11,s1901b-ex01,406,406,2,UNKNOWN,True,432.28335324,5.684341886080802e-14,HOLD,UNKNOWN: metadata alignment only
ds004703,sub-SD018_ses-01_task-PassiveListen,sub-SD018,ses-01,12,s1401a-ex01,415,415,2,UNKNOWN,True,760.940380142,1.1368683772161603e-13,HOLD,UNKNOWN: metadata alignment only
ds004703,sub-SD018_ses-01_task-PassiveListen,sub-SD018,ses-01,13,s1303a-ex01,311,311,2,UNKNOWN,True,805.4839247689999,1.1368683772161603e-13,HOLD,UNKNOWN: metadata alignment only
ds004703,sub-SD018_ses-01_task-PassiveListen,sub-SD018,ses-01,14,pleasePressSpace,31,31,2,UNKNOWN,True,876.1641449489999,4.547473508864641e-13,HOLD,UNKNOWN: metadata alignment only
ds004703,sub-SD018_ses-01_task-PassiveListen,sub-SD018,ses-01,15,catalan-f01,428,428,3,UNKNOWN,True,880.17798989,5.684341886080801e-13,HOLD,UNKNOWN: metadata alignment only
ds004703,sub-SD018_ses-01_task-PassiveListen,sub-SD018,ses-01,16,s3301a-ex01,255,255,2,UNKNOWN,True,959.610231307,1.1368683772161603e-13,HOLD,UNKNOWN: metadata alignment only
ds004703,sub-SD018_ses-01_task-PassiveListen,sub-SD018,ses-01,17,s3903b-ex01,301,301,2,UNKNOWN,True,994.106438447,1.1368683772161603e-13,HOLD,UNKNOWN: metadata alignment only
ds004703,sub-SD018_ses-01_task-PassiveListen,sub-SD018,ses-01,18,s2202b-ex02,444,444,2,UNKNOWN,True,1029.05550674,2.2737367544323206e-13,HOLD,UNKNOWN: metadata alignment only
ds004703,sub-SD018_ses-01_task-PassiveListen,sub-SD018,ses-01,19,s4003b-ex01,305,305,2,UNKNOWN,True,1096.76305989,2.2737367544323206e-13,HOLD,UNKNOWN: metadata alignment only
ds004703,sub-SD018_ses-01_task-PassiveListen,sub-SD018,ses-01,20,s1201a-ex01,437,437,2,UNKNOWN,True,1134.57179837,2.2737367544323206e-13,HOLD,UNKNOWN: metadata alignment only
ds004703,sub-SD018_ses-01_task-PassiveListen,sub-SD018,ses-01,21,s3602b-ex02,288,288,2,UNKNOWN,True,1177.18243335,2.2737367544323206e-13,HOLD,UNKNOWN: metadata alignment only
ds004703,sub-SD018_ses-01_task-PassiveListen,sub-SD018,ses-01,22,s2102a-ex02,373,373,2,UNKNOWN,True,1223.99737332,2.2737367544323206e-13,HOLD,UNKNOWN: metadata alignment only
ds004703,sub-SD018_ses-01_task-PassiveListen,sub-SD018,ses-01,23,s0703b-ex01,419,419,2,UNKNOWN,True,1267.85327377,2.2737367544323206e-13,HOLD,UNKNOWN: metadata alignment only
ds004703,sub-SD019_ses-01_task-PassiveListen,sub-SD019,ses-01,0,welcome,20,20,2,UNKNOWN,True,11.95887751419999,5.5067062021407764e-14,HOLD,UNKNOWN: metadata alignment only
ds004703,sub-SD019_ses-01_task-PassiveListen,sub-SD019,ses-01,1,instructions1,377,377,2,UNKNOWN,True,16.084375238699998,6.039613253960852e-14,HOLD,UNKNOWN: metadata alignment only
ds004703,sub-SD019_ses-01_task-PassiveListen,sub-SD019,ses-01,2,pleasePressSpace,31,31,2,UNKNOWN,True,68.01515024159998,7.105427357601002e-14,HOLD,UNKNOWN: metadata alignment only
ds004703,sub-SD019_ses-01_task-PassiveListen,sub-SD019,ses-01,3,instructions3,70,70,2,UNKNOWN,True,72.6762297899,7.105427357601002e-14,HOLD,UNKNOWN: metadata alignment only
ds004703,sub-SD019_ses-01_task-PassiveListen,sub-SD019,ses-01,4,s3602b-ex01,318,318,2,UNKNOWN,True,79.95142592239998,1.1368683772161603e-13,HOLD,UNKNOWN: metadata alignment only
ds004703,sub-SD019_ses-01_task-PassiveListen,sub-SD019,ses-01,5,s1303a-ex01,311,311,2,UNKNOWN,True,124.964789018,5.684341886080802e-14,HOLD,UNKNOWN: metadata alignment only
ds004703,sub-SD019_ses-01_task-PassiveListen,sub-SD019,ses-01,6,s1401a-ex01,415,415,2,UNKNOWN,True,169.924127179,2.842170943040401e-14,HOLD,UNKNOWN: metadata alignment only
ds004703,sub-SD019_ses-01_task-PassiveListen,sub-SD019,ses-01,7,s2102a-ex01,295,295,2,UNKNOWN,True,213.522689849,2.842170943040401e-14,HOLD,UNKNOWN: metadata alignment only
ds004703,sub-SD019_ses-01_task-PassiveListen,sub-SD019,ses-01,8,s4002b-ex01,390,390,2,UNKNOWN,True,250.675231083,5.684341886080802e-14,HOLD,UNKNOWN: metadata alignment only
ds004703,sub-SD019_ses-01_task-PassiveListen,sub-SD019,ses-01,9,pleasePressSpace,31,31,2,UNKNOWN,True,292.3828321109999,5.115907697472721e-13,HOLD,UNKNOWN: metadata alignment only
ds004703,sub-SD019_ses-01_task-PassiveListen,sub-SD019,ses-01,10,catalan-m01,468,468,3,UNKNOWN,True,296.39739600499996,6.252776074688882e-13,HOLD,UNKNOWN: metadata alignment only
ds004703,sub-SD019_ses-01_task-PassiveListen,sub-SD019,ses-01,11,s2301a-ex01,206,206,2,UNKNOWN,True,352.497905884,5.684341886080802e-14,HOLD,UNKNOWN: metadata alignment only
ds004703,sub-SD019_ses-01_task-PassiveListen,sub-SD019,ses-01,12,s3001b-ex01,485,485,2,UNKNOWN,True,382.182954388,5.684341886080802e-14,HOLD,UNKNOWN: metadata alignment only
ds004703,sub-SD019_ses-01_task-PassiveListen,sub-SD019,ses-01,13,s1901b-ex01,406,406,2,UNKNOWN,True,440.053614364,5.684341886080802e-14,HOLD,UNKNOWN: metadata alignment only
ds004703,sub-SD019_ses-01_task-PassiveListen,sub-SD019,ses-01,14,s0703b-ex01,419,419,2,UNKNOWN,True,770.304242931,1.1368683772161603e-13,HOLD,UNKNOWN: metadata alignment only
ds004703,sub-SD019_ses-01_task-PassiveListen,sub-SD019,ses-01,15,s3903b-ex01,301,301,2,UNKNOWN,True,817.602572059,1.1368683772161603e-13,HOLD,UNKNOWN: metadata alignment only
ds004703,sub-SD019_ses-01_task-PassiveListen,sub-SD019,ses-01,16,s1201a-ex01,437,437,2,UNKNOWN,True,850.787052227,1.1368683772161603e-13,HOLD,UNKNOWN: metadata alignment only
ds004703,sub-SD019_ses-01_task-PassiveListen,sub-SD019,ses-01,17,s4003b-ex01,305,305,2,UNKNOWN,True,892.801701965,1.1368683772161603e-13,HOLD,UNKNOWN: metadata alignment only
ds004703,sub-SD019_ses-01_task-PassiveListen,sub-SD019,ses-01,18,s3602b-ex02,288,288,2,UNKNOWN,True,926.086469993,1.1368683772161603e-13,HOLD,UNKNOWN: metadata alignment only
ds004703,sub-SD019_ses-01_task-PassiveListen,sub-SD019,ses-01,19,s3301a-ex01,255,255,2,UNKNOWN,True,965.5215521570001,1.1368683772161603e-13,HOLD,UNKNOWN: metadata alignment only
ds004703,sub-SD019_ses-01_task-PassiveListen,sub-SD019,ses-01,20,s2102a-ex02,373,373,2,UNKNOWN,True,999.9244235470001,2.2737367544323206e-13,HOLD,UNKNOWN: metadata alignment only
ds004703,sub-SD019_ses-01_task-PassiveListen,sub-SD019,ses-01,21,pleasePressSpace,31,31,2,UNKNOWN,True,1042.5103602100012,5.6843418860808015e-12,HOLD,UNKNOWN: metadata alignment only
ds004703,sub-SD019_ses-01_task-PassiveListen,sub-SD019,ses-01,22,catalan-f01,428,428,3,UNKNOWN,True,1046.5244706099998,5.4569682106375694e-12,HOLD,UNKNOWN: metadata alignment only
ds004703,sub-SD019_ses-01_task-PassiveListen,sub-SD019,ses-01,23,s2202b-ex02,444,444,2,UNKNOWN,True,1098.10357754,2.2737367544323206e-13,HOLD,UNKNOWN: metadata alignment only
ds004703,sub-SD019_ses-01_task-PassiveListen,sub-SD019,ses-01,24,s3301a-ex02,406,406,2,UNKNOWN,True,1171.13727985,2.2737367544323206e-13,HOLD,UNKNOWN: metadata alignment only
ds004703,sub-SD019_ses-01_task-PassiveListen,sub-SD019,ses-01,25,s3903b-ex02,325,325,2,UNKNOWN,True,1215.04333349,2.2737367544323206e-13,HOLD,UNKNOWN: metadata alignment only
ds004703,sub-SD019_ses-01_task-PassiveListen,sub-SD019,ses-01,26,pleasePressSpace,31,31,2,UNKNOWN,True,1256.3013842600012,5.6843418860808015e-12,HOLD,UNKNOWN: metadata alignment only
ds004703,sub-SD019_ses-01_task-PassiveListen,sub-SD019,ses-01,27,catalan-m02,451,451,3,UNKNOWN,True,1260.3172986699997,5.4569682106375694e-12,HOLD,UNKNOWN: metadata alignment only
ds004703,sub-SD019_ses-01_task-PassiveListen,sub-SD019,ses-01,28,s1401a-ex02,434,434,2,UNKNOWN,True,1315.05995739,2.2737367544323206e-13,HOLD,UNKNOWN: metadata alignment only
ds004703,sub-SD019_ses-01_task-PassiveListen,sub-SD019,ses-01,29,s3201a-ex01,1105,1105,2,UNKNOWN,True,1358.90848819,2.2737367544323206e-13,HOLD,UNKNOWN: metadata alignment only
ds004703,sub-SD019_ses-01_task-PassiveListen,sub-SD019,ses-01,30,s1303a-ex02,211,211,2,UNKNOWN,True,1445.12325632,2.2737367544323206e-13,HOLD,UNKNOWN: metadata alignment only
ds004703,sub-SD019_ses-01_task-PassiveListen,sub-SD019,ses-01,31,s3703b-ex01,408,408,2,UNKNOWN,True,1486.51524132,2.2737367544323206e-13,HOLD,UNKNOWN: metadata alignment only
ds004703,sub-SD019_ses-01_task-PassiveListen,sub-SD019,ses-01,32,s1501a-ex01,404,404,2,UNKNOWN,True,1536.75776527,2.2737367544323206e-13,HOLD,UNKNOWN: metadata alignment only
ds004703,sub-SD019_ses-01_task-PassiveListen,sub-SD019,ses-01,33,s1001a-ex01,541,541,2,UNKNOWN,True,1587.49277822,2.2737367544323206e-13,HOLD,UNKNOWN: metadata alignment only
ds004703,sub-SD019_ses-01_task-PassiveListen,sub-SD019,ses-01,34,s3902a-ex01,312,312,2,UNKNOWN,True,1640.83051627,2.2737367544323206e-13,HOLD,UNKNOWN: metadata alignment only
ds004703,sub-SD019_ses-01_task-PassiveListen,sub-SD019,ses-01,35,s1604a-ex01,539,539,2,UNKNOWN,True,1682.69380948,2.2737367544323206e-13,HOLD,UNKNOWN: metadata alignment only
ds004703,sub-SD019_ses-01_task-PassiveListen,sub-SD019,ses-01,36,s2801a-ex01,743,743,2,UNKNOWN,True,1736.15164242,2.2737367544323206e-13,HOLD,UNKNOWN: metadata alignment only
ds004703,sub-SD019_ses-01_task-PassiveListen,sub-SD019,ses-01,37,s0702a-ex01,370,370,2,UNKNOWN,True,1807.8266939,2.2737367544323206e-13,HOLD,UNKNOWN: metadata alignment only
ds004703,sub-SD019_ses-01_task-PassiveListen,sub-SD019,ses-01,38,s2102a-ex03,346,346,2,UNKNOWN,True,1845.01440294,2.2737367544323206e-13,HOLD,UNKNOWN: metadata alignment only
ds004703,sub-SD019_ses-01_task-PassiveListen,sub-SD019,ses-01,39,s3802a-ex01,362,362,2,UNKNOWN,True,1895.93907354,2.2737367544323206e-13,HOLD,UNKNOWN: metadata alignment only
ds004703,sub-SD019_ses-01_task-PassiveListen,sub-SD019,ses-01,40,s0202b-ex01,671,671,2,UNKNOWN,True,1939.70359113,2.2737367544323206e-13,HOLD,UNKNOWN: metadata alignment only
ds004703,sub-SD019_ses-01_task-PassiveListen,sub-SD019,ses-01,41,s3102b-ex01,159,159,2,UNKNOWN,True,2003.82721305,2.2737367544323206e-13,HOLD,UNKNOWN: metadata alignment only
ds004703,sub-SD019_ses-01_task-PassiveListen,sub-SD019,ses-01,42,pleasePressSpace,31,31,2,UNKNOWN,True,2031.2629643400012,5.6843418860808015e-12,HOLD,UNKNOWN: metadata alignment only
ds004703,sub-SD019_ses-01_task-PassiveListen,sub-SD019,ses-01,43,catalan-f02,437,437,3,UNKNOWN,True,2035.2768156800005,5.6843418860808015e-12,HOLD,UNKNOWN: metadata alignment only
ds004703,sub-SD019_ses-01_task-PassiveListen,sub-SD019,ses-01,44,s1401b-ex01,664,664,2,UNKNOWN,True,2087.2668723,4.547473508864641e-13,HOLD,UNKNOWN: metadata alignment only
ds004703,sub-SD019_ses-01_task-PassiveListen,sub-SD019,ses-01,45,s0203b-ex01,505,505,2,UNKNOWN,True,2157.62140722,4.547473508864641e-13,HOLD,UNKNOWN: metadata alignment only
ds004703,sub-SD019_ses-01_task-PassiveListen,sub-SD019,ses-01,46,s1103a-ex01,443,443,2,UNKNOWN,True,2209.65581724,4.547473508864641e-13,HOLD,UNKNOWN: metadata alignment only
ds004703,sub-SD019_ses-01_task-PassiveListen,sub-SD019,ses-01,47,s0802b-ex01,328,328,2,UNKNOWN,True,2271.23625808,4.547473508864641e-13,HOLD,UNKNOWN: metadata alignment only
ds004703,sub-SD019_ses-01_task-PassiveListen,sub-SD019,ses-01,48,s1202b-ex01,417,417,2,UNKNOWN,True,2308.9968115,4.547473508864641e-13,HOLD,UNKNOWN: metadata alignment only
ds004703,sub-SD019_ses-01_task-PassiveListen,sub-SD019,ses-01,49,s3003a-ex01,371,371,2,UNKNOWN,True,2351.49007617,4.547473508864641e-13,HOLD,UNKNOWN: metadata alignment only
ds004703,sub-SD019_ses-01_task-PassiveListen,sub-SD019,ses-01,50,pleasePressSpace,31,31,2,UNKNOWN,True,2391.678964030001,5.9117155615240335e-12,HOLD,UNKNOWN: metadata alignment only
ds004703,sub-SD019_ses-01_task-PassiveListen,sub-SD019,ses-01,51,catalan-m03,488,488,3,UNKNOWN,True,2395.6936651199994,5.4569682106375694e-12,HOLD,UNKNOWN: metadata alignment only
ds004703,sub-SD019_ses-01_task-PassiveListen,sub-SD019,ses-01,52,s1703b-ex01,431,431,2,UNKNOWN,True,2449.03115407,4.547473508864641e-13,HOLD,UNKNOWN: metadata alignment only
ds004703,sub-SD019_ses-01_task-PassiveListen,sub-SD019,ses-01,53,s1503a-ex01,430,430,2,UNKNOWN,True,2509.98470413,4.547473508864641e-13,HOLD,UNKNOWN: metadata alignment only
ds004703,sub-SD019_ses-01_task-PassiveListen,sub-SD019,ses-01,54,pleasePressSpace,31,31,2,UNKNOWN,True,2539.9936973400013,6.366462912410498e-12,HOLD,UNKNOWN: metadata alignment only
ds004703,sub-SD019_ses-01_task-PassiveListen,sub-SD019,ses-01,55,catalan-f03,515,515,3,UNKNOWN,True,2544.0102911,5.002220859751105e-12,HOLD,UNKNOWN: metadata alignment only
ds004703,sub-SD019_ses-01_task-PassiveListen,sub-SD019,ses-01,56,s1203a-ex01,373,373,2,UNKNOWN,True,2600.89944515,4.547473508864641e-13,HOLD,UNKNOWN: metadata alignment only
ds004703,sub-SD019_ses-01_task-PassiveListen,sub-SD019,ses-01,57,s1503a-ex02,328,328,2,UNKNOWN,True,2646.45686005,4.547473508864641e-13,HOLD,UNKNOWN: metadata alignment only
ds004703,sub-SD019_ses-01_task-PassiveListen,sub-SD019,ses-01,58,s0901b-ex01,311,311,2,UNKNOWN,True,2681.90708836,4.547473508864641e-13,HOLD,UNKNOWN: metadata alignment only
ds004703,sub-SD019_ses-01_task-PassiveListen,sub-SD019,ses-01,59,s3801a-ex01,350,350,2,UNKNOWN,True,2726.75450063,4.547473508864641e-13,HOLD,UNKNOWN: metadata alignment only
ds004703,sub-SD019_ses-01_task-PassiveListen,sub-SD019,ses-01,60,s3003a-ex02,504,504,2,UNKNOWN,True,2772.53243139,4.547473508864641e-13,HOLD,UNKNOWN: metadata alignment only
ds004703,sub-SD019_ses-01_task-PassiveListen,sub-SD019,ses-01,61,s0305a-ex01,377,377,2,UNKNOWN,True,2823.58914867,4.547473508864641e-13,HOLD,UNKNOWN: metadata alignment only
ds004703,sub-SD019_ses-01_task-PassiveListen,sub-SD019,ses-01,62,s1702b-ex01,369,369,2,UNKNOWN,True,2875.39753269,4.547473508864641e-13,HOLD,UNKNOWN: metadata alignment only
ds004703,sub-SD019_ses-01_task-PassiveListen,sub-SD019,ses-01,63,s2302b-ex01,316,316,2,UNKNOWN,True,2924.16408653,4.547473508864641e-13,HOLD,UNKNOWN: metadata alignment only
ds004703,sub-SD021_ses-01_task-PassiveListen,sub-SD021,ses-01,0,welcome,20,20,2,UNKNOWN,True,116.85420290899988,5.968558980384842e-13,HOLD,UNKNOWN: metadata alignment only
ds004703,sub-SD021_ses-01_task-PassiveListen,sub-SD021,ses-01,1,instructions1,377,377,2,UNKNOWN,True,122.14825515099997,5.542233338928781e-13,HOLD,UNKNOWN: metadata alignment only
ds004703,sub-SD021_ses-01_task-PassiveListen,sub-SD021,ses-01,2,pleasePressSpace,31,31,2,UNKNOWN,True,176.832009602,5.115907697472721e-13,HOLD,UNKNOWN: metadata alignment only
ds004703,sub-SD021_ses-01_task-PassiveListen,sub-SD021,ses-01,3,instructions3,70,70,2,UNKNOWN,True,183.71607457500002,4.831690603168681e-13,HOLD,UNKNOWN: metadata alignment only
ds004703,sub-SD021_ses-01_task-PassiveListen,sub-SD021,ses-01,4,s2102a-ex01,295,295,2,UNKNOWN,True,191.58410735799998,2.842170943040401e-14,HOLD,UNKNOWN: metadata alignment only
ds004703,sub-SD021_ses-01_task-PassiveListen,sub-SD021,ses-01,5,s3602b-ex01,318,318,2,UNKNOWN,True,237.47397627499996,1.1368683772161603e-13,HOLD,UNKNOWN: metadata alignment only
ds004703,sub-SD021_ses-01_task-PassiveListen,sub-SD021,ses-01,6,s2301a-ex01,206,206,2,UNKNOWN,True,295.087282959,5.684341886080802e-14,HOLD,UNKNOWN: metadata alignment only
ds004703,sub-SD021_ses-01_task-PassiveListen,sub-SD021,ses-01,7,s3001b-ex01,485,485,2,UNKNOWN,True,331.588499981,5.684341886080802e-14,HOLD,UNKNOWN: metadata alignment only
ds004703,sub-SD021_ses-01_task-PassiveListen,sub-SD021,ses-01,8,s1303a-ex01,311,311,2,UNKNOWN,True,395.746305821,5.684341886080802e-14,HOLD,UNKNOWN: metadata alignment only
ds004703,sub-SD021_ses-01_task-PassiveListen,sub-SD021,ses-01,9,s1401a-ex01,415,415,2,UNKNOWN,True,445.473798455,5.684341886080802e-14,HOLD,UNKNOWN: metadata alignment only
ds004703,sub-SD021_ses-01_task-PassiveListen,sub-SD021,ses-01,10,s4002b-ex01,390,390,2,UNKNOWN,True,496.193565612,5.684341886080802e-14,HOLD,UNKNOWN: metadata alignment only
ds004703,sub-SD021_ses-01_task-PassiveListen,sub-SD021,ses-01,11,pleasePressSpace,31,31,2,UNKNOWN,True,544.82744197,4.547473508864641e-13,HOLD,UNKNOWN: metadata alignment only
ds004703,sub-SD021_ses-01_task-PassiveListen,sub-SD021,ses-01,12,catalan-m01,468,468,3,UNKNOWN,True,548.842531916,5.684341886080801e-13,HOLD,UNKNOWN: metadata alignment only
ds004703,sub-SD021_ses-01_task-PassiveListen,sub-SD021,ses-01,13,s1901b-ex01,406,406,2,UNKNOWN,True,610.001211273,1.1368683772161603e-13,HOLD,UNKNOWN: metadata alignment only
ds004703,sub-SD021_ses-01_task-PassiveListen,sub-SD021,ses-01,14,s2102a-ex02,373,373,2,UNKNOWN,True,673.361616816,1.1368683772161603e-13,HOLD,UNKNOWN: metadata alignment only
ds004703,sub-SD021_ses-01_task-PassiveListen,sub-SD021,ses-01,15,s0703b-ex01,419,419,2,UNKNOWN,True,721.874616735,1.1368683772161603e-13,HOLD,UNKNOWN: metadata alignment only
ds004703,sub-SD021_ses-01_task-PassiveListen,sub-SD021,ses-01,16,s3301a-ex01,255,255,2,UNKNOWN,True,773.248565749,1.1368683772161603e-13,HOLD,UNKNOWN: metadata alignment only
ds004703,sub-SD021_ses-01_task-PassiveListen,sub-SD021,ses-01,17,s1201a-ex01,437,437,2,UNKNOWN,True,810.016878625,1.1368683772161603e-13,HOLD,UNKNOWN: metadata alignment only
ds004703,sub-SD021_ses-01_task-PassiveListen,sub-SD021,ses-01,18,s2202b-ex02,444,444,2,UNKNOWN,True,856.6279418600001,1.1368683772161603e-13,HOLD,UNKNOWN: metadata alignment only
ds004703,sub-SD021_ses-01_task-PassiveListen,sub-SD021,ses-01,19,s3602b-ex02,288,288,2,UNKNOWN,True,927.827554641,1.1368683772161603e-13,HOLD,UNKNOWN: metadata alignment only
ds004703,sub-SD021_ses-01_task-PassiveListen,sub-SD021,ses-01,20,s4003b-ex01,305,305,2,UNKNOWN,True,975.807766763,1.1368683772161603e-13,HOLD,UNKNOWN: metadata alignment only
ds004703,sub-SD021_ses-01_task-PassiveListen,sub-SD021,ses-01,21,s3903b-ex01,301,301,2,UNKNOWN,True,1014.44781701,1.1368683772161603e-13,HOLD,UNKNOWN: metadata alignment only
ds004703,sub-SD021_ses-01_task-PassiveListen,sub-SD021,ses-01,22,pleasePressSpace,31,31,2,UNKNOWN,True,1053.4204109600012,5.6843418860808015e-12,HOLD,UNKNOWN: metadata alignment only
ds004703,sub-SD021_ses-01_task-PassiveListen,sub-SD021,ses-01,23,catalan-f01,428,428,3,UNKNOWN,True,1057.4357678999997,5.229594535194337e-12,HOLD,UNKNOWN: metadata alignment only
ds004703,sub-SD021_ses-01_task-PassiveListen,sub-SD021,ses-01,24,s3201a-ex01,1105,1105,2,UNKNOWN,True,1119.7382569000001,2.2737367544323206e-13,HOLD,UNKNOWN: metadata alignment only
ds004703,sub-SD021_ses-01_task-PassiveListen,sub-SD021,ses-01,25,s1501a-ex01,404,404,2,UNKNOWN,True,1210.34040765,2.2737367544323206e-13,HOLD,UNKNOWN: metadata alignment only
ds004703,sub-SD021_ses-01_task-PassiveListen,sub-SD021,ses-01,26,s3903b-ex02,325,325,2,UNKNOWN,True,1270.20875341,2.2737367544323206e-13,HOLD,UNKNOWN: metadata alignment only
ds004703,sub-SD021_ses-01_task-PassiveListen,sub-SD021,ses-01,27,s3301a-ex02,406,406,2,UNKNOWN,True,1317.34557313,2.2737367544323206e-13,HOLD,UNKNOWN: metadata alignment only
ds004703,sub-SD021_ses-01_task-PassiveListen,sub-SD021,ses-01,28,s1303a-ex02,211,211,2,UNKNOWN,True,1367.32912705,2.2737367544323206e-13,HOLD,UNKNOWN: metadata alignment only
ds004703,sub-SD021_ses-01_task-PassiveListen,sub-SD021,ses-01,29,pleasePressSpace,31,31,2,UNKNOWN,True,1413.7878812900012,5.6843418860808015e-12,HOLD,UNKNOWN: metadata alignment only
ds004703,sub-SD021_ses-01_task-PassiveListen,sub-SD021,ses-01,30,catalan-m02,451,451,3,UNKNOWN,True,1417.8030964199997,5.4569682106375694e-12,HOLD,UNKNOWN: metadata alignment only
ds004703,sub-SD021_ses-01_task-PassiveListen,sub-SD021,ses-01,31,s1401a-ex02,434,434,2,UNKNOWN,True,1481.90554291,2.2737367544323206e-13,HOLD,UNKNOWN: metadata alignment only
ds004703,sub-SD021_ses-01_task-PassiveListen,sub-SD021,ses-01,32,s1001a-ex01,541,541,2,UNKNOWN,True,1531.395115,2.2737367544323206e-13,HOLD,UNKNOWN: metadata alignment only
ds004703,sub-SD021_ses-01_task-PassiveListen,sub-SD021,ses-01,33,s3703b-ex01,408,408,2,UNKNOWN,True,1586.24056128,2.2737367544323206e-13,HOLD,UNKNOWN: metadata alignment only
ds004703,sub-SD021_ses-01_task-PassiveListen,sub-SD021,ses-01,34,s3802a-ex01,362,362,2,UNKNOWN,True,1647.79198623,2.2737367544323206e-13,HOLD,UNKNOWN: metadata alignment only
ds004703,sub-SD021_ses-01_task-PassiveListen,sub-SD021,ses-01,35,pleasePressSpace,31,31,2,UNKNOWN,True,1696.4278868300012,5.6843418860808015e-12,HOLD,UNKNOWN: metadata alignment only
ds004703,sub-SD021_ses-01_task-PassiveListen,sub-SD021,ses-01,36,catalan-f02,437,437,3,UNKNOWN,True,1700.4416722500007,5.6843418860808015e-12,HOLD,UNKNOWN: metadata alignment only
ds004703,sub-SD021_ses-01_task-PassiveListen,sub-SD021,ses-01,37,s2801a-ex01,743,743,2,UNKNOWN,True,1755.51040364,2.2737367544323206e-13,HOLD,UNKNOWN: metadata alignment only
ds004703,sub-SD021_ses-01_task-PassiveListen,sub-SD021,ses-01,38,s0202b-ex01,671,671,2,UNKNOWN,True,1827.51004979,2.2737367544323206e-13,HOLD,UNKNOWN: metadata alignment only
ds004703,sub-SD021_ses-01_task-PassiveListen,sub-SD021,ses-01,39,s3102b-ex01,159,159,2,UNKNOWN,True,1906.97736444,2.2737367544323206e-13,HOLD,UNKNOWN: metadata alignment only
ds004703,sub-SD021_ses-01_task-PassiveListen,sub-SD021,ses-01,40,s3902a-ex01,312,312,2,UNKNOWN,True,1940.60866624,2.2737367544323206e-13,HOLD,UNKNOWN: metadata alignment only
ds004703,sub-SD021_ses-01_task-PassiveListen,sub-SD021,ses-01,41,s2102a-ex03,346,346,2,UNKNOWN,True,1986.91544106,2.2737367544323206e-13,HOLD,UNKNOWN: metadata alignment only
ds004703,sub-SD021_ses-01_task-PassiveListen,sub-SD021,ses-01,42,s1604a-ex01,539,539,2,UNKNOWN,True,2051.33214565,4.547473508864641e-13,HOLD,UNKNOWN: metadata alignment only
ds004703,sub-SD021_ses-01_task-PassiveListen,sub-SD021,ses-01,43,s0702a-ex01,370,370,2,UNKNOWN,True,2113.55400922,4.547473508864641e-13,HOLD,UNKNOWN: metadata alignment only
ds004703,sub-SD021_ses-01_task-PassiveListen,sub-SD021,ses-01,44,s1703b-ex01,431,431,2,UNKNOWN,True,2161.3957389,4.547473508864641e-13,HOLD,UNKNOWN: metadata alignment only
ds004703,sub-SD021_ses-01_task-PassiveListen,sub-SD021,ses-01,45,s0802b-ex01,328,328,2,UNKNOWN,True,2236.40221121,4.547473508864641e-13,HOLD,UNKNOWN: metadata alignment only
ds004703,sub-SD021_ses-01_task-PassiveListen,sub-SD021,ses-01,46,s1401b-ex01,664,664,2,UNKNOWN,True,2280.46805864,4.547473508864641e-13,HOLD,UNKNOWN: metadata alignment only
ds004703,sub-SD021_ses-01_task-PassiveListen,sub-SD021,ses-01,47,s3003a-ex01,371,371,2,UNKNOWN,True,2348.48190563,4.547473508864641e-13,HOLD,UNKNOWN: metadata alignment only
ds004703,sub-SD021_ses-01_task-PassiveListen,sub-SD021,ses-01,48,s1202b-ex01,417,417,2,UNKNOWN,True,2396.53086677,4.547473508864641e-13,HOLD,UNKNOWN: metadata alignment only
ds004703,sub-SD021_ses-01_task-PassiveListen,sub-SD021,ses-01,49,s1503a-ex01,430,430,2,UNKNOWN,True,2446.23673763,4.547473508864641e-13,HOLD,UNKNOWN: metadata alignment only
ds004703,sub-SD021_ses-01_task-PassiveListen,sub-SD021,ses-01,50,s1103a-ex01,443,443,2,UNKNOWN,True,2475.50924091,4.547473508864641e-13,HOLD,UNKNOWN: metadata alignment only
ds004703,sub-SD021_ses-01_task-PassiveListen,sub-SD021,ses-01,51,s0203b-ex01,505,505,2,UNKNOWN,True,2549.23557413,4.547473508864641e-13,HOLD,UNKNOWN: metadata alignment only
ds004703,sub-SD021_ses-01_task-PassiveListen,sub-SD021,ses-01,52,pleasePressSpace,31,31,2,UNKNOWN,True,2606.9399296800016,6.366462912410498e-12,HOLD,UNKNOWN: metadata alignment only
ds004703,sub-SD021_ses-01_task-PassiveListen,sub-SD021,ses-01,53,catalan-m03,488,488,3,UNKNOWN,True,2610.9557771599993,5.4569682106375694e-12,HOLD,UNKNOWN: metadata alignment only
ds004703,sub-SD021_ses-01_task-PassiveListen,sub-SD021,ses-01,54,s0305a-ex01,377,377,2,UNKNOWN,True,2675.6176408,4.547473508864641e-13,HOLD,UNKNOWN: metadata alignment only
ds004703,sub-SD021_ses-01_task-PassiveListen,sub-SD021,ses-01,55,s2302b-ex01,316,316,2,UNKNOWN,True,2733.5713576900002,4.547473508864641e-13,HOLD,UNKNOWN: metadata alignment only
ds004703,sub-SD021_ses-01_task-PassiveListen,sub-SD021,ses-01,56,s3801a-ex01,350,350,2,UNKNOWN,True,2782.22516015,4.547473508864641e-13,HOLD,UNKNOWN: metadata alignment only
ds004703,sub-SD021_ses-01_task-PassiveListen,sub-SD021,ses-01,57,s1503a-ex02,328,328,2,UNKNOWN,True,2832.1362803800002,4.547473508864641e-13,HOLD,UNKNOWN: metadata alignment only
ds004703,sub-SD021_ses-01_task-PassiveListen,sub-SD021,ses-01,58,pleasePressSpace,31,31,2,UNKNOWN,True,2874.298946390001,5.9117155615240335e-12,HOLD,UNKNOWN: metadata alignment only
ds004703,sub-SD021_ses-01_task-PassiveListen,sub-SD021,ses-01,59,catalan-f03,515,515,3,UNKNOWN,True,2878.31567172,5.002220859751105e-12,HOLD,UNKNOWN: metadata alignment only
ds004703,sub-SD021_ses-01_task-PassiveListen,sub-SD021,ses-01,60,s1702b-ex01,369,369,2,UNKNOWN,True,2941.68264282,4.547473508864641e-13,HOLD,UNKNOWN: metadata alignment only
ds004703,sub-SD021_ses-01_task-PassiveListen,sub-SD021,ses-01,61,s3003a-ex02,504,504,2,UNKNOWN,True,2996.83578675,4.547473508864641e-13,HOLD,UNKNOWN: metadata alignment only
ds004703,sub-SD021_ses-01_task-PassiveListen,sub-SD021,ses-01,62,s0901b-ex01,311,311,2,UNKNOWN,True,3053.77696067,4.547473508864641e-13,HOLD,UNKNOWN: metadata alignment only
ds004703,sub-SD021_ses-01_task-PassiveListen,sub-SD021,ses-01,63,s1203a-ex01,373,373,2,UNKNOWN,True,3106.16120078,4.547473508864641e-13,HOLD,UNKNOWN: metadata alignment only
ds004703,sub-SD022_ses-01_task-PassiveListen,sub-SD022,ses-01,0,welcome,20,20,2,UNKNOWN,True,69.6771880627,7.105427357601002e-14,HOLD,UNKNOWN: metadata alignment only
ds004703,sub-SD022_ses-01_task-PassiveListen,sub-SD022,ses-01,1,instructions1,377,377,2,UNKNOWN,True,79.2117522079,5.258016244624741e-13,HOLD,UNKNOWN: metadata alignment only
ds004703,sub-SD022_ses-01_task-PassiveListen,sub-SD022,ses-01,2,pleasePressSpace,31,31,2,UNKNOWN,True,132.24617583399998,4.831690603168681e-13,HOLD,UNKNOWN: metadata alignment only
ds004703,sub-SD022_ses-01_task-PassiveListen,sub-SD022,ses-01,3,instructions3,70,70,2,UNKNOWN,True,137.94667219900003,4.831690603168681e-13,HOLD,UNKNOWN: metadata alignment only
ds004703,sub-SD022_ses-01_task-PassiveListen,sub-SD022,ses-01,4,pleasePressSpace,31,31,2,UNKNOWN,True,145.96764021799999,4.831690603168681e-13,HOLD,UNKNOWN: metadata alignment only
ds004703,sub-SD022_ses-01_task-PassiveListen,sub-SD022,ses-01,5,catalan-m01,468,468,3,UNKNOWN,True,149.98051305299998,5.115907697472721e-13,HOLD,UNKNOWN: metadata alignment only
ds004703,sub-SD022_ses-01_task-PassiveListen,sub-SD022,ses-01,6,s2102a-ex01,295,295,2,UNKNOWN,True,214.25556967,5.684341886080802e-14,HOLD,UNKNOWN: metadata alignment only
ds004703,sub-SD022_ses-01_task-PassiveListen,sub-SD022,ses-01,7,s4002b-ex01,390,390,2,UNKNOWN,True,263.391628531,5.684341886080802e-14,HOLD,UNKNOWN: metadata alignment only
ds004703,sub-SD022_ses-01_task-PassiveListen,sub-SD022,ses-01,8,s1303a-ex01,311,311,2,UNKNOWN,True,308.67148630500003,5.684341886080802e-14,HOLD,UNKNOWN: metadata alignment only
ds004703,sub-SD022_ses-01_task-PassiveListen,sub-SD022,ses-01,9,s2301a-ex01,206,206,2,UNKNOWN,True,360.205934458,5.684341886080802e-14,HOLD,UNKNOWN: metadata alignment only
ds004703,sub-SD022_ses-01_task-PassiveListen,sub-SD022,ses-01,10,s3001b-ex01,485,485,2,UNKNOWN,True,392.258324613,5.684341886080802e-14,HOLD,UNKNOWN: metadata alignment only
ds004703,sub-SD022_ses-01_task-PassiveListen,sub-SD022,ses-01,11,s3602b-ex01,318,318,2,UNKNOWN,True,452.4651655469999,1.7053025658242404e-13,HOLD,UNKNOWN: metadata alignment only
ds004703,sub-SD022_ses-01_task-PassiveListen,sub-SD022,ses-01,12,s1401a-ex01,415,415,2,UNKNOWN,True,500.448643555,5.684341886080802e-14,HOLD,UNKNOWN: metadata alignment only
ds004703,sub-SD022_ses-01_task-PassiveListen,sub-SD022,ses-01,13,s1901b-ex01,406,406,2,UNKNOWN,True,545.215035503,1.1368683772161603e-13,HOLD,UNKNOWN: metadata alignment only
ds004703,sub-SD022_ses-01_task-PassiveListen,sub-SD022,ses-01,14,s3602b-ex02,288,288,2,UNKNOWN,True,606.90520013,1.1368683772161603e-13,HOLD,UNKNOWN: metadata alignment only
ds004703,sub-SD022_ses-01_task-PassiveListen,sub-SD022,ses-01,15,s2102a-ex02,373,373,2,UNKNOWN,True,651.393734275,1.1368683772161603e-13,HOLD,UNKNOWN: metadata alignment only
ds004703,sub-SD022_ses-01_task-PassiveListen,sub-SD022,ses-01,16,s2202b-ex02,444,444,2,UNKNOWN,True,696.3084071870001,1.1368683772161603e-13,HOLD,UNKNOWN: metadata alignment only
ds004703,sub-SD022_ses-01_task-PassiveListen,sub-SD022,ses-01,17,s1201a-ex01,437,437,2,UNKNOWN,True,763.298877686,1.1368683772161603e-13,HOLD,UNKNOWN: metadata alignment only
ds004703,sub-SD022_ses-01_task-PassiveListen,sub-SD022,ses-01,18,s0703b-ex01,419,419,2,UNKNOWN,True,808.738010647,1.1368683772161603e-13,HOLD,UNKNOWN: metadata alignment only
ds004703,sub-SD022_ses-01_task-PassiveListen,sub-SD022,ses-01,19,s3903b-ex01,301,301,2,UNKNOWN,True,856.736948833,1.1368683772161603e-13,HOLD,UNKNOWN: metadata alignment only
ds004703,sub-SD022_ses-01_task-PassiveListen,sub-SD022,ses-01,20,s4003b-ex01,305,305,2,UNKNOWN,True,897.551685515,1.1368683772161603e-13,HOLD,UNKNOWN: metadata alignment only
ds004703,sub-SD022_ses-01_task-PassiveListen,sub-SD022,ses-01,21,s3301a-ex01,255,255,2,UNKNOWN,True,934.735985893,1.1368683772161603e-13,HOLD,UNKNOWN: metadata alignment only
ds004703,sub-SD022_ses-01_task-PassiveListen,sub-SD022,ses-01,22,pleasePressSpace,31,31,2,UNKNOWN,True,972.2495942830001,5.684341886080801e-13,HOLD,UNKNOWN: metadata alignment only
ds004703,sub-SD022_ses-01_task-PassiveListen,sub-SD022,ses-01,23,catalan-f01,428,428,3,UNKNOWN,True,976.2627977219998,5.229594535194337e-12,HOLD,UNKNOWN: metadata alignment only
ds004703,sub-SD022_ses-01_task-PassiveListen,sub-SD022,ses-01,24,s3201a-ex01,1105,1105,2,UNKNOWN,True,1232.33843614,2.2737367544323206e-13,HOLD,UNKNOWN: metadata alignment only
ds004703,sub-SD022_ses-01_task-PassiveListen,sub-SD022,ses-01,25,s3703b-ex01,408,408,2,UNKNOWN,True,1320.32279405,2.2737367544323206e-13,HOLD,UNKNOWN: metadata alignment only
ds004703,sub-SD022_ses-01_task-PassiveListen,sub-SD022,ses-01,26,s1001a-ex01,541,541,2,UNKNOWN,True,1374.80394225,2.2737367544323206e-13,HOLD,UNKNOWN: metadata alignment only
ds004703,sub-SD022_ses-01_task-PassiveListen,sub-SD022,ses-01,27,pleasePressSpace,31,31,2,UNKNOWN,True,1425.4045964100012,5.6843418860808015e-12,HOLD,UNKNOWN: metadata alignment only
ds004703,sub-SD022_ses-01_task-PassiveListen,sub-SD022,ses-01,28,catalan-m02,451,451,3,UNKNOWN,True,1429.4199219399998,5.4569682106375694e-12,HOLD,UNKNOWN: metadata alignment only
ds004703,sub-SD022_ses-01_task-PassiveListen,sub-SD022,ses-01,29,s1401a-ex02,434,434,2,UNKNOWN,True,1490.03462367,2.2737367544323206e-13,HOLD,UNKNOWN: metadata alignment only
ds004703,sub-SD022_ses-01_task-PassiveListen,sub-SD022,ses-01,30,s3301a-ex02,406,406,2,UNKNOWN,True,1538.14720791,2.2737367544323206e-13,HOLD,UNKNOWN: metadata alignment only
ds004703,sub-SD022_ses-01_task-PassiveListen,sub-SD022,ses-01,31,s3903b-ex02,325,325,2,UNKNOWN,True,1584.70645285,2.2737367544323206e-13,HOLD,UNKNOWN: metadata alignment only
ds004703,sub-SD022_ses-01_task-PassiveListen,sub-SD022,ses-01,32,s1501a-ex01,404,404,2,UNKNOWN,True,1628.37173408,2.2737367544323206e-13,HOLD,UNKNOWN: metadata alignment only
ds004703,sub-SD022_ses-01_task-PassiveListen,sub-SD022,ses-01,33,s1303a-ex02,211,211,2,UNKNOWN,True,1682.88196132,2.2737367544323206e-13,HOLD,UNKNOWN: metadata alignment only
ds004703,sub-SD022_ses-01_task-PassiveListen,sub-SD022,ses-01,34,s3802a-ex01,362,362,2,UNKNOWN,True,1737.00154392,2.2737367544323206e-13,HOLD,UNKNOWN: metadata alignment only
ds004703,sub-SD022_ses-01_task-PassiveListen,sub-SD022,ses-01,35,s0202b-ex01,671,671,2,UNKNOWN,True,1783.2382158,2.2737367544323206e-13,HOLD,UNKNOWN: metadata alignment only
ds004703,sub-SD022_ses-01_task-PassiveListen,sub-SD022,ses-01,36,pleasePressSpace,31,31,2,UNKNOWN,True,1849.9808520900012,5.6843418860808015e-12,HOLD,UNKNOWN: metadata alignment only
ds004703,sub-SD022_ses-01_task-PassiveListen,sub-SD022,ses-01,37,catalan-f02,437,437,3,UNKNOWN,True,1853.9942509800007,5.6843418860808015e-12,HOLD,UNKNOWN: metadata alignment only
ds004703,sub-SD022_ses-01_task-PassiveListen,sub-SD022,ses-01,38,s3102b-ex01,159,159,2,UNKNOWN,True,1903.36151654,2.2737367544323206e-13,HOLD,UNKNOWN: metadata alignment only
ds004703,sub-SD022_ses-01_task-PassiveListen,sub-SD022,ses-01,39,s2801a-ex01,743,743,2,UNKNOWN,True,1932.99819471,2.2737367544323206e-13,HOLD,UNKNOWN: metadata alignment only
ds004703,sub-SD022_ses-01_task-PassiveListen,sub-SD022,ses-01,40,s0702a-ex01,370,370,2,UNKNOWN,True,2003.0742590300001,2.2737367544323206e-13,HOLD,UNKNOWN: metadata alignment only
ds004703,sub-SD022_ses-01_task-PassiveListen,sub-SD022,ses-01,41,s2102a-ex03,346,346,2,UNKNOWN,True,2044.45303874,2.2737367544323206e-13,HOLD,UNKNOWN: metadata alignment only
ds004703,sub-SD022_ses-01_task-PassiveListen,sub-SD022,ses-01,42,s3902a-ex01,312,312,2,UNKNOWN,True,2097.79367388,4.547473508864641e-13,HOLD,UNKNOWN: metadata alignment only
ds004703,sub-SD022_ses-01_task-PassiveListen,sub-SD022,ses-01,43,s1604a-ex01,539,539,2,UNKNOWN,True,2141.39766242,4.547473508864641e-13,HOLD,UNKNOWN: metadata alignment only
ds004703,sub-SD022_ses-01_task-PassiveListen,sub-SD022,ses-01,44,s1401b-ex01,664,664,2,UNKNOWN,True,2224.18985523,4.547473508864641e-13,HOLD,UNKNOWN: metadata alignment only
ds004703,sub-SD022_ses-01_task-PassiveListen,sub-SD022,ses-01,45,s1202b-ex01,417,417,2,UNKNOWN,True,2288.83553761,4.547473508864641e-13,HOLD,UNKNOWN: metadata alignment only
ds004703,sub-SD022_ses-01_task-PassiveListen,sub-SD022,ses-01,46,pleasePressSpace,31,31,2,UNKNOWN,True,2332.6714017400013,6.366462912410498e-12,HOLD,UNKNOWN: metadata alignment only
ds004703,sub-SD022_ses-01_task-PassiveListen,sub-SD022,ses-01,47,catalan-m03,488,488,3,UNKNOWN,True,2336.6852352099995,5.4569682106375694e-12,HOLD,UNKNOWN: metadata alignment only
ds004703,sub-SD022_ses-01_task-PassiveListen,sub-SD022,ses-01,48,s1503a-ex01,430,430,2,UNKNOWN,True,2393.47249503,4.547473508864641e-13,HOLD,UNKNOWN: metadata alignment only
ds004703,sub-SD022_ses-01_task-PassiveListen,sub-SD022,ses-01,49,s3003a-ex01,371,371,2,UNKNOWN,True,2419.58828617,4.547473508864641e-13,HOLD,UNKNOWN: metadata alignment only
ds004703,sub-SD022_ses-01_task-PassiveListen,sub-SD022,ses-01,50,s1703b-ex01,431,431,2,UNKNOWN,True,2461.57504108,4.547473508864641e-13,HOLD,UNKNOWN: metadata alignment only
ds004703,sub-SD022_ses-01_task-PassiveListen,sub-SD022,ses-01,51,s0802b-ex01,328,328,2,UNKNOWN,True,2525.15389458,4.547473508864641e-13,HOLD,UNKNOWN: metadata alignment only
ds004703,sub-SD022_ses-01_task-PassiveListen,sub-SD022,ses-01,52,s1103a-ex01,443,443,2,UNKNOWN,True,2566.32711361,4.547473508864641e-13,HOLD,UNKNOWN: metadata alignment only
ds004703,sub-SD022_ses-01_task-PassiveListen,sub-SD022,ses-01,53,s0203b-ex01,505,505,2,UNKNOWN,True,2630.5507445499998,4.547473508864641e-13,HOLD,UNKNOWN: metadata alignment only
ds004703,sub-SD022_ses-01_task-PassiveListen,sub-SD022,ses-01,54,s3003a-ex02,504,504,2,UNKNOWN,True,2705.9963115,4.547473508864641e-13,HOLD,UNKNOWN: metadata alignment only
ds004703,sub-SD022_ses-01_task-PassiveListen,sub-SD022,ses-01,55,s0305a-ex01,377,377,2,UNKNOWN,True,2760.19804673,4.547473508864641e-13,HOLD,UNKNOWN: metadata alignment only
ds004703,sub-SD022_ses-01_task-PassiveListen,sub-SD022,ses-01,56,s2302b-ex01,316,316,2,UNKNOWN,True,2821.06023547,4.547473508864641e-13,HOLD,UNKNOWN: metadata alignment only
ds004703,sub-SD022_ses-01_task-PassiveListen,sub-SD022,ses-01,57,s0901b-ex01,311,311,2,UNKNOWN,True,2867.22104742,4.547473508864641e-13,HOLD,UNKNOWN: metadata alignment only
ds004703,sub-SD022_ses-01_task-PassiveListen,sub-SD022,ses-01,58,s1203a-ex01,373,373,2,UNKNOWN,True,2914.7093564799998,4.547473508864641e-13,HOLD,UNKNOWN: metadata alignment only
ds004703,sub-SD022_ses-01_task-PassiveListen,sub-SD022,ses-01,59,s1702b-ex01,369,369,2,UNKNOWN,True,2958.58180338,4.547473508864641e-13,HOLD,UNKNOWN: metadata alignment only
ds004703,sub-SD022_ses-01_task-PassiveListen,sub-SD022,ses-01,60,s1503a-ex02,328,328,2,UNKNOWN,True,3011.81810046,4.547473508864641e-13,HOLD,UNKNOWN: metadata alignment only
ds004703,sub-SD022_ses-01_task-PassiveListen,sub-SD022,ses-01,61,pleasePressSpace,31,31,2,UNKNOWN,True,3049.0873234800015,5.9117155615240335e-12,HOLD,UNKNOWN: metadata alignment only
ds004703,sub-SD022_ses-01_task-PassiveListen,sub-SD022,ses-01,62,catalan-f03,515,515,3,UNKNOWN,True,3053.10261759,5.4569682106375694e-12,HOLD,UNKNOWN: metadata alignment only
ds004703,sub-SD022_ses-01_task-PassiveListen,sub-SD022,ses-01,63,s3801a-ex01,350,350,2,UNKNOWN,True,3114.69208616,4.547473508864641e-13,HOLD,UNKNOWN: metadata alignment only
