dataset,recording,item,reason
ds004703,sub-SD010_ses-01_task-PassiveListen,C3,README unused C-prefix channel; exclude at S06
ds004703,sub-SD010_ses-01_task-PassiveListen,Cz,README unused C-prefix channel; exclude at S06
ds004703,sub-SD010_ses-01_task-PassiveListen,C4,README unused C-prefix channel; exclude at S06
ds004703,sub-SD010_ses-01_task-PassiveListen,C136,README unused C-prefix channel; exclude at S06
ds004703,sub-SD010_ses-01_task-PassiveListen,C137,README unused C-prefix channel; exclude at S06
ds004703,sub-SD010_ses-01_task-PassiveListen,C138,README unused C-prefix channel; exclude at S06
ds004703,sub-SD010_ses-01_task-PassiveListen,C139,README unused C-prefix channel; exclude at S06
ds004703,sub-SD010_ses-01_task-PassiveListen,C140,README unused C-prefix channel; exclude at S06
ds004703,sub-SD010_ses-01_task-PassiveListen,C141,README unused C-prefix channel; exclude at S06
ds004703,sub-SD010_ses-01_task-PassiveListen,C142,README unused C-prefix channel; exclude at S06
ds004703,sub-SD010_ses-01_task-PassiveListen,C143,README unused C-prefix channel; exclude at S06
ds004703,sub-SD010_ses-01_task-PassiveListen,C144,README unused C-prefix channel; exclude at S06
ds004703,sub-SD010_ses-01_task-PassiveListen,C145,README unused C-prefix channel; exclude at S06
ds004703,sub-SD010_ses-01_task-PassiveListen,C146,README unused C-prefix channel; exclude at S06
ds004703,sub-SD010_ses-01_task-PassiveListen,C147,README unused C-prefix channel; exclude at S06
ds004703,sub-SD010_ses-01_task-PassiveListen,C148,README unused C-prefix channel; exclude at S06
ds004703,sub-SD010_ses-01_task-PassiveListen,C149,README unused C-prefix channel; exclude at S06
ds004703,sub-SD010_ses-01_task-PassiveListen,C150,README unused C-prefix channel; exclude at S06
ds004703,sub-SD010_ses-01_task-PassiveListen,C151,README unused C-prefix channel; exclude at S06
ds004703,sub-SD010_ses-01_task-PassiveListen,C152,README unused C-prefix channel; exclude at S06
ds004703,sub-SD010_ses-01_task-PassiveListen,C153,README unused C-prefix channel; exclude at S06
ds004703,sub-SD010_ses-01_task-PassiveListen,C154,README unused C-prefix channel; exclude at S06
ds004703,sub-SD010_ses-01_task-PassiveListen,C155,README unused C-prefix channel; exclude at S06
ds004703,sub-SD010_ses-01_task-PassiveListen,C156,README unused C-prefix channel; exclude at S06
ds004703,sub-SD010_ses-01_task-PassiveListen,C157,README unused C-prefix channel; exclude at S06
ds004703,sub-SD010_ses-01_task-PassiveListen,C158,README unused C-prefix channel; exclude at S06
ds004703,sub-SD010_ses-01_task-PassiveListen,C159,README unused C-prefix channel; exclude at S06
ds004703,sub-SD010_ses-01_task-PassiveListen,C160,README unused C-prefix channel; exclude at S06
ds004703,sub-SD010_ses-01_task-PassiveListen,C161,README unused C-prefix channel; exclude at S06
ds004703,sub-SD010_ses-01_task-PassiveListen,C162,README unused C-prefix channel; exclude at S06
ds004703,sub-SD010_ses-01_task-PassiveListen,C163,README unused C-prefix channel; exclude at S06
ds004703,sub-SD010_ses-01_task-PassiveListen,C164,README unused C-prefix channel; exclude at S06
ds004703,sub-SD010_ses-01_task-PassiveListen,C165,README unused C-prefix channel; exclude at S06
ds004703,sub-SD010_ses-01_task-PassiveListen,C166,README unused C-prefix channel; exclude at S06
ds004703,sub-SD010_ses-01_task-PassiveListen,C167,README unused C-prefix channel; exclude at S06
ds004703,sub-SD010_ses-01_task-PassiveListen,C168,README unused C-prefix channel; exclude at S06
ds004703,sub-SD010_ses-01_task-PassiveListen,C169,README unused C-prefix channel; exclude at S06
ds004703,sub-SD010_ses-01_task-PassiveListen,C170,README unused C-prefix channel; exclude at S06
ds004703,sub-SD010_ses-01_task-PassiveListen,C171,README unused C-prefix channel; exclude at S06
ds004703,sub-SD010_ses-01_task-PassiveListen,C172,README unused C-prefix channel; exclude at S06
ds004703,sub-SD010_ses-01_task-PassiveListen,C173,README unused C-prefix channel; exclude at S06
ds004703,sub-SD010_ses-01_task-PassiveListen,C174,README unused C-prefix channel; exclude at S06
ds004703,sub-SD010_ses-01_task-PassiveListen,C175,README unused C-prefix channel; exclude at S06
ds004703,sub-SD010_ses-01_task-PassiveListen,C176,README unused C-prefix channel; exclude at S06
ds004703,sub-SD010_ses-01_task-PassiveListen,C177,README unused C-prefix channel; exclude at S06
ds004703,sub-SD010_ses-01_task-PassiveListen,C178,README unused C-prefix channel; exclude at S06
ds004703,sub-SD010_ses-01_task-PassiveListen,C179,README unused C-prefix channel; exclude at S06
ds004703,sub-SD010_ses-01_task-PassiveListen,C180,README unused C-prefix channel; exclude at S06
ds004703,sub-SD010_ses-01_task-PassiveListen,C181,README unused C-prefix channel; exclude at S06
ds004703,sub-SD010_ses-01_task-PassiveListen,C182,README unused C-prefix channel; exclude at S06
ds004703,sub-SD010_ses-01_task-PassiveListen,C183,README unused C-prefix channel; exclude at S06
ds004703,sub-SD010_ses-01_task-PassiveListen,C184,README unused C-prefix channel; exclude at S06
ds004703,sub-SD010_ses-01_task-PassiveListen,C185,README unused C-prefix channel; exclude at S06
ds004703,sub-SD010_ses-01_task-PassiveListen,C186,README unused C-prefix channel; exclude at S06
ds004703,sub-SD010_ses-01_task-PassiveListen,C187,README unused C-prefix channel; exclude at S06
ds004703,sub-SD010_ses-01_task-PassiveListen,C188,README unused C-prefix channel; exclude at S06
ds004703,sub-SD010_ses-01_task-PassiveListen,C189,README unused C-prefix channel; exclude at S06
ds004703,sub-SD010_ses-01_task-PassiveListen,C190,README unused C-prefix channel; exclude at S06
ds004703,sub-SD010_ses-01_task-PassiveListen,C191,README unused C-prefix channel; exclude at S06
ds004703,sub-SD010_ses-01_task-PassiveListen,C192,README unused C-prefix channel; exclude at S06
ds004703,sub-SD010_ses-01_task-PassiveListen,C193,README unused C-prefix channel; exclude at S06
ds004703,sub-SD010_ses-01_task-PassiveListen,C194,README unused C-prefix channel; exclude at S06
ds004703,sub-SD010_ses-01_task-PassiveListen,C195,README unused C-prefix channel; exclude at S06
ds004703,sub-SD010_ses-01_task-PassiveListen,C196,README unused C-prefix channel; exclude at S06
ds004703,sub-SD010_ses-01_task-PassiveListen,C197,README unused C-prefix channel; exclude at S06
ds004703,sub-SD010_ses-01_task-PassiveListen,C198,README unused C-prefix channel; exclude at S06
ds004703,sub-SD010_ses-01_task-PassiveListen,C199,README unused C-prefix channel; exclude at S06
ds004703,sub-SD010_ses-01_task-PassiveListen,C200,README unused C-prefix channel; exclude at S06
ds004703,sub-SD010_ses-01_task-PassiveListen,C201,README unused C-prefix channel; exclude at S06
ds004703,sub-SD010_ses-01_task-PassiveListen,C202,README unused C-prefix channel; exclude at S06
ds004703,sub-SD010_ses-01_task-PassiveListen,C203,README unused C-prefix channel; exclude at S06
ds004703,sub-SD010_ses-01_task-PassiveListen,C204,README unused C-prefix channel; exclude at S06
ds004703,sub-SD010_ses-01_task-PassiveListen,C205,README unused C-prefix channel; exclude at S06
ds004703,sub-SD010_ses-01_task-PassiveListen,C206,README unused C-prefix channel; exclude at S06
ds004703,sub-SD010_ses-01_task-PassiveListen,C207,README unused C-prefix channel; exclude at S06
ds004703,sub-SD010_ses-01_task-PassiveListen,C208,README unused C-prefix channel; exclude at S06
ds004703,sub-SD010_ses-01_task-PassiveListen,C209,README unused C-prefix channel; exclude at S06
ds004703,sub-SD010_ses-01_task-PassiveListen,C210,README unused C-prefix channel; exclude at S06
ds004703,sub-SD010_ses-01_task-PassiveListen,C211,README unused C-prefix channel; exclude at S06
ds004703,sub-SD010_ses-01_task-PassiveListen,C212,README unused C-prefix channel; exclude at S06
ds004703,sub-SD010_ses-01_task-PassiveListen,C213,README unused C-prefix channel; exclude at S06
ds004703,sub-SD010_ses-01_task-PassiveListen,C214,README unused C-prefix channel; exclude at S06
ds004703,sub-SD010_ses-01_task-PassiveListen,C215,README unused C-prefix channel; exclude at S06
ds004703,sub-SD010_ses-01_task-PassiveListen,C216,README unused C-prefix channel; exclude at S06
ds004703,sub-SD010_ses-01_task-PassiveListen,C217,README unused C-prefix channel; exclude at S06
ds004703,sub-SD010_ses-01_task-PassiveListen,C218,README unused C-prefix channel; exclude at S06
ds004703,sub-SD010_ses-01_task-PassiveListen,C219,README unused C-prefix channel; exclude at S06
ds004703,sub-SD010_ses-01_task-PassiveListen,C220,README unused C-prefix channel; exclude at S06
ds004703,sub-SD010_ses-01_task-PassiveListen,C221,README unused C-prefix channel; exclude at S06
ds004703,sub-SD010_ses-01_task-PassiveListen,C222,README unused C-prefix channel; exclude at S06
ds004703,sub-SD010_ses-01_task-PassiveListen,C223,README unused C-prefix channel; exclude at S06
ds004703,sub-SD010_ses-01_task-PassiveListen,C224,README unused C-prefix channel; exclude at S06
ds004703,sub-SD010_ses-01_task-PassiveListen,C225,README unused C-prefix channel; exclude at S06
ds004703,sub-SD010_ses-01_task-PassiveListen,C226,README unused C-prefix channel; exclude at S06
ds004703,sub-SD010_ses-01_task-PassiveListen,C227,README unused C-prefix channel; exclude at S06
ds004703,sub-SD010_ses-01_task-PassiveListen,C228,README unused C-prefix channel; exclude at S06
ds004703,sub-SD010_ses-01_task-PassiveListen,C229,README unused C-prefix channel; exclude at S06
ds004703,sub-SD010_ses-01_task-PassiveListen,C230,README unused C-prefix channel; exclude at S06
ds004703,sub-SD010_ses-01_task-PassiveListen,C231,README unused C-prefix channel; exclude at S06
ds004703,sub-SD010_ses-01_task-PassiveListen,C232,README unused C-prefix channel; exclude at S06
ds004703,sub-SD010_ses-01_task-PassiveListen,C233,README unused C-prefix channel; exclude at S06
ds004703,sub-SD010_ses-01_task-PassiveListen,C234,README unused C-prefix channel; exclude at S06
ds004703,sub-SD010_ses-01_task-PassiveListen,C235,README unused C-prefix channel; exclude at S06
ds004703,sub-SD010_ses-01_task-PassiveListen,C236,README unused C-prefix channel; exclude at S06
ds004703,sub-SD010_ses-01_task-PassiveListen,C237,README unused C-prefix channel; exclude at S06
ds004703,sub-SD010_ses-01_task-PassiveListen,C238,README unused C-prefix channel; exclude at S06
ds004703,sub-SD010_ses-01_task-PassiveListen,C239,README unused C-prefix channel; exclude at S06
ds004703,sub-SD010_ses-01_task-PassiveListen,C240,README unused C-prefix channel; exclude at S06
ds004703,sub-SD010_ses-01_task-PassiveListen,C241,README unused C-prefix channel; exclude at S06
ds004703,sub-SD010_ses-01_task-PassiveListen,C242,README unused C-prefix channel; exclude at S06
ds004703,sub-SD010_ses-01_task-PassiveListen,C243,README unused C-prefix channel; exclude at S06
ds004703,sub-SD010_ses-01_task-PassiveListen,C244,README unused C-prefix channel; exclude at S06
ds004703,sub-SD010_ses-01_task-PassiveListen,C245,README unused C-prefix channel; exclude at S06
ds004703,sub-SD010_ses-01_task-PassiveListen,C246,README unused C-prefix channel; exclude at S06
ds004703,sub-SD010_ses-01_task-PassiveListen,C247,README unused C-prefix channel; exclude at S06
ds004703,sub-SD010_ses-01_task-PassiveListen,C248,README unused C-prefix channel; exclude at S06
ds004703,sub-SD010_ses-01_task-PassiveListen,C249,README unused C-prefix channel; exclude at S06
ds004703,sub-SD010_ses-01_task-PassiveListen,C250,README unused C-prefix channel; exclude at S06
ds004703,sub-SD010_ses-01_task-PassiveListen,C251,README unused C-prefix channel; exclude at S06
ds004703,sub-SD010_ses-01_task-PassiveListen,C252,README unused C-prefix channel; exclude at S06
ds004703,sub-SD010_ses-01_task-PassiveListen,C253,README unused C-prefix channel; exclude at S06
ds004703,sub-SD010_ses-01_task-PassiveListen,C254,README unused C-prefix channel; exclude at S06
ds004703,sub-SD010_ses-01_task-PassiveListen,C255,README unused C-prefix channel; exclude at S06
ds004703,sub-SD010_ses-01_task-PassiveListen,C256,README unused C-prefix channel; exclude at S06
ds004703,sub-SD011_ses-01_task-PassiveListen,C3,README unused C-prefix channel; exclude at S06
ds004703,sub-SD011_ses-01_task-PassiveListen,Cz,README unused C-prefix channel; exclude at S06
ds004703,sub-SD011_ses-01_task-PassiveListen,C4,README unused C-prefix channel; exclude at S06
ds004703,sub-SD011_ses-01_task-PassiveListen,C142,README unused C-prefix channel; exclude at S06
ds004703,sub-SD011_ses-01_task-PassiveListen,C143,README unused C-prefix channel; exclude at S06
ds004703,sub-SD011_ses-01_task-PassiveListen,C144,README unused C-prefix channel; exclude at S06
ds004703,sub-SD011_ses-01_task-PassiveListen,C145,README unused C-prefix channel; exclude at S06
ds004703,sub-SD011_ses-01_task-PassiveListen,C146,README unused C-prefix channel; exclude at S06
ds004703,sub-SD011_ses-01_task-PassiveListen,C147,README unused C-prefix channel; exclude at S06
ds004703,sub-SD011_ses-01_task-PassiveListen,C148,README unused C-prefix channel; exclude at S06
ds004703,sub-SD011_ses-01_task-PassiveListen,C149,README unused C-prefix channel; exclude at S06
ds004703,sub-SD011_ses-01_task-PassiveListen,C150,README unused C-prefix channel; exclude at S06
ds004703,sub-SD011_ses-01_task-PassiveListen,C151,README unused C-prefix channel; exclude at S06
ds004703,sub-SD011_ses-01_task-PassiveListen,C152,README unused C-prefix channel; exclude at S06
ds004703,sub-SD011_ses-01_task-PassiveListen,C153,README unused C-prefix channel; exclude at S06
ds004703,sub-SD011_ses-01_task-PassiveListen,C154,README unused C-prefix channel; exclude at S06
ds004703,sub-SD011_ses-01_task-PassiveListen,C155,README unused C-prefix channel; exclude at S06
ds004703,sub-SD011_ses-01_task-PassiveListen,C156,README unused C-prefix channel; exclude at S06
ds004703,sub-SD011_ses-01_task-PassiveListen,C157,README unused C-prefix channel; exclude at S06
ds004703,sub-SD011_ses-01_task-PassiveListen,C158,README unused C-prefix channel; exclude at S06
ds004703,sub-SD011_ses-01_task-PassiveListen,C159,README unused C-prefix channel; exclude at S06
ds004703,sub-SD011_ses-01_task-PassiveListen,C160,README unused C-prefix channel; exclude at S06
ds004703,sub-SD011_ses-01_task-PassiveListen,C161,README unused C-prefix channel; exclude at S06
ds004703,sub-SD011_ses-01_task-PassiveListen,C162,README unused C-prefix channel; exclude at S06
ds004703,sub-SD011_ses-01_task-PassiveListen,C163,README unused C-prefix channel; exclude at S06
ds004703,sub-SD011_ses-01_task-PassiveListen,C164,README unused C-prefix channel; exclude at S06
ds004703,sub-SD011_ses-01_task-PassiveListen,C165,README unused C-prefix channel; exclude at S06
ds004703,sub-SD011_ses-01_task-PassiveListen,C166,README unused C-prefix channel; exclude at S06
ds004703,sub-SD011_ses-01_task-PassiveListen,C167,README unused C-prefix channel; exclude at S06
ds004703,sub-SD011_ses-01_task-PassiveListen,C168,README unused C-prefix channel; exclude at S06
ds004703,sub-SD011_ses-01_task-PassiveListen,C169,README unused C-prefix channel; exclude at S06
ds004703,sub-SD011_ses-01_task-PassiveListen,C170,README unused C-prefix channel; exclude at S06
ds004703,sub-SD011_ses-01_task-PassiveListen,C171,README unused C-prefix channel; exclude at S06
ds004703,sub-SD011_ses-01_task-PassiveListen,C172,README unused C-prefix channel; exclude at S06
ds004703,sub-SD011_ses-01_task-PassiveListen,C173,README unused C-prefix channel; exclude at S06
ds004703,sub-SD011_ses-01_task-PassiveListen,C174,README unused C-prefix channel; exclude at S06
ds004703,sub-SD011_ses-01_task-PassiveListen,C175,README unused C-prefix channel; exclude at S06
ds004703,sub-SD011_ses-01_task-PassiveListen,C176,README unused C-prefix channel; exclude at S06
ds004703,sub-SD011_ses-01_task-PassiveListen,C177,README unused C-prefix channel; exclude at S06
ds004703,sub-SD011_ses-01_task-PassiveListen,C178,README unused C-prefix channel; exclude at S06
ds004703,sub-SD011_ses-01_task-PassiveListen,C179,README unused C-prefix channel; exclude at S06
ds004703,sub-SD011_ses-01_task-PassiveListen,C180,README unused C-prefix channel; exclude at S06
ds004703,sub-SD011_ses-01_task-PassiveListen,C181,README unused C-prefix channel; exclude at S06
ds004703,sub-SD011_ses-01_task-PassiveListen,C182,README unused C-prefix channel; exclude at S06
ds004703,sub-SD011_ses-01_task-PassiveListen,C183,README unused C-prefix channel; exclude at S06
ds004703,sub-SD011_ses-01_task-PassiveListen,C184,README unused C-prefix channel; exclude at S06
ds004703,sub-SD011_ses-01_task-PassiveListen,C185,README unused C-prefix channel; exclude at S06
ds004703,sub-SD011_ses-01_task-PassiveListen,C186,README unused C-prefix channel; exclude at S06
ds004703,sub-SD011_ses-01_task-PassiveListen,C187,README unused C-prefix channel; exclude at S06
ds004703,sub-SD011_ses-01_task-PassiveListen,C188,README unused C-prefix channel; exclude at S06
ds004703,sub-SD011_ses-01_task-PassiveListen,C189,README unused C-prefix channel; exclude at S06
ds004703,sub-SD011_ses-01_task-PassiveListen,C190,README unused C-prefix channel; exclude at S06
ds004703,sub-SD011_ses-01_task-PassiveListen,C191,README unused C-prefix channel; exclude at S06
ds004703,sub-SD011_ses-01_task-PassiveListen,C192,README unused C-prefix channel; exclude at S06
ds004703,sub-SD011_ses-01_task-PassiveListen,C193,README unused C-prefix channel; exclude at S06
ds004703,sub-SD011_ses-01_task-PassiveListen,C194,README unused C-prefix channel; exclude at S06
ds004703,sub-SD011_ses-01_task-PassiveListen,C195,README unused C-prefix channel; exclude at S06
ds004703,sub-SD011_ses-01_task-PassiveListen,C196,README unused C-prefix channel; exclude at S06
ds004703,sub-SD011_ses-01_task-PassiveListen,C197,README unused C-prefix channel; exclude at S06
ds004703,sub-SD011_ses-01_task-PassiveListen,C198,README unused C-prefix channel; exclude at S06
ds004703,sub-SD011_ses-01_task-PassiveListen,C199,README unused C-prefix channel; exclude at S06
ds004703,sub-SD011_ses-01_task-PassiveListen,C200,README unused C-prefix channel; exclude at S06
ds004703,sub-SD011_ses-01_task-PassiveListen,C201,README unused C-prefix channel; exclude at S06
ds004703,sub-SD011_ses-01_task-PassiveListen,C202,README unused C-prefix channel; exclude at S06
ds004703,sub-SD011_ses-01_task-PassiveListen,C203,README unused C-prefix channel; exclude at S06
ds004703,sub-SD011_ses-01_task-PassiveListen,C204,README unused C-prefix channel; exclude at S06
ds004703,sub-SD011_ses-01_task-PassiveListen,C205,README unused C-prefix channel; exclude at S06
ds004703,sub-SD011_ses-01_task-PassiveListen,C206,README unused C-prefix channel; exclude at S06
ds004703,sub-SD011_ses-01_task-PassiveListen,C207,README unused C-prefix channel; exclude at S06
ds004703,sub-SD011_ses-01_task-PassiveListen,C208,README unused C-prefix channel; exclude at S06
ds004703,sub-SD011_ses-01_task-PassiveListen,C209,README unused C-prefix channel; exclude at S06
ds004703,sub-SD011_ses-01_task-PassiveListen,C210,README unused C-prefix channel; exclude at S06
ds004703,sub-SD011_ses-01_task-PassiveListen,C211,README unused C-prefix channel; exclude at S06
ds004703,sub-SD011_ses-01_task-PassiveListen,C212,README unused C-prefix channel; exclude at S06
ds004703,sub-SD011_ses-01_task-PassiveListen,C213,README unused C-prefix channel; exclude at S06
ds004703,sub-SD011_ses-01_task-PassiveListen,C214,README unused C-prefix channel; exclude at S06
ds004703,sub-SD011_ses-01_task-PassiveListen,C215,README unused C-prefix channel; exclude at S06
ds004703,sub-SD011_ses-01_task-PassiveListen,C216,README unused C-prefix channel; exclude at S06
ds004703,sub-SD011_ses-01_task-PassiveListen,C217,README unused C-prefix channel; exclude at S06
ds004703,sub-SD011_ses-01_task-PassiveListen,C218,README unused C-prefix channel; exclude at S06
ds004703,sub-SD011_ses-01_task-PassiveListen,C219,README unused C-prefix channel; exclude at S06
ds004703,sub-SD011_ses-01_task-PassiveListen,C220,README unused C-prefix channel; exclude at S06
ds004703,sub-SD011_ses-01_task-PassiveListen,C221,README unused C-prefix channel; exclude at S06
ds004703,sub-SD011_ses-01_task-PassiveListen,C222,README unused C-prefix channel; exclude at S06
ds004703,sub-SD011_ses-01_task-PassiveListen,C223,README unused C-prefix channel; exclude at S06
ds004703,sub-SD011_ses-01_task-PassiveListen,C224,README unused C-prefix channel; exclude at S06
ds004703,sub-SD011_ses-01_task-PassiveListen,C225,README unused C-prefix channel; exclude at S06
ds004703,sub-SD011_ses-01_task-PassiveListen,C226,README unused C-prefix channel; exclude at S06
ds004703,sub-SD011_ses-01_task-PassiveListen,C227,README unused C-prefix channel; exclude at S06
ds004703,sub-SD011_ses-01_task-PassiveListen,C228,README unused C-prefix channel; exclude at S06
ds004703,sub-SD011_ses-01_task-PassiveListen,C229,README unused C-prefix channel; exclude at S06
ds004703,sub-SD011_ses-01_task-PassiveListen,C230,README unused C-prefix channel; exclude at S06
ds004703,sub-SD011_ses-01_task-PassiveListen,C231,README unused C-prefix channel; exclude at S06
ds004703,sub-SD011_ses-01_task-PassiveListen,C232,README unused C-prefix channel; exclude at S06
ds004703,sub-SD011_ses-01_task-PassiveListen,C233,README unused C-prefix channel; exclude at S06
ds004703,sub-SD011_ses-01_task-PassiveListen,C234,README unused C-prefix channel; exclude at S06
ds004703,sub-SD011_ses-01_task-PassiveListen,C235,README unused C-prefix channel; exclude at S06
ds004703,sub-SD011_ses-01_task-PassiveListen,C236,README unused C-prefix channel; exclude at S06
ds004703,sub-SD011_ses-01_task-PassiveListen,C237,README unused C-prefix channel; exclude at S06
ds004703,sub-SD011_ses-01_task-PassiveListen,C238,README unused C-prefix channel; exclude at S06
ds004703,sub-SD011_ses-01_task-PassiveListen,C239,README unused C-prefix channel; exclude at S06
ds004703,sub-SD011_ses-01_task-PassiveListen,C240,README unused C-prefix channel; exclude at S06
ds004703,sub-SD011_ses-01_task-PassiveListen,C241,README unused C-prefix channel; exclude at S06
ds004703,sub-SD011_ses-01_task-PassiveListen,C242,README unused C-prefix channel; exclude at S06
ds004703,sub-SD011_ses-01_task-PassiveListen,C243,README unused C-prefix channel; exclude at S06
ds004703,sub-SD011_ses-01_task-PassiveListen,C244,README unused C-prefix channel; exclude at S06
ds004703,sub-SD011_ses-01_task-PassiveListen,C245,README unused C-prefix channel; exclude at S06
ds004703,sub-SD011_ses-01_task-PassiveListen,C246,README unused C-prefix channel; exclude at S06
ds004703,sub-SD011_ses-01_task-PassiveListen,C247,README unused C-prefix channel; exclude at S06
ds004703,sub-SD011_ses-01_task-PassiveListen,C248,README unused C-prefix channel; exclude at S06
ds004703,sub-SD011_ses-01_task-PassiveListen,C249,README unused C-prefix channel; exclude at S06
ds004703,sub-SD011_ses-01_task-PassiveListen,C250,README unused C-prefix channel; exclude at S06
ds004703,sub-SD011_ses-01_task-PassiveListen,C251,README unused C-prefix channel; exclude at S06
ds004703,sub-SD011_ses-01_task-PassiveListen,C252,README unused C-prefix channel; exclude at S06
ds004703,sub-SD011_ses-01_task-PassiveListen,C253,README unused C-prefix channel; exclude at S06
ds004703,sub-SD011_ses-01_task-PassiveListen,C254,README unused C-prefix channel; exclude at S06
ds004703,sub-SD011_ses-01_task-PassiveListen,C255,README unused C-prefix channel; exclude at S06
ds004703,sub-SD011_ses-01_task-PassiveListen,C256,README unused C-prefix channel; exclude at S06
ds004703,sub-SD012_ses-01_task-PassiveListen,C3,README unused C-prefix channel; exclude at S06
ds004703,sub-SD012_ses-01_task-PassiveListen,Cz,README unused C-prefix channel; exclude at S06
ds004703,sub-SD012_ses-01_task-PassiveListen,C4,README unused C-prefix channel; exclude at S06
ds004703,sub-SD012_ses-01_task-PassiveListen,C100,README unused C-prefix channel; exclude at S06
ds004703,sub-SD012_ses-01_task-PassiveListen,C101,README unused C-prefix channel; exclude at S06
ds004703,sub-SD012_ses-01_task-PassiveListen,C102,README unused C-prefix channel; exclude at S06
ds004703,sub-SD012_ses-01_task-PassiveListen,C103,README unused C-prefix channel; exclude at S06
ds004703,sub-SD012_ses-01_task-PassiveListen,C104,README unused C-prefix channel; exclude at S06
ds004703,sub-SD012_ses-01_task-PassiveListen,C105,README unused C-prefix channel; exclude at S06
ds004703,sub-SD012_ses-01_task-PassiveListen,C106,README unused C-prefix channel; exclude at S06
ds004703,sub-SD012_ses-01_task-PassiveListen,C107,README unused C-prefix channel; exclude at S06
ds004703,sub-SD012_ses-01_task-PassiveListen,C108,README unused C-prefix channel; exclude at S06
ds004703,sub-SD012_ses-01_task-PassiveListen,C109,README unused C-prefix channel; exclude at S06
ds004703,sub-SD012_ses-01_task-PassiveListen,C110,README unused C-prefix channel; exclude at S06
ds004703,sub-SD012_ses-01_task-PassiveListen,C111,README unused C-prefix channel; exclude at S06
ds004703,sub-SD012_ses-01_task-PassiveListen,C112,README unused C-prefix channel; exclude at S06
ds004703,sub-SD012_ses-01_task-PassiveListen,C113,README unused C-prefix channel; exclude at S06
ds004703,sub-SD012_ses-01_task-PassiveListen,C114,README unused C-prefix channel; exclude at S06
ds004703,sub-SD012_ses-01_task-PassiveListen,C115,README unused C-prefix channel; exclude at S06
ds004703,sub-SD012_ses-01_task-PassiveListen,C116,README unused C-prefix channel; exclude at S06
ds004703,sub-SD012_ses-01_task-PassiveListen,C117,README unused C-prefix channel; exclude at S06
ds004703,sub-SD012_ses-01_task-PassiveListen,C118,README unused C-prefix channel; exclude at S06
ds004703,sub-SD012_ses-01_task-PassiveListen,C119,README unused C-prefix channel; exclude at S06
ds004703,sub-SD012_ses-01_task-PassiveListen,C120,README unused C-prefix channel; exclude at S06
ds004703,sub-SD012_ses-01_task-PassiveListen,C121,README unused C-prefix channel; exclude at S06
ds004703,sub-SD012_ses-01_task-PassiveListen,C122,README unused C-prefix channel; exclude at S06
ds004703,sub-SD012_ses-01_task-PassiveListen,C123,README unused C-prefix channel; exclude at S06
ds004703,sub-SD012_ses-01_task-PassiveListen,C124,README unused C-prefix channel; exclude at S06
ds004703,sub-SD012_ses-01_task-PassiveListen,C125,README unused C-prefix channel; exclude at S06
ds004703,sub-SD012_ses-01_task-PassiveListen,C126,README unused C-prefix channel; exclude at S06
ds004703,sub-SD012_ses-01_task-PassiveListen,C127,README unused C-prefix channel; exclude at S06
ds004703,sub-SD012_ses-01_task-PassiveListen,C128,README unused C-prefix channel; exclude at S06
ds004703,sub-SD012_ses-02_task-PassiveListen,C3,README unused C-prefix channel; exclude at S06
ds004703,sub-SD012_ses-02_task-PassiveListen,Cz,README unused C-prefix channel; exclude at S06
ds004703,sub-SD012_ses-02_task-PassiveListen,C4,README unused C-prefix channel; exclude at S06
ds004703,sub-SD012_ses-02_task-PassiveListen,C100,README unused C-prefix channel; exclude at S06
ds004703,sub-SD012_ses-02_task-PassiveListen,C101,README unused C-prefix channel; exclude at S06
ds004703,sub-SD012_ses-02_task-PassiveListen,C102,README unused C-prefix channel; exclude at S06
ds004703,sub-SD012_ses-02_task-PassiveListen,C103,README unused C-prefix channel; exclude at S06
ds004703,sub-SD012_ses-02_task-PassiveListen,C104,README unused C-prefix channel; exclude at S06
ds004703,sub-SD012_ses-02_task-PassiveListen,C105,README unused C-prefix channel; exclude at S06
ds004703,sub-SD012_ses-02_task-PassiveListen,C106,README unused C-prefix channel; exclude at S06
ds004703,sub-SD012_ses-02_task-PassiveListen,C107,README unused C-prefix channel; exclude at S06
ds004703,sub-SD012_ses-02_task-PassiveListen,C108,README unused C-prefix channel; exclude at S06
ds004703,sub-SD012_ses-02_task-PassiveListen,C109,README unused C-prefix channel; exclude at S06
ds004703,sub-SD012_ses-02_task-PassiveListen,C110,README unused C-prefix channel; exclude at S06
ds004703,sub-SD012_ses-02_task-PassiveListen,C111,README unused C-prefix channel; exclude at S06
ds004703,sub-SD012_ses-02_task-PassiveListen,C112,README unused C-prefix channel; exclude at S06
ds004703,sub-SD012_ses-02_task-PassiveListen,C113,README unused C-prefix channel; exclude at S06
ds004703,sub-SD012_ses-02_task-PassiveListen,C114,README unused C-prefix channel; exclude at S06
ds004703,sub-SD012_ses-02_task-PassiveListen,C115,README unused C-prefix channel; exclude at S06
ds004703,sub-SD012_ses-02_task-PassiveListen,C116,README unused C-prefix channel; exclude at S06
ds004703,sub-SD012_ses-02_task-PassiveListen,C117,README unused C-prefix channel; exclude at S06
ds004703,sub-SD012_ses-02_task-PassiveListen,C118,README unused C-prefix channel; exclude at S06
ds004703,sub-SD012_ses-02_task-PassiveListen,C119,README unused C-prefix channel; exclude at S06
ds004703,sub-SD012_ses-02_task-PassiveListen,C120,README unused C-prefix channel; exclude at S06
ds004703,sub-SD012_ses-02_task-PassiveListen,C121,README unused C-prefix channel; exclude at S06
ds004703,sub-SD012_ses-02_task-PassiveListen,C122,README unused C-prefix channel; exclude at S06
ds004703,sub-SD012_ses-02_task-PassiveListen,C123,README unused C-prefix channel; exclude at S06
ds004703,sub-SD012_ses-02_task-PassiveListen,C124,README unused C-prefix channel; exclude at S06
ds004703,sub-SD012_ses-02_task-PassiveListen,C125,README unused C-prefix channel; exclude at S06
ds004703,sub-SD012_ses-02_task-PassiveListen,C126,README unused C-prefix channel; exclude at S06
ds004703,sub-SD012_ses-02_task-PassiveListen,C127,README unused C-prefix channel; exclude at S06
ds004703,sub-SD012_ses-02_task-PassiveListen,C128,README unused C-prefix channel; exclude at S06
ds004703,sub-SD013_ses-01_task-PassiveListen,C123,README unused C-prefix channel; exclude at S06
ds004703,sub-SD013_ses-01_task-PassiveListen,C124,README unused C-prefix channel; exclude at S06
ds004703,sub-SD013_ses-01_task-PassiveListen,C125,README unused C-prefix channel; exclude at S06
ds004703,sub-SD013_ses-01_task-PassiveListen,C126,README unused C-prefix channel; exclude at S06
ds004703,sub-SD013_ses-01_task-PassiveListen,C127,README unused C-prefix channel; exclude at S06
ds004703,sub-SD013_ses-01_task-PassiveListen,C128,README unused C-prefix channel; exclude at S06
ds004703,sub-SD015_ses-01_task-PassiveListen,C103,README unused C-prefix channel; exclude at S06
ds004703,sub-SD015_ses-01_task-PassiveListen,C104,README unused C-prefix channel; exclude at S06
ds004703,sub-SD015_ses-01_task-PassiveListen,C105,README unused C-prefix channel; exclude at S06
ds004703,sub-SD015_ses-01_task-PassiveListen,C106,README unused C-prefix channel; exclude at S06
ds004703,sub-SD015_ses-01_task-PassiveListen,C107,README unused C-prefix channel; exclude at S06
ds004703,sub-SD015_ses-01_task-PassiveListen,C108,README unused C-prefix channel; exclude at S06
ds004703,sub-SD015_ses-01_task-PassiveListen,C109,README unused C-prefix channel; exclude at S06
ds004703,sub-SD015_ses-01_task-PassiveListen,C110,README unused C-prefix channel; exclude at S06
ds004703,sub-SD015_ses-01_task-PassiveListen,C111,README unused C-prefix channel; exclude at S06
ds004703,sub-SD015_ses-01_task-PassiveListen,C112,README unused C-prefix channel; exclude at S06
ds004703,sub-SD015_ses-01_task-PassiveListen,C113,README unused C-prefix channel; exclude at S06
ds004703,sub-SD015_ses-01_task-PassiveListen,C114,README unused C-prefix channel; exclude at S06
ds004703,sub-SD015_ses-01_task-PassiveListen,C115,README unused C-prefix channel; exclude at S06
ds004703,sub-SD015_ses-01_task-PassiveListen,C116,README unused C-prefix channel; exclude at S06
ds004703,sub-SD015_ses-01_task-PassiveListen,C117,README unused C-prefix channel; exclude at S06
ds004703,sub-SD015_ses-01_task-PassiveListen,C118,README unused C-prefix channel; exclude at S06
ds004703,sub-SD015_ses-01_task-PassiveListen,C119,README unused C-prefix channel; exclude at S06
ds004703,sub-SD015_ses-01_task-PassiveListen,C120,README unused C-prefix channel; exclude at S06
ds004703,sub-SD015_ses-01_task-PassiveListen,C121,README unused C-prefix channel; exclude at S06
ds004703,sub-SD015_ses-01_task-PassiveListen,C122,README unused C-prefix channel; exclude at S06
ds004703,sub-SD015_ses-01_task-PassiveListen,C123,README unused C-prefix channel; exclude at S06
ds004703,sub-SD015_ses-01_task-PassiveListen,C124,README unused C-prefix channel; exclude at S06
ds004703,sub-SD015_ses-01_task-PassiveListen,C125,README unused C-prefix channel; exclude at S06
ds004703,sub-SD015_ses-01_task-PassiveListen,C126,README unused C-prefix channel; exclude at S06
ds004703,sub-SD015_ses-01_task-PassiveListen,C127,README unused C-prefix channel; exclude at S06
ds004703,sub-SD015_ses-01_task-PassiveListen,C128,README unused C-prefix channel; exclude at S06
ds004703,sub-SD015_ses-01_task-PassiveListen,C129,README unused C-prefix channel; exclude at S06
ds004703,sub-SD015_ses-01_task-PassiveListen,C130,README unused C-prefix channel; exclude at S06
ds004703,sub-SD015_ses-01_task-PassiveListen,C131,README unused C-prefix channel; exclude at S06
ds004703,sub-SD015_ses-01_task-PassiveListen,C132,README unused C-prefix channel; exclude at S06
ds004703,sub-SD015_ses-01_task-PassiveListen,C133,README unused C-prefix channel; exclude at S06
ds004703,sub-SD015_ses-01_task-PassiveListen,C134,README unused C-prefix channel; exclude at S06
ds004703,sub-SD015_ses-01_task-PassiveListen,C135,README unused C-prefix channel; exclude at S06
ds004703,sub-SD015_ses-01_task-PassiveListen,C136,README unused C-prefix channel; exclude at S06
ds004703,sub-SD015_ses-01_task-PassiveListen,C137,README unused C-prefix channel; exclude at S06
ds004703,sub-SD015_ses-01_task-PassiveListen,C138,README unused C-prefix channel; exclude at S06
ds004703,sub-SD015_ses-01_task-PassiveListen,C139,README unused C-prefix channel; exclude at S06
ds004703,sub-SD015_ses-01_task-PassiveListen,C140,README unused C-prefix channel; exclude at S06
ds004703,sub-SD015_ses-01_task-PassiveListen,C141,README unused C-prefix channel; exclude at S06
ds004703,sub-SD015_ses-01_task-PassiveListen,C142,README unused C-prefix channel; exclude at S06
ds004703,sub-SD015_ses-01_task-PassiveListen,C143,README unused C-prefix channel; exclude at S06
ds004703,sub-SD015_ses-01_task-PassiveListen,C144,README unused C-prefix channel; exclude at S06
ds004703,sub-SD015_ses-01_task-PassiveListen,C145,README unused C-prefix channel; exclude at S06
ds004703,sub-SD015_ses-01_task-PassiveListen,C146,README unused C-prefix channel; exclude at S06
ds004703,sub-SD015_ses-01_task-PassiveListen,C147,README unused C-prefix channel; exclude at S06
ds004703,sub-SD015_ses-01_task-PassiveListen,C148,README unused C-prefix channel; exclude at S06
ds004703,sub-SD015_ses-01_task-PassiveListen,C149,README unused C-prefix channel; exclude at S06
ds004703,sub-SD015_ses-01_task-PassiveListen,C150,README unused C-prefix channel; exclude at S06
ds004703,sub-SD015_ses-01_task-PassiveListen,C151,README unused C-prefix channel; exclude at S06
ds004703,sub-SD015_ses-01_task-PassiveListen,C152,README unused C-prefix channel; exclude at S06
ds004703,sub-SD015_ses-01_task-PassiveListen,C153,README unused C-prefix channel; exclude at S06
ds004703,sub-SD015_ses-01_task-PassiveListen,C154,README unused C-prefix channel; exclude at S06
ds004703,sub-SD015_ses-01_task-PassiveListen,C155,README unused C-prefix channel; exclude at S06
ds004703,sub-SD015_ses-01_task-PassiveListen,C156,README unused C-prefix channel; exclude at S06
ds004703,sub-SD015_ses-01_task-PassiveListen,C157,README unused C-prefix channel; exclude at S06
ds004703,sub-SD015_ses-01_task-PassiveListen,C158,README unused C-prefix channel; exclude at S06
ds004703,sub-SD015_ses-01_task-PassiveListen,C159,README unused C-prefix channel; exclude at S06
ds004703,sub-SD015_ses-01_task-PassiveListen,C160,README unused C-prefix channel; exclude at S06
ds004703,sub-SD015_ses-01_task-PassiveListen,C161,README unused C-prefix channel; exclude at S06
ds004703,sub-SD015_ses-01_task-PassiveListen,C162,README unused C-prefix channel; exclude at S06
ds004703,sub-SD015_ses-01_task-PassiveListen,C163,README unused C-prefix channel; exclude at S06
ds004703,sub-SD015_ses-01_task-PassiveListen,C164,README unused C-prefix channel; exclude at S06
ds004703,sub-SD015_ses-01_task-PassiveListen,C165,README unused C-prefix channel; exclude at S06
ds004703,sub-SD015_ses-01_task-PassiveListen,C166,README unused C-prefix channel; exclude at S06
ds004703,sub-SD015_ses-01_task-PassiveListen,C167,README unused C-prefix channel; exclude at S06
ds004703,sub-SD015_ses-01_task-PassiveListen,C168,README unused C-prefix channel; exclude at S06
ds004703,sub-SD015_ses-01_task-PassiveListen,C169,README unused C-prefix channel; exclude at S06
ds004703,sub-SD015_ses-01_task-PassiveListen,C170,README unused C-prefix channel; exclude at S06
ds004703,sub-SD015_ses-01_task-PassiveListen,C171,README unused C-prefix channel; exclude at S06
ds004703,sub-SD015_ses-01_task-PassiveListen,C172,README unused C-prefix channel; exclude at S06
ds004703,sub-SD015_ses-01_task-PassiveListen,C173,README unused C-prefix channel; exclude at S06
ds004703,sub-SD015_ses-01_task-PassiveListen,C174,README unused C-prefix channel; exclude at S06
ds004703,sub-SD015_ses-01_task-PassiveListen,C175,README unused C-prefix channel; exclude at S06
ds004703,sub-SD015_ses-01_task-PassiveListen,C176,README unused C-prefix channel; exclude at S06
ds004703,sub-SD015_ses-01_task-PassiveListen,C177,README unused C-prefix channel; exclude at S06
ds004703,sub-SD015_ses-01_task-PassiveListen,C178,README unused C-prefix channel; exclude at S06
ds004703,sub-SD015_ses-01_task-PassiveListen,C179,README unused C-prefix channel; exclude at S06
ds004703,sub-SD015_ses-01_task-PassiveListen,C180,README unused C-prefix channel; exclude at S06
ds004703,sub-SD015_ses-01_task-PassiveListen,C181,README unused C-prefix channel; exclude at S06
ds004703,sub-SD015_ses-01_task-PassiveListen,C182,README unused C-prefix channel; exclude at S06
ds004703,sub-SD015_ses-01_task-PassiveListen,C183,README unused C-prefix channel; exclude at S06
ds004703,sub-SD015_ses-01_task-PassiveListen,C184,README unused C-prefix channel; exclude at S06
ds004703,sub-SD015_ses-01_task-PassiveListen,C185,README unused C-prefix channel; exclude at S06
ds004703,sub-SD015_ses-01_task-PassiveListen,C186,README unused C-prefix channel; exclude at S06
ds004703,sub-SD015_ses-01_task-PassiveListen,C187,README unused C-prefix channel; exclude at S06
ds004703,sub-SD015_ses-01_task-PassiveListen,C188,README unused C-prefix channel; exclude at S06
ds004703,sub-SD015_ses-01_task-PassiveListen,C189,README unused C-prefix channel; exclude at S06
ds004703,sub-SD015_ses-01_task-PassiveListen,C190,README unused C-prefix channel; exclude at S06
ds004703,sub-SD015_ses-01_task-PassiveListen,C191,README unused C-prefix channel; exclude at S06
ds004703,sub-SD015_ses-01_task-PassiveListen,C192,README unused C-prefix channel; exclude at S06
ds004703,sub-SD015_ses-01_task-PassiveListen,C193,README unused C-prefix channel; exclude at S06
ds004703,sub-SD015_ses-01_task-PassiveListen,C194,README unused C-prefix channel; exclude at S06
ds004703,sub-SD015_ses-01_task-PassiveListen,C195,README unused C-prefix channel; exclude at S06
ds004703,sub-SD015_ses-01_task-PassiveListen,C196,README unused C-prefix channel; exclude at S06
ds004703,sub-SD015_ses-01_task-PassiveListen,C197,README unused C-prefix channel; exclude at S06
ds004703,sub-SD015_ses-01_task-PassiveListen,C198,README unused C-prefix channel; exclude at S06
ds004703,sub-SD015_ses-01_task-PassiveListen,C199,README unused C-prefix channel; exclude at S06
ds004703,sub-SD015_ses-01_task-PassiveListen,C200,README unused C-prefix channel; exclude at S06
ds004703,sub-SD015_ses-01_task-PassiveListen,C201,README unused C-prefix channel; exclude at S06
ds004703,sub-SD015_ses-01_task-PassiveListen,C202,README unused C-prefix channel; exclude at S06
ds004703,sub-SD015_ses-01_task-PassiveListen,C203,README unused C-prefix channel; exclude at S06
ds004703,sub-SD015_ses-01_task-PassiveListen,C204,README unused C-prefix channel; exclude at S06
ds004703,sub-SD015_ses-01_task-PassiveListen,C205,README unused C-prefix channel; exclude at S06
ds004703,sub-SD015_ses-01_task-PassiveListen,C206,README unused C-prefix channel; exclude at S06
ds004703,sub-SD015_ses-01_task-PassiveListen,C207,README unused C-prefix channel; exclude at S06
ds004703,sub-SD015_ses-01_task-PassiveListen,C208,README unused C-prefix channel; exclude at S06
ds004703,sub-SD015_ses-01_task-PassiveListen,C209,README unused C-prefix channel; exclude at S06
ds004703,sub-SD015_ses-01_task-PassiveListen,C210,README unused C-prefix channel; exclude at S06
ds004703,sub-SD015_ses-01_task-PassiveListen,C211,README unused C-prefix channel; exclude at S06
ds004703,sub-SD015_ses-01_task-PassiveListen,C212,README unused C-prefix channel; exclude at S06
ds004703,sub-SD015_ses-01_task-PassiveListen,C213,README unused C-prefix channel; exclude at S06
ds004703,sub-SD015_ses-01_task-PassiveListen,C214,README unused C-prefix channel; exclude at S06
ds004703,sub-SD015_ses-01_task-PassiveListen,C215,README unused C-prefix channel; exclude at S06
ds004703,sub-SD015_ses-01_task-PassiveListen,C216,README unused C-prefix channel; exclude at S06
ds004703,sub-SD015_ses-01_task-PassiveListen,C217,README unused C-prefix channel; exclude at S06
ds004703,sub-SD015_ses-01_task-PassiveListen,C218,README unused C-prefix channel; exclude at S06
ds004703,sub-SD015_ses-01_task-PassiveListen,C219,README unused C-prefix channel; exclude at S06
ds004703,sub-SD015_ses-01_task-PassiveListen,C220,README unused C-prefix channel; exclude at S06
ds004703,sub-SD015_ses-01_task-PassiveListen,C221,README unused C-prefix channel; exclude at S06
ds004703,sub-SD015_ses-01_task-PassiveListen,C222,README unused C-prefix channel; exclude at S06
ds004703,sub-SD015_ses-01_task-PassiveListen,C223,README unused C-prefix channel; exclude at S06
ds004703,sub-SD015_ses-01_task-PassiveListen,C224,README unused C-prefix channel; exclude at S06
ds004703,sub-SD015_ses-01_task-PassiveListen,C225,README unused C-prefix channel; exclude at S06
ds004703,sub-SD015_ses-01_task-PassiveListen,C226,README unused C-prefix channel; exclude at S06
ds004703,sub-SD015_ses-01_task-PassiveListen,C227,README unused C-prefix channel; exclude at S06
ds004703,sub-SD015_ses-01_task-PassiveListen,C228,README unused C-prefix channel; exclude at S06
ds004703,sub-SD015_ses-01_task-PassiveListen,C229,README unused C-prefix channel; exclude at S06
ds004703,sub-SD015_ses-01_task-PassiveListen,C230,README unused C-prefix channel; exclude at S06
ds004703,sub-SD015_ses-01_task-PassiveListen,C231,README unused C-prefix channel; exclude at S06
ds004703,sub-SD015_ses-01_task-PassiveListen,C232,README unused C-prefix channel; exclude at S06
ds004703,sub-SD015_ses-01_task-PassiveListen,C233,README unused C-prefix channel; exclude at S06
ds004703,sub-SD015_ses-01_task-PassiveListen,C234,README unused C-prefix channel; exclude at S06
ds004703,sub-SD015_ses-01_task-PassiveListen,C235,README unused C-prefix channel; exclude at S06
ds004703,sub-SD015_ses-01_task-PassiveListen,C236,README unused C-prefix channel; exclude at S06
ds004703,sub-SD015_ses-01_task-PassiveListen,C237,README unused C-prefix channel; exclude at S06
ds004703,sub-SD015_ses-01_task-PassiveListen,C238,README unused C-prefix channel; exclude at S06
ds004703,sub-SD015_ses-01_task-PassiveListen,C239,README unused C-prefix channel; exclude at S06
ds004703,sub-SD015_ses-01_task-PassiveListen,C240,README unused C-prefix channel; exclude at S06
ds004703,sub-SD015_ses-01_task-PassiveListen,C241,README unused C-prefix channel; exclude at S06
ds004703,sub-SD015_ses-01_task-PassiveListen,C242,README unused C-prefix channel; exclude at S06
ds004703,sub-SD015_ses-01_task-PassiveListen,C243,README unused C-prefix channel; exclude at S06
ds004703,sub-SD015_ses-01_task-PassiveListen,C244,README unused C-prefix channel; exclude at S06
ds004703,sub-SD015_ses-01_task-PassiveListen,C245,README unused C-prefix channel; exclude at S06
ds004703,sub-SD015_ses-01_task-PassiveListen,C246,README unused C-prefix channel; exclude at S06
ds004703,sub-SD015_ses-01_task-PassiveListen,C247,README unused C-prefix channel; exclude at S06
ds004703,sub-SD015_ses-01_task-PassiveListen,C248,README unused C-prefix channel; exclude at S06
ds004703,sub-SD015_ses-01_task-PassiveListen,C249,README unused C-prefix channel; exclude at S06
ds004703,sub-SD015_ses-01_task-PassiveListen,C250,README unused C-prefix channel; exclude at S06
ds004703,sub-SD015_ses-01_task-PassiveListen,C251,README unused C-prefix channel; exclude at S06
ds004703,sub-SD015_ses-01_task-PassiveListen,C252,README unused C-prefix channel; exclude at S06
ds004703,sub-SD015_ses-01_task-PassiveListen,C253,README unused C-prefix channel; exclude at S06
ds004703,sub-SD015_ses-01_task-PassiveListen,C254,README unused C-prefix channel; exclude at S06
ds004703,sub-SD015_ses-01_task-PassiveListen,C255,README unused C-prefix channel; exclude at S06
ds004703,sub-SD015_ses-01_task-PassiveListen,C256,README unused C-prefix channel; exclude at S06
ds004703,sub-SD017_ses-01_task-PassiveListen,C103,README unused C-prefix channel; exclude at S06
ds004703,sub-SD017_ses-01_task-PassiveListen,C104,README unused C-prefix channel; exclude at S06
ds004703,sub-SD017_ses-01_task-PassiveListen,C105,README unused C-prefix channel; exclude at S06
ds004703,sub-SD017_ses-01_task-PassiveListen,C106,README unused C-prefix channel; exclude at S06
ds004703,sub-SD017_ses-01_task-PassiveListen,C107,README unused C-prefix channel; exclude at S06
ds004703,sub-SD017_ses-01_task-PassiveListen,C108,README unused C-prefix channel; exclude at S06
ds004703,sub-SD017_ses-01_task-PassiveListen,C109,README unused C-prefix channel; exclude at S06
ds004703,sub-SD017_ses-01_task-PassiveListen,C110,README unused C-prefix channel; exclude at S06
ds004703,sub-SD017_ses-01_task-PassiveListen,C111,README unused C-prefix channel; exclude at S06
ds004703,sub-SD017_ses-01_task-PassiveListen,C112,README unused C-prefix channel; exclude at S06
ds004703,sub-SD017_ses-01_task-PassiveListen,C113,README unused C-prefix channel; exclude at S06
ds004703,sub-SD017_ses-01_task-PassiveListen,C114,README unused C-prefix channel; exclude at S06
ds004703,sub-SD017_ses-01_task-PassiveListen,C115,README unused C-prefix channel; exclude at S06
ds004703,sub-SD017_ses-01_task-PassiveListen,C116,README unused C-prefix channel; exclude at S06
ds004703,sub-SD017_ses-01_task-PassiveListen,C117,README unused C-prefix channel; exclude at S06
ds004703,sub-SD017_ses-01_task-PassiveListen,C118,README unused C-prefix channel; exclude at S06
ds004703,sub-SD017_ses-01_task-PassiveListen,C119,README unused C-prefix channel; exclude at S06
ds004703,sub-SD017_ses-01_task-PassiveListen,C120,README unused C-prefix channel; exclude at S06
ds004703,sub-SD017_ses-01_task-PassiveListen,C121,README unused C-prefix channel; exclude at S06
ds004703,sub-SD017_ses-01_task-PassiveListen,C122,README unused C-prefix channel; exclude at S06
ds004703,sub-SD017_ses-01_task-PassiveListen,C123,README unused C-prefix channel; exclude at S06
ds004703,sub-SD017_ses-01_task-PassiveListen,C124,README unused C-prefix channel; exclude at S06
ds004703,sub-SD017_ses-01_task-PassiveListen,C125,README unused C-prefix channel; exclude at S06
ds004703,sub-SD017_ses-01_task-PassiveListen,C126,README unused C-prefix channel; exclude at S06
ds004703,sub-SD017_ses-01_task-PassiveListen,C127,README unused C-prefix channel; exclude at S06
ds004703,sub-SD017_ses-01_task-PassiveListen,C128,README unused C-prefix channel; exclude at S06
ds004703,sub-SD018_ses-01_task-PassiveListen,C70,README unused C-prefix channel; exclude at S06
ds004703,sub-SD018_ses-01_task-PassiveListen,C71,README unused C-prefix channel; exclude at S06
ds004703,sub-SD018_ses-01_task-PassiveListen,C72,README unused C-prefix channel; exclude at S06
ds004703,sub-SD018_ses-01_task-PassiveListen,C73,README unused C-prefix channel; exclude at S06
ds004703,sub-SD018_ses-01_task-PassiveListen,C74,README unused C-prefix channel; exclude at S06
ds004703,sub-SD018_ses-01_task-PassiveListen,C75,README unused C-prefix channel; exclude at S06
ds004703,sub-SD018_ses-01_task-PassiveListen,C76,README unused C-prefix channel; exclude at S06
ds004703,sub-SD018_ses-01_task-PassiveListen,C77,README unused C-prefix channel; exclude at S06
ds004703,sub-SD018_ses-01_task-PassiveListen,C78,README unused C-prefix channel; exclude at S06
ds004703,sub-SD018_ses-01_task-PassiveListen,C79,README unused C-prefix channel; exclude at S06
ds004703,sub-SD018_ses-01_task-PassiveListen,C80,README unused C-prefix channel; exclude at S06
ds004703,sub-SD018_ses-01_task-PassiveListen,C81,README unused C-prefix channel; exclude at S06
ds004703,sub-SD018_ses-01_task-PassiveListen,C82,README unused C-prefix channel; exclude at S06
ds004703,sub-SD018_ses-01_task-PassiveListen,C83,README unused C-prefix channel; exclude at S06
ds004703,sub-SD018_ses-01_task-PassiveListen,C84,README unused C-prefix channel; exclude at S06
ds004703,sub-SD018_ses-01_task-PassiveListen,C85,README unused C-prefix channel; exclude at S06
ds004703,sub-SD018_ses-01_task-PassiveListen,C3,README unused C-prefix channel; exclude at S06
ds004703,sub-SD018_ses-01_task-PassiveListen,Cz,README unused C-prefix channel; exclude at S06
ds004703,sub-SD018_ses-01_task-PassiveListen,C4,README unused C-prefix channel; exclude at S06
ds004703,sub-SD018_ses-01_task-PassiveListen,C215,README unused C-prefix channel; exclude at S06
ds004703,sub-SD018_ses-01_task-PassiveListen,C216,README unused C-prefix channel; exclude at S06
ds004703,sub-SD018_ses-01_task-PassiveListen,C217,README unused C-prefix channel; exclude at S06
ds004703,sub-SD018_ses-01_task-PassiveListen,C218,README unused C-prefix channel; exclude at S06
ds004703,sub-SD018_ses-01_task-PassiveListen,C219,README unused C-prefix channel; exclude at S06
ds004703,sub-SD018_ses-01_task-PassiveListen,C220,README unused C-prefix channel; exclude at S06
ds004703,sub-SD018_ses-01_task-PassiveListen,C221,README unused C-prefix channel; exclude at S06
ds004703,sub-SD018_ses-01_task-PassiveListen,C222,README unused C-prefix channel; exclude at S06
ds004703,sub-SD018_ses-01_task-PassiveListen,C223,README unused C-prefix channel; exclude at S06
ds004703,sub-SD018_ses-01_task-PassiveListen,C224,README unused C-prefix channel; exclude at S06
ds004703,sub-SD018_ses-01_task-PassiveListen,C225,README unused C-prefix channel; exclude at S06
ds004703,sub-SD018_ses-01_task-PassiveListen,C226,README unused C-prefix channel; exclude at S06
ds004703,sub-SD018_ses-01_task-PassiveListen,C227,README unused C-prefix channel; exclude at S06
ds004703,sub-SD018_ses-01_task-PassiveListen,C228,README unused C-prefix channel; exclude at S06
ds004703,sub-SD018_ses-01_task-PassiveListen,C229,README unused C-prefix channel; exclude at S06
ds004703,sub-SD018_ses-01_task-PassiveListen,C230,README unused C-prefix channel; exclude at S06
ds004703,sub-SD018_ses-01_task-PassiveListen,C231,README unused C-prefix channel; exclude at S06
ds004703,sub-SD018_ses-01_task-PassiveListen,C232,README unused C-prefix channel; exclude at S06
ds004703,sub-SD018_ses-01_task-PassiveListen,C233,README unused C-prefix channel; exclude at S06
ds004703,sub-SD018_ses-01_task-PassiveListen,C234,README unused C-prefix channel; exclude at S06
ds004703,sub-SD018_ses-01_task-PassiveListen,C235,README unused C-prefix channel; exclude at S06
ds004703,sub-SD018_ses-01_task-PassiveListen,C236,README unused C-prefix channel; exclude at S06
ds004703,sub-SD018_ses-01_task-PassiveListen,C237,README unused C-prefix channel; exclude at S06
ds004703,sub-SD018_ses-01_task-PassiveListen,C238,README unused C-prefix channel; exclude at S06
ds004703,sub-SD018_ses-01_task-PassiveListen,C239,README unused C-prefix channel; exclude at S06
ds004703,sub-SD018_ses-01_task-PassiveListen,C240,README unused C-prefix channel; exclude at S06
ds004703,sub-SD018_ses-01_task-PassiveListen,C241,README unused C-prefix channel; exclude at S06
ds004703,sub-SD018_ses-01_task-PassiveListen,C242,README unused C-prefix channel; exclude at S06
ds004703,sub-SD018_ses-01_task-PassiveListen,C243,README unused C-prefix channel; exclude at S06
ds004703,sub-SD018_ses-01_task-PassiveListen,C244,README unused C-prefix channel; exclude at S06
ds004703,sub-SD018_ses-01_task-PassiveListen,C245,README unused C-prefix channel; exclude at S06
ds004703,sub-SD018_ses-01_task-PassiveListen,C246,README unused C-prefix channel; exclude at S06
ds004703,sub-SD018_ses-01_task-PassiveListen,C247,README unused C-prefix channel; exclude at S06
ds004703,sub-SD018_ses-01_task-PassiveListen,C248,README unused C-prefix channel; exclude at S06
ds004703,sub-SD018_ses-01_task-PassiveListen,C249,README unused C-prefix channel; exclude at S06
ds004703,sub-SD018_ses-01_task-PassiveListen,C250,README unused C-prefix channel; exclude at S06
ds004703,sub-SD018_ses-01_task-PassiveListen,C251,README unused C-prefix channel; exclude at S06
ds004703,sub-SD018_ses-01_task-PassiveListen,C252,README unused C-prefix channel; exclude at S06
ds004703,sub-SD018_ses-01_task-PassiveListen,C253,README unused C-prefix channel; exclude at S06
ds004703,sub-SD018_ses-01_task-PassiveListen,C254,README unused C-prefix channel; exclude at S06
ds004703,sub-SD018_ses-01_task-PassiveListen,C255,README unused C-prefix channel; exclude at S06
ds004703,sub-SD018_ses-01_task-PassiveListen,C256,README unused C-prefix channel; exclude at S06
ds004703,sub-SD019_ses-01_task-PassiveListen,C63,README unused C-prefix channel; exclude at S06
ds004703,sub-SD019_ses-01_task-PassiveListen,C64,README unused C-prefix channel; exclude at S06
ds004703,sub-SD019_ses-01_task-PassiveListen,C189,README unused C-prefix channel; exclude at S06
ds004703,sub-SD019_ses-01_task-PassiveListen,C190,README unused C-prefix channel; exclude at S06
ds004703,sub-SD019_ses-01_task-PassiveListen,C191,README unused C-prefix channel; exclude at S06
ds004703,sub-SD019_ses-01_task-PassiveListen,C192,README unused C-prefix channel; exclude at S06
ds004703,sub-SD019_ses-01_task-PassiveListen,C3,README unused C-prefix channel; exclude at S06
ds004703,sub-SD019_ses-01_task-PassiveListen,C4,README unused C-prefix channel; exclude at S06
ds004703,sub-SD019_ses-01_task-PassiveListen,Cz,README unused C-prefix channel; exclude at S06
ds004703,sub-SD019_ses-01_task-PassiveListen,C256,README unused C-prefix channel; exclude at S06
ds004703,sub-SD021_ses-01_task-PassiveListen,C63,README unused C-prefix channel; exclude at S06
ds004703,sub-SD021_ses-01_task-PassiveListen,C64,README unused C-prefix channel; exclude at S06
ds004703,sub-SD021_ses-01_task-PassiveListen,C3,README unused C-prefix channel; exclude at S06
ds004703,sub-SD021_ses-01_task-PassiveListen,C4,README unused C-prefix channel; exclude at S06
ds004703,sub-SD021_ses-01_task-PassiveListen,Cz,README unused C-prefix channel; exclude at S06
ds004703,sub-SD021_ses-01_task-PassiveListen,C164,README unused C-prefix channel; exclude at S06
ds004703,sub-SD021_ses-01_task-PassiveListen,C165,README unused C-prefix channel; exclude at S06
ds004703,sub-SD021_ses-01_task-PassiveListen,C166,README unused C-prefix channel; exclude at S06
ds004703,sub-SD021_ses-01_task-PassiveListen,C167,README unused C-prefix channel; exclude at S06
ds004703,sub-SD021_ses-01_task-PassiveListen,C168,README unused C-prefix channel; exclude at S06
ds004703,sub-SD021_ses-01_task-PassiveListen,C169,README unused C-prefix channel; exclude at S06
ds004703,sub-SD021_ses-01_task-PassiveListen,C170,README unused C-prefix channel; exclude at S06
ds004703,sub-SD021_ses-01_task-PassiveListen,C171,README unused C-prefix channel; exclude at S06
ds004703,sub-SD021_ses-01_task-PassiveListen,C172,README unused C-prefix channel; exclude at S06
ds004703,sub-SD021_ses-01_task-PassiveListen,C173,README unused C-prefix channel; exclude at S06
ds004703,sub-SD021_ses-01_task-PassiveListen,C174,README unused C-prefix channel; exclude at S06
ds004703,sub-SD021_ses-01_task-PassiveListen,C175,README unused C-prefix channel; exclude at S06
ds004703,sub-SD021_ses-01_task-PassiveListen,C176,README unused C-prefix channel; exclude at S06
ds004703,sub-SD021_ses-01_task-PassiveListen,C177,README unused C-prefix channel; exclude at S06
ds004703,sub-SD021_ses-01_task-PassiveListen,C178,README unused C-prefix channel; exclude at S06
ds004703,sub-SD021_ses-01_task-PassiveListen,C179,README unused C-prefix channel; exclude at S06
ds004703,sub-SD021_ses-01_task-PassiveListen,C180,README unused C-prefix channel; exclude at S06
ds004703,sub-SD021_ses-01_task-PassiveListen,C181,README unused C-prefix channel; exclude at S06
ds004703,sub-SD021_ses-01_task-PassiveListen,C182,README unused C-prefix channel; exclude at S06
ds004703,sub-SD021_ses-01_task-PassiveListen,C183,README unused C-prefix channel; exclude at S06
ds004703,sub-SD021_ses-01_task-PassiveListen,C184,README unused C-prefix channel; exclude at S06
ds004703,sub-SD021_ses-01_task-PassiveListen,C185,README unused C-prefix channel; exclude at S06
ds004703,sub-SD021_ses-01_task-PassiveListen,C186,README unused C-prefix channel; exclude at S06
ds004703,sub-SD021_ses-01_task-PassiveListen,C187,README unused C-prefix channel; exclude at S06
ds004703,sub-SD021_ses-01_task-PassiveListen,C188,README unused C-prefix channel; exclude at S06
ds004703,sub-SD021_ses-01_task-PassiveListen,C189,README unused C-prefix channel; exclude at S06
ds004703,sub-SD021_ses-01_task-PassiveListen,C190,README unused C-prefix channel; exclude at S06
ds004703,sub-SD021_ses-01_task-PassiveListen,C191,README unused C-prefix channel; exclude at S06
ds004703,sub-SD021_ses-01_task-PassiveListen,C192,README unused C-prefix channel; exclude at S06
ds004703,sub-SD021_ses-01_task-PassiveListen,C193,README unused C-prefix channel; exclude at S06
ds004703,sub-SD021_ses-01_task-PassiveListen,C194,README unused C-prefix channel; exclude at S06
ds004703,sub-SD021_ses-01_task-PassiveListen,C195,README unused C-prefix channel; exclude at S06
ds004703,sub-SD021_ses-01_task-PassiveListen,C196,README unused C-prefix channel; exclude at S06
ds004703,sub-SD021_ses-01_task-PassiveListen,C197,README unused C-prefix channel; exclude at S06
ds004703,sub-SD021_ses-01_task-PassiveListen,C198,README unused C-prefix channel; exclude at S06
ds004703,sub-SD021_ses-01_task-PassiveListen,C199,README unused C-prefix channel; exclude at S06
ds004703,sub-SD021_ses-01_task-PassiveListen,C200,README unused C-prefix channel; exclude at S06
ds004703,sub-SD021_ses-01_task-PassiveListen,C201,README unused C-prefix channel; exclude at S06
ds004703,sub-SD021_ses-01_task-PassiveListen,C202,README unused C-prefix channel; exclude at S06
ds004703,sub-SD021_ses-01_task-PassiveListen,C203,README unused C-prefix channel; exclude at S06
ds004703,sub-SD021_ses-01_task-PassiveListen,C204,README unused C-prefix channel; exclude at S06
ds004703,sub-SD021_ses-01_task-PassiveListen,C205,README unused C-prefix channel; exclude at S06
ds004703,sub-SD021_ses-01_task-PassiveListen,C206,README unused C-prefix channel; exclude at S06
ds004703,sub-SD021_ses-01_task-PassiveListen,C207,README unused C-prefix channel; exclude at S06
ds004703,sub-SD021_ses-01_task-PassiveListen,C208,README unused C-prefix channel; exclude at S06
ds004703,sub-SD021_ses-01_task-PassiveListen,C209,README unused C-prefix channel; exclude at S06
ds004703,sub-SD021_ses-01_task-PassiveListen,C210,README unused C-prefix channel; exclude at S06
ds004703,sub-SD021_ses-01_task-PassiveListen,C211,README unused C-prefix channel; exclude at S06
ds004703,sub-SD021_ses-01_task-PassiveListen,C212,README unused C-prefix channel; exclude at S06
ds004703,sub-SD021_ses-01_task-PassiveListen,C213,README unused C-prefix channel; exclude at S06
ds004703,sub-SD021_ses-01_task-PassiveListen,C214,README unused C-prefix channel; exclude at S06
ds004703,sub-SD021_ses-01_task-PassiveListen,C215,README unused C-prefix channel; exclude at S06
ds004703,sub-SD021_ses-01_task-PassiveListen,C216,README unused C-prefix channel; exclude at S06
ds004703,sub-SD021_ses-01_task-PassiveListen,C217,README unused C-prefix channel; exclude at S06
ds004703,sub-SD021_ses-01_task-PassiveListen,C218,README unused C-prefix channel; exclude at S06
ds004703,sub-SD021_ses-01_task-PassiveListen,C219,README unused C-prefix channel; exclude at S06
ds004703,sub-SD021_ses-01_task-PassiveListen,C220,README unused C-prefix channel; exclude at S06
ds004703,sub-SD021_ses-01_task-PassiveListen,C221,README unused C-prefix channel; exclude at S06
ds004703,sub-SD021_ses-01_task-PassiveListen,C222,README unused C-prefix channel; exclude at S06
ds004703,sub-SD021_ses-01_task-PassiveListen,C223,README unused C-prefix channel; exclude at S06
ds004703,sub-SD021_ses-01_task-PassiveListen,C224,README unused C-prefix channel; exclude at S06
ds004703,sub-SD021_ses-01_task-PassiveListen,C225,README unused C-prefix channel; exclude at S06
ds004703,sub-SD021_ses-01_task-PassiveListen,C226,README unused C-prefix channel; exclude at S06
ds004703,sub-SD021_ses-01_task-PassiveListen,C227,README unused C-prefix channel; exclude at S06
ds004703,sub-SD021_ses-01_task-PassiveListen,C228,README unused C-prefix channel; exclude at S06
ds004703,sub-SD021_ses-01_task-PassiveListen,C229,README unused C-prefix channel; exclude at S06
ds004703,sub-SD021_ses-01_task-PassiveListen,C230,README unused C-prefix channel; exclude at S06
ds004703,sub-SD021_ses-01_task-PassiveListen,C231,README unused C-prefix channel; exclude at S06
ds004703,sub-SD021_ses-01_task-PassiveListen,C232,README unused C-prefix channel; exclude at S06
ds004703,sub-SD021_ses-01_task-PassiveListen,C233,README unused C-prefix channel; exclude at S06
ds004703,sub-SD021_ses-01_task-PassiveListen,C234,README unused C-prefix channel; exclude at S06
ds004703,sub-SD021_ses-01_task-PassiveListen,C235,README unused C-prefix channel; exclude at S06
ds004703,sub-SD021_ses-01_task-PassiveListen,C236,README unused C-prefix channel; exclude at S06
ds004703,sub-SD021_ses-01_task-PassiveListen,C237,README unused C-prefix channel; exclude at S06
ds004703,sub-SD021_ses-01_task-PassiveListen,C238,README unused C-prefix channel; exclude at S06
ds004703,sub-SD021_ses-01_task-PassiveListen,C239,README unused C-prefix channel; exclude at S06
ds004703,sub-SD021_ses-01_task-PassiveListen,C240,README unused C-prefix channel; exclude at S06
ds004703,sub-SD021_ses-01_task-PassiveListen,C241,README unused C-prefix channel; exclude at S06
ds004703,sub-SD021_ses-01_task-PassiveListen,C242,README unused C-prefix channel; exclude at S06
ds004703,sub-SD021_ses-01_task-PassiveListen,C243,README unused C-prefix channel; exclude at S06
ds004703,sub-SD021_ses-01_task-PassiveListen,C244,README unused C-prefix channel; exclude at S06
ds004703,sub-SD021_ses-01_task-PassiveListen,C245,README unused C-prefix channel; exclude at S06
ds004703,sub-SD021_ses-01_task-PassiveListen,C246,README unused C-prefix channel; exclude at S06
ds004703,sub-SD021_ses-01_task-PassiveListen,C247,README unused C-prefix channel; exclude at S06
ds004703,sub-SD021_ses-01_task-PassiveListen,C248,README unused C-prefix channel; exclude at S06
ds004703,sub-SD021_ses-01_task-PassiveListen,C249,README unused C-prefix channel; exclude at S06
ds004703,sub-SD021_ses-01_task-PassiveListen,C250,README unused C-prefix channel; exclude at S06
ds004703,sub-SD021_ses-01_task-PassiveListen,C251,README unused C-prefix channel; exclude at S06
ds004703,sub-SD021_ses-01_task-PassiveListen,C252,README unused C-prefix channel; exclude at S06
ds004703,sub-SD021_ses-01_task-PassiveListen,C253,README unused C-prefix channel; exclude at S06
ds004703,sub-SD021_ses-01_task-PassiveListen,C254,README unused C-prefix channel; exclude at S06
ds004703,sub-SD021_ses-01_task-PassiveListen,C255,README unused C-prefix channel; exclude at S06
ds004703,sub-SD021_ses-01_task-PassiveListen,C256,README unused C-prefix channel; exclude at S06
ds004703,sub-SD022_ses-01_task-PassiveListen,C63,README unused C-prefix channel; exclude at S06
ds004703,sub-SD022_ses-01_task-PassiveListen,C64,README unused C-prefix channel; exclude at S06
ds004703,sub-SD022_ses-01_task-PassiveListen,C3,README unused C-prefix channel; exclude at S06
ds004703,sub-SD022_ses-01_task-PassiveListen,Cz,README unused C-prefix channel; exclude at S06
ds004703,sub-SD022_ses-01_task-PassiveListen,C4,README unused C-prefix channel; exclude at S06
ds004703,sub-SD022_ses-01_task-PassiveListen,C190,README unused C-prefix channel; exclude at S06
ds004703,sub-SD022_ses-01_task-PassiveListen,C191,README unused C-prefix channel; exclude at S06
ds004703,sub-SD022_ses-01_task-PassiveListen,C192,README unused C-prefix channel; exclude at S06
ds004703,sub-SD022_ses-01_task-PassiveListen,C201,README unused C-prefix channel; exclude at S06
ds004703,sub-SD022_ses-01_task-PassiveListen,C202,README unused C-prefix channel; exclude at S06
ds004703,sub-SD022_ses-01_task-PassiveListen,C203,README unused C-prefix channel; exclude at S06
ds004703,sub-SD022_ses-01_task-PassiveListen,C204,README unused C-prefix channel; exclude at S06
ds004703,sub-SD022_ses-01_task-PassiveListen,C205,README unused C-prefix channel; exclude at S06
ds004703,sub-SD022_ses-01_task-PassiveListen,C206,README unused C-prefix channel; exclude at S06
ds004703,sub-SD022_ses-01_task-PassiveListen,C207,README unused C-prefix channel; exclude at S06
ds004703,sub-SD022_ses-01_task-PassiveListen,C208,README unused C-prefix channel; exclude at S06
ds004703,sub-SD022_ses-01_task-PassiveListen,C209,README unused C-prefix channel; exclude at S06
ds004703,sub-SD022_ses-01_task-PassiveListen,C210,README unused C-prefix channel; exclude at S06
ds004703,sub-SD022_ses-01_task-PassiveListen,C211,README unused C-prefix channel; exclude at S06
ds004703,sub-SD022_ses-01_task-PassiveListen,C212,README unused C-prefix channel; exclude at S06
ds004703,sub-SD022_ses-01_task-PassiveListen,C213,README unused C-prefix channel; exclude at S06
ds004703,sub-SD022_ses-01_task-PassiveListen,C214,README unused C-prefix channel; exclude at S06
ds004703,sub-SD022_ses-01_task-PassiveListen,C215,README unused C-prefix channel; exclude at S06
ds004703,sub-SD022_ses-01_task-PassiveListen,C216,README unused C-prefix channel; exclude at S06
ds004703,sub-SD022_ses-01_task-PassiveListen,C217,README unused C-prefix channel; exclude at S06
ds004703,sub-SD022_ses-01_task-PassiveListen,C218,README unused C-prefix channel; exclude at S06
ds004703,sub-SD022_ses-01_task-PassiveListen,C219,README unused C-prefix channel; exclude at S06
ds004703,sub-SD022_ses-01_task-PassiveListen,C220,README unused C-prefix channel; exclude at S06
ds004703,sub-SD022_ses-01_task-PassiveListen,C221,README unused C-prefix channel; exclude at S06
ds004703,sub-SD022_ses-01_task-PassiveListen,C222,README unused C-prefix channel; exclude at S06
ds004703,sub-SD022_ses-01_task-PassiveListen,C223,README unused C-prefix channel; exclude at S06
ds004703,sub-SD022_ses-01_task-PassiveListen,C224,README unused C-prefix channel; exclude at S06
ds004703,sub-SD022_ses-01_task-PassiveListen,C225,README unused C-prefix channel; exclude at S06
ds004703,sub-SD022_ses-01_task-PassiveListen,C226,README unused C-prefix channel; exclude at S06
ds004703,sub-SD022_ses-01_task-PassiveListen,C227,README unused C-prefix channel; exclude at S06
ds004703,sub-SD022_ses-01_task-PassiveListen,C228,README unused C-prefix channel; exclude at S06
ds004703,sub-SD022_ses-01_task-PassiveListen,C229,README unused C-prefix channel; exclude at S06
ds004703,sub-SD022_ses-01_task-PassiveListen,C230,README unused C-prefix channel; exclude at S06
ds004703,sub-SD022_ses-01_task-PassiveListen,C231,README unused C-prefix channel; exclude at S06
ds004703,sub-SD022_ses-01_task-PassiveListen,C232,README unused C-prefix channel; exclude at S06
ds004703,sub-SD022_ses-01_task-PassiveListen,C233,README unused C-prefix channel; exclude at S06
ds004703,sub-SD022_ses-01_task-PassiveListen,C234,README unused C-prefix channel; exclude at S06
ds004703,sub-SD022_ses-01_task-PassiveListen,C235,README unused C-prefix channel; exclude at S06
ds004703,sub-SD022_ses-01_task-PassiveListen,C236,README unused C-prefix channel; exclude at S06
ds004703,sub-SD022_ses-01_task-PassiveListen,C237,README unused C-prefix channel; exclude at S06
ds004703,sub-SD022_ses-01_task-PassiveListen,C238,README unused C-prefix channel; exclude at S06
ds004703,sub-SD022_ses-01_task-PassiveListen,C239,README unused C-prefix channel; exclude at S06
ds004703,sub-SD022_ses-01_task-PassiveListen,C240,README unused C-prefix channel; exclude at S06
ds004703,sub-SD022_ses-01_task-PassiveListen,C241,README unused C-prefix channel; exclude at S06
ds004703,sub-SD022_ses-01_task-PassiveListen,C242,README unused C-prefix channel; exclude at S06
ds004703,sub-SD022_ses-01_task-PassiveListen,C243,README unused C-prefix channel; exclude at S06
ds004703,sub-SD022_ses-01_task-PassiveListen,C244,README unused C-prefix channel; exclude at S06
ds004703,sub-SD022_ses-01_task-PassiveListen,C245,README unused C-prefix channel; exclude at S06
ds004703,sub-SD022_ses-01_task-PassiveListen,C246,README unused C-prefix channel; exclude at S06
ds004703,sub-SD022_ses-01_task-PassiveListen,C247,README unused C-prefix channel; exclude at S06
ds004703,sub-SD022_ses-01_task-PassiveListen,C248,README unused C-prefix channel; exclude at S06
ds004703,sub-SD022_ses-01_task-PassiveListen,C249,README unused C-prefix channel; exclude at S06
ds004703,sub-SD022_ses-01_task-PassiveListen,C250,README unused C-prefix channel; exclude at S06
ds004703,sub-SD022_ses-01_task-PassiveListen,C251,README unused C-prefix channel; exclude at S06
ds004703,sub-SD022_ses-01_task-PassiveListen,C252,README unused C-prefix channel; exclude at S06
ds004703,sub-SD022_ses-01_task-PassiveListen,C253,README unused C-prefix channel; exclude at S06
ds004703,sub-SD022_ses-01_task-PassiveListen,C254,README unused C-prefix channel; exclude at S06
ds004703,sub-SD022_ses-01_task-PassiveListen,C255,README unused C-prefix channel; exclude at S06
ds004703,sub-SD022_ses-01_task-PassiveListen,C256,README unused C-prefix channel; exclude at S06
